Date,NVDA,MSFT,AAPL,GOOGL,META,TSLA,AVGO,ORCL,WMT,COST,PG,KO,JPM,V,MA,BRK-B,LLY,JNJ,UNH,ABBV
2015-12-08,0.8186150193214417,48.850318908691406,26.657201766967773,38.491519927978516,105.83753967285156,15.114666938781738,11.283954620361328,33.295005798339844,16.594696044921875,142.09463500976562,59.056278228759766,31.410184860229492,50.32807540893555,73.71955108642578,92.45204162597656,133.36000061035156,72.78170013427734,77.64431762695312,99.3878173828125,37.390716552734375
2015-12-09,0.7978811860084534,48.14106750488281,26.0687198638916,37.866329193115234,103.95912170410156,14.968000411987305,11.121315002441406,33.166053771972656,16.4610652923584,134.39544677734375,59.01830291748047,31.15459442138672,49.94657516479492,72.61005401611328,92.11305236816406,131.7100067138672,70.63385772705078,77.43964385986328,98.67593383789062,36.968441009521484
2015-12-10,0.8044673204421997,48.39500045776367,26.19272804260254,37.74169158935547,104.77409362792969,15.137999534606934,11.249592781066895,32.83078384399414,16.580772399902344,136.19607543945312,59.086666107177734,31.227615356445312,50.061031341552734,72.83380126953125,91.91529083251953,131.7100067138672,71.51824951171875,77.81111145019531,99.67088317871094,36.803489685058594
2015-12-11,0.7925150394439697,47.33550262451172,25.518577575683594,37.26398468017578,101.49432373046875,14.468000411987305,11.027400970458984,31.988304138183594,16.525104522705078,134.64791870117188,59.079071044921875,30.869775772094727,48.885986328125,70.95983123779297,89.29750061035156,130.30999755859375,70.15374755859375,77.08333587646484,99.47360229492188,35.65543746948242
2015-12-14,0.7944662570953369,48.28116989135742,25.36075210571289,37.8658332824707,104.01874542236328,14.571999549865723,10.881555557250977,32.3665657043457,16.81183433532715,136.1793212890625,59.46644592285156,31.00124168395996,49.038604736328125,71.66841125488281,90.68175506591797,132.02000427246094,71.32453918457031,77.43964385986328,99.36209869384766,36.579158782958984
2015-12-15,0.8042234182357788,48.333702087402344,24.912065505981445,37.74417495727539,103.90943145751953,14.739333152770996,10.939586639404297,32.84797668457031,16.603044509887695,135.71649169921875,60.52224349975586,31.454008102416992,50.434906005859375,73.30000305175781,92.68745422363281,134.8800048828125,72.03206634521484,78.94065856933594,100.87161254882812,37.20595932006836
2015-12-16,0.8091017007827759,49.148014068603516,25.103710174560547,38.56352233886719,106.13571166992188,15.633999824523926,11.020008087158203,33.449745178222656,16.78677749633789,136.95347595214844,61.517269134521484,32.01634216308594,51.52600860595703,74.45608520507812,94.20355987548828,135.8800048828125,72.68062591552734,79.78974151611328,101.9179916381836,38.02412796020508
2015-12-17,0.796905517578125,48.77149963378906,24.571603775024414,38.227840423583984,105.56919860839844,15.559332847595215,10.759598731994629,31.747608184814453,16.419307708740234,135.20323181152344,60.98556900024414,31.760730743408203,50.57223892211914,73.3652572631836,93.53495788574219,133.97000122070312,72.62166595458984,78.5691909790039,102.2524642944336,37.199371337890625
2015-12-18,0.7839776873588562,47.39680480957031,23.906471252441406,37.583282470703125,103.4025650024414,15.36400032043457,10.738151550292969,31.248992919921875,16.38311767578125,132.69573974609375,59.34492492675781,31.037736892700195,49.13779830932617,71.15560913085938,90.67231750488281,129.52999877929688,71.40035247802734,77.28800964355469,99.33637237548828,36.77710723876953
2015-12-21,0.802515983581543,48.00973129272461,24.1995792388916,37.7794303894043,104.1280746459961,15.503999710083008,11.167065620422363,31.309165954589844,16.577993392944336,134.11773681640625,59.967777252197266,31.24222183227539,50.007606506347656,71.94810485839844,91.37854766845703,131.19000244140625,72.47004699707031,77.00753021240234,100.7000732421875,37.08060073852539
2015-12-22,0.8032475709915161,48.46504592895508,24.17703628540039,38.09375762939453,104.86355590820312,15.329999923706055,11.113450050354004,31.455305099487305,16.85359764099121,135.6659698486328,60.46146774291992,31.61467170715332,50.11444091796875,72.1438980102539,91.84939575195312,133.13999938964844,72.36054992675781,77.86416625976562,100.72581481933594,37.99771499633789
2015-12-23,0.8064184784889221,48.87657928466797,24.488182067871094,38.162288665771484,103.98893737792969,15.313332557678223,11.221447944641113,31.747608184814453,17.006704330444336,136.0699462890625,60.704551696777344,31.89219093322754,50.91559600830078,73.24404907226562,92.96996307373047,134.14999389648438,72.60482025146484,78.45550537109375,101.79792785644531,38.65092849731445
2015-12-24,0.8091017007827759,48.7452392578125,24.357412338256836,38.029701232910156,104.37654113769531,15.371333122253418,11.206892967224121,31.816377639770508,16.934329986572266,136.10357666015625,60.60581970214844,31.797252655029297,50.81639099121094,72.96435546875,92.8381118774414,133.88999938964844,72.30999755859375,78.62985229492188,101.49769592285156,38.571754455566406
2015-12-28,0.8083702325820923,48.99040985107422,24.084592819213867,38.84408950805664,105.28097534179688,15.263333320617676,11.209189414978027,31.62724494934082,16.91205406188965,135.60711669921875,60.704551696777344,31.760730743408203,50.64854049682617,73.21607208251953,92.78163146972656,133.1199951171875,72.00675964355469,78.25080108642578,101.48912811279297,38.763099670410156
2015-12-29,0.8215420842170715,49.51577377319336,24.51749038696289,39.42607879638672,106.60282135009766,15.812666893005371,11.330972671508789,31.842166900634766,17.151472091674805,136.8692626953125,61.03874206542969,31.921405792236328,51.175018310546875,73.8500747680664,93.9021987915039,134.13999938964844,72.64691925048828,78.8648681640625,102.76708984375,39.224945068359375
2015-12-30,0.8144680857658386,49.30564498901367,24.197322845458984,39.244327545166016,105.56919860839844,15.87266731262207,11.287313461303711,31.739011764526367,17.170949935913086,136.91131591796875,60.81847381591797,31.81915283203125,50.80876159667969,73.04827880859375,93.10179138183594,133.25999450683594,72.60482025146484,78.67535400390625,101.99518585205078,39.455875396728516
2015-12-31,0.8039793372154236,48.578880310058594,23.73286247253418,38.634033203125,104.01874542236328,16.000667572021484,11.117278099060059,31.40374183654785,17.06517219543457,135.89321899414062,60.317161560058594,31.37368392944336,50.3814811706543,72.30241394042969,91.67988586425781,132.0399932861328,70.97077178955078,77.87178802490234,100.89735412597656,39.08638381958008
2016-01-04,0.789587676525116,47.983455657958984,23.753150939941406,37.71189880371094,101.59370422363281,14.894000053405762,10.8974609375,30.85990333557129,17.109710693359375,134.2439727783203,59.5272216796875,30.96471405029297,48.868282318115234,70.57759857177734,89.27865600585938,130.75,69.80001831054688,76.17362976074219,99.88529968261719,38.01092529296875
2016-01-05,0.802271842956543,48.202362060546875,23.15791893005371,37.8156852722168,102.10059356689453,14.895333290100098,10.53288745880127,30.76495361328125,17.516159057617188,134.5720977783203,59.717105865478516,31.074256896972656,48.9527702331543,71.1090087890625,89.44817352294922,131.25,70.84442138671875,76.4920425415039,100.07398986816406,37.852569580078125
2016-01-06,0.7690980434417725,47.32675552368164,22.704721450805664,37.7064323425293,102.33910369873047,14.602666854858398,10.208904266357422,30.920324325561523,17.691545486450195,133.32681274414062,59.13982391357422,30.906280517578125,48.24609375,70.17668914794922,88.08002471923828,131.3300018310547,70.39801788330078,76.10540008544922,99.0533447265625,37.85917282104492
2016-01-07,0.7386072874069214,45.68060302734375,21.746477127075195,36.79621887207031,97.32005310058594,14.376667022705078,9.884156227111816,30.247020721435547,18.103557586669922,130.27235412597656,58.62333297729492,30.395071029663086,46.29505157470703,68.79682159423828,86.466552734375,129.47999572753906,68.5702896118164,75.21843719482422,96.13719940185547,37.747005462646484
2016-01-08,0.7227520942687988,45.820709228515625,21.861469268798828,36.295169830322266,96.73367309570312,14.066666603088379,9.819049835205078,29.91037368774414,17.68876075744629,127.99202728271484,57.70425033569336,30.314739227294922,45.25807571411133,67.94839477539062,84.81535339355469,128.3300018310547,68.43550872802734,74.41480255126953,94.4819107055664,36.717716217041016
2016-01-11,0.7239718437194824,45.79444122314453,22.215450286865234,36.40243148803711,96.91256713867188,13.856666564941406,9.806794166564941,30.160701751708984,17.87806510925293,130.188232421875,58.23595428466797,30.36585807800293,45.188941955566406,68.91799926757812,85.46637725830078,128.36000061035156,67.61006927490234,73.96757507324219,93.98442840576172,35.54987716674805
2016-01-12,0.7361680269241333,46.2147102355957,22.537878036499023,37.011722564697266,98.76116943359375,13.998000144958496,9.950789451599121,30.531875610351562,17.711029052734375,131.31573486328125,58.11442184448242,30.760234832763672,45.288814544677734,69.70120239257812,86.27783203125,128.8000030517578,67.71956634521484,74.47549438476562,96.28302764892578,36.183284759521484
2016-01-13,0.713726818561554,45.21652603149414,21.95841407775879,35.732051849365234,94.8552474975586,13.354000091552734,9.444518089294434,29.418338775634766,17.237775802612305,128.00042724609375,57.613121032714844,30.56304931640625,44.044437408447266,68.15353393554688,84.15486907958984,126.25,66.79305267333984,73.55059814453125,93.68426513671875,34.12309646606445
2016-01-14,0.6993352174758911,46.503665924072266,22.438671112060547,36.31900405883789,97.76728820800781,13.745332717895508,9.588510513305664,30.031219482421875,17.555131912231445,128.8923797607422,57.84096145629883,30.584951400756836,44.70503234863281,68.80614471435547,85.58905029296875,128.07000732421875,69.52206420898438,74.96825408935547,94.99651336669922,36.37664031982422
2016-01-15,0.6612828969955444,44.64738464355469,21.899803161621094,35.28116226196289,94.38813018798828,13.666000366210938,9.188701629638672,29.45287322998047,17.240554809570312,126.54475402832031,56.95231628417969,30.307435989379883,43.81399917602539,66.96945190429688,83.70197296142578,126.13999938964844,68.42707824707031,73.53543853759766,93.7186050415039,38.23013687133789
2016-01-19,0.6666490435600281,44.2708740234375,21.79383087158203,35.70771789550781,94.67634582519531,13.64799976348877,9.196359634399414,29.824045181274414,17.415939331054688,126.61207580566406,58.28152847290039,30.61415672302246,43.790950775146484,66.55924224853516,81.3525390625,127.76000213623047,70.10322570800781,73.91448974609375,96.55750274658203,36.6633186340332
2016-01-20,0.670307993888855,44.47225570678711,21.82314109802246,35.6818962097168,93.77191925048828,13.24666690826416,9.484343528747559,29.297487258911133,16.937114715576172,125.22368621826172,58.09994125366211,30.219806671142578,42.638763427734375,65.89729309082031,80.3240737915039,124.83000183105469,69.58943176269531,72.58782196044922,98.45297241210938,38.10346603393555
2016-01-21,0.6781136989593506,44.200836181640625,21.712657928466797,36.084625244140625,93.58309173583984,13.33133316040039,9.537958145141602,29.45287322998047,17.226634979248047,126.53633880615234,58.7818489074707,30.227102279663086,42.43906784057617,66.71774291992188,81.25816345214844,125.62000274658203,68.56184387207031,72.73185729980469,97.3465805053711,38.91020202636719
2016-01-22,0.6939689517021179,45.785682678222656,22.86705780029297,37.01768493652344,97.33993530273438,13.50333309173584,9.536428451538086,30.039854049682617,17.452133178710938,129.32156372070312,59.27220153808594,30.716413497924805,43.74488067626953,67.78055572509766,83.03203582763672,127.04000091552734,69.47151947021484,73.34593200683594,98.05845642089844,39.22355270385742
2016-01-25,0.6932370066642761,45.347869873046875,22.420635223388672,36.42974090576172,96.4156265258789,13.092000007629395,9.534894943237305,29.64276695251465,17.6637020111084,126.87291717529297,58.88144302368164,30.789432525634766,42.753990173339844,66.88555145263672,81.87147521972656,124.12999725341797,68.82295227050781,73.08058166503906,97.24364471435547,39.103546142578125
2016-01-26,0.7000669836997986,45.68060302734375,22.54463768005371,36.43818664550781,96.74359893798828,12.904000282287598,9.527237892150879,30.411033630371094,17.816816329956055,124.95439147949219,60.383174896240234,30.73101234436035,43.84473419189453,67.01608276367188,82.08849334716797,125.88999938964844,69.03352355957031,76.70429229736328,97.7410888671875,38.8435173034668
2016-01-27,0.6917735934257507,44.84877014160156,21.06330680847168,35.63323974609375,93.8713150024414,12.538000106811523,9.370989799499512,30.134809494018555,17.802898406982422,124.30651092529297,60.375545501708984,30.73831558227539,43.81399917602539,66.1117172241211,80.02212524414062,125.19000244140625,68.86503601074219,77.4472427368164,96.34307098388672,38.0767822265625
2016-01-28,0.684211790561676,45.58428955078125,21.214370727539062,37.15871047973633,108.44148254394531,12.646666526794434,9.678886413574219,30.49735450744629,17.87806510925293,125.87159729003906,61.15701675415039,31.08885383605957,43.998355865478516,64.63862609863281,78.72003936767578,126.01000213623047,64.69576263427734,77.53063201904297,95.52826690673828,37.236698150634766
2016-01-29,0.7144586443901062,48.23738098144531,21.9471492767334,37.80674362182617,111.52249145507812,12.74666690826416,10.241068840026855,31.343313217163086,18.47380828857422,127.15898895263672,62.58979797363281,31.344465255737305,45.703609466552734,69.449462890625,84.0038833618164,129.77000427246094,66.62459564208984,79.17568969726562,98.77031707763672,36.60332107543945
2016-02-01,0.7147027850151062,47.90464401245117,21.74197006225586,38.2745246887207,114.38483428955078,13.129332542419434,10.54513931274414,31.351938247680664,18.79117202758789,127.26840209960938,62.15304183959961,31.40288543701172,45.21199417114258,69.3469009399414,83.62647247314453,128.66000366210938,66.03497314453125,79.12262725830078,99.39641571044922,36.26329040527344
2016-02-02,0.6844555735588074,46.40735626220703,21.302303314208984,38.77804946899414,113.90779113769531,12.185333251953125,10.205074310302734,30.51461410522461,18.613008499145508,124.95439147949219,61.463497161865234,30.99390983581543,43.80630874633789,68.4332275390625,81.07889556884766,125.69999694824219,64.26618957519531,78.39486694335938,97.67244720458984,35.969932556152344
2016-02-03,0.6878706216812134,45.671852111816406,21.72393035888672,37.21234130859375,111.99956512451172,11.565333366394043,10.061077117919922,30.808120727539062,18.44875717163086,123.4398193359375,62.13774490356445,31.198408126831055,44.09819412231445,69.3469009399414,81.58840942382812,126.23999786376953,64.08931732177734,78.94825744628906,96.70329284667969,37.896759033203125
2016-02-04,0.6881145238876343,45.5317497253418,21.89848518371582,36.251468658447266,109.81304931640625,11.688667297363281,10.425657272338867,31.464155197143555,18.49051284790039,120.56208801269531,61.83124923706055,31.059648513793945,44.85866165161133,68.69426727294922,81.45632934570312,127.44000244140625,62.56481170654297,78.76631164550781,97.9469223022461,37.84343338012695
2016-02-05,0.6446956992149353,43.92061996459961,21.313615798950195,34.94696807861328,103.43236541748047,10.84000015258789,9.831303596496582,30.81675148010254,18.651979446411133,121.15955352783203,62.21436309814453,30.99390983581543,44.359371185302734,66.6990737915039,78.08788299560547,126.55999755859375,62.598472595214844,76.2191162109375,95.81989288330078,35.41655349731445
2016-02-08,0.6151807308197021,43.26390838623047,21.538047790527344,34.966827392578125,99.13883972167969,9.866000175476074,9.333457946777344,30.73906135559082,18.624135971069336,123.70911407470703,63.30235290527344,31.147287368774414,43.429931640625,63.18416976928711,76.09697723388672,126.77999877929688,62.48897933959961,77.32594299316406,94.36182403564453,35.26319885253906
2016-02-09,0.6217668056488037,43.150089263916016,21.53351593017578,34.8109016418457,98.93013763427734,9.883333206176758,9.16878604888916,30.28155517578125,18.320688247680664,124.48326110839844,63.31767272949219,31.621986389160156,43.16876983642578,63.706302642822266,77.34245300292969,127.72000122070312,62.109962463378906,77.30318450927734,95.339599609375,35.65655517578125
2016-02-10,0.6203030943870544,43.52659225463867,21.370290756225586,35.100406646728516,100.38117980957031,9.57800006866455,9.129725456237793,30.3851318359375,18.315128326416016,124.91355895996094,62.53616714477539,31.074256896972656,42.646446228027344,65.40314483642578,78.60679626464844,126.58000183105469,61.9742431640625,77.1212387084961,96.69474029541016,35.14985275268555
2016-02-11,0.6171323657035828,43.50908660888672,21.24107551574707,35.076080322265625,101.28560638427734,10.031332969665527,8.908376693725586,30.07438087463379,18.184288024902344,123.73234558105469,61.21830749511719,30.972007751464844,40.7645263671875,63.836814880371094,77.47457122802734,125.08999633789062,60.57481002807617,77.09847259521484,94.8764419555664,34.7898063659668
2016-02-12,0.6276211142539978,44.21833419799805,21.306819915771484,35.102394104003906,101.3849868774414,10.06933307647705,9.318142890930176,30.67863655090332,18.42369842529297,125.4197006225586,62.05345916748047,31.48322296142578,44.15966796875,65.65486145019531,80.09764099121094,128.07000732421875,60.44758224487305,77.18946075439453,95.9056396484375,35.05649948120117
2016-02-16,0.6583556532859802,45.05613327026367,21.907554626464844,35.63621139526367,100.98743438720703,10.344667434692383,9.668931007385254,30.81675148010254,18.345752716064453,125.80784606933594,62.421234130859375,31.665802001953125,44.820247650146484,66.28887176513672,81.31478881835938,128.55999755859375,62.19477844238281,77.56851959228516,98.76173400878906,35.67655944824219
2016-02-17,0.6746987104415894,46.22905349731445,22.243059158325195,36.347801208496094,104.5554428100586,11.245332717895508,10.008999824523926,31.619529724121094,18.404218673706055,127.32662200927734,63.1721076965332,31.760730743408203,45.14285659790039,67.28839874267578,82.28665924072266,130.25999450683594,63.33977127075195,77.70497131347656,101.46341705322266,36.676666259765625
2016-02-18,0.7327530384063721,46.02622985839844,21.821413040161133,35.6297607421875,102.83605194091797,11.118000030517578,9.732503890991211,31.619529724121094,17.850221633911133,125.4197006225586,62.811988830566406,31.84838104248047,44.40546417236328,66.55042266845703,81.18267059326172,130.86000061035156,62.31351852416992,79.02407836914062,100.73438262939453,36.36996841430664
2016-02-19,0.7425099611282349,45.69990921020508,21.77153205871582,35.85818099975586,103.92930603027344,11.10533332824707,9.855047225952148,31.749004364013672,18.000551223754883,125.46192932128906,62.666404724121094,31.965219497680664,44.41313552856445,66.8213119506836,81.89037322998047,131.0500030517578,61.58409118652344,79.53567504882812,100.9316635131836,36.196617126464844
2016-02-22,0.7688539028167725,46.4318962097168,21.961956024169922,36.20280456542969,106.5034408569336,11.849332809448242,10.005935668945312,32.03386688232422,18.270597457885742,126.60942840576172,62.926883697509766,32.0893669128418,44.989234924316406,68.25059509277344,82.86222076416016,131.99000549316406,61.92335510253906,79.9862060546875,104.01072692871094,36.8566780090332
2016-02-23,0.7708054184913635,45.13551330566406,21.46550178527832,35.61882781982422,104.81385040283203,11.814000129699707,9.815987586975098,31.550464630126953,18.507221221923828,126.86253356933594,62.68172073364258,31.90679168701172,43.10731506347656,67.4005126953125,81.34307861328125,130.74000549316406,62.31351852416992,79.47462463378906,103.90782165527344,36.71665573120117
2016-02-24,0.776171863079071,45.294254302978516,21.78513526916504,35.798091888427734,106.22515869140625,11.933333396911621,9.982955932617188,31.619529724121094,18.68538475036621,129.823974609375,62.490169525146484,32.06745529174805,43.1226806640625,67.12027740478516,81.54124450683594,131.02999877929688,62.847862243652344,80.14657592773438,103.09300231933594,36.59665298461914
2016-02-25,0.7778794169425964,45.94684600830078,21.934755325317383,36.20628356933594,107.40786743164062,12.495332717895508,10.146098136901855,32.18925857543945,18.941503524780273,130.54116821289062,63.08779525756836,32.25002670288086,43.790950775146484,68.44679260253906,82.48479461669922,132.30999755859375,63.45851516723633,81.2308349609375,103.95069885253906,37.470062255859375
2016-02-26,0.7727569341659546,45.24132537841797,21.968759536743164,35.99474334716797,107.25877380371094,12.689332962036133,10.19511604309082,31.904388427734375,18.515565872192383,126.28875732421875,62.13774490356445,31.505126953125,44.19807052612305,67.94232177734375,82.62633514404297,131.9199981689453,62.42378234863281,80.77269744873047,104.06218719482422,37.33671569824219
2016-02-29,0.7677381634712219,44.87094497680664,21.91888999938965,35.6153564453125,106.26490020751953,12.795332908630371,10.260986328125,31.749004364013672,18.468242645263672,126.58406066894531,61.51713562011719,31.497817993164062,43.2455940246582,67.6247329711914,82.01299285888672,134.1699981689453,61.06672286987305,80.33744812011719,102.1495361328125,36.40997314453125
2016-03-01,0.8017674684524536,46.37016296386719,22.789384841918945,36.85430908203125,109.14714813232422,12.423333168029785,10.602585792541504,32.79351043701172,18.50164794921875,126.99752044677734,62.23736572265625,31.90679168701172,45.47315979003906,69.72659301757812,85.01350402832031,136.94000244140625,61.694358825683594,81.87227630615234,104.35379028320312,37.56340408325195
2016-03-02,0.8064188361167908,46.69646072387695,22.839256286621094,36.720733642578125,109.2763442993164,12.555999755859375,10.49075698852539,32.5949592590332,18.432048797607422,128.91278076171875,63.24872589111328,31.965219497680664,45.90331268310547,69.40898895263672,84.81535339355469,136.72999572753906,62.77997970581055,81.73482513427734,104.01072692871094,37.136714935302734
2016-03-03,0.799319326877594,46.16733169555664,23.0092716217041,36.32893753051758,108.90861511230469,13.049332618713379,10.51833438873291,32.70719528198242,18.412565231323242,127.90876007080078,63.47089385986328,32.10396957397461,46.05693054199219,69.04464721679688,84.67378997802734,136.83999633789062,62.12691116333008,81.43701934814453,104.48246002197266,37.29004669189453
2016-03-04,0.7968712449073792,45.88510513305664,23.35158348083496,36.26089859008789,107.72590637207031,13.402667045593262,11.18697738647461,32.70719528198242,18.590736389160156,127.31815338134766,63.96890640258789,32.21352005004883,46.12606430053711,69.03530883789062,84.96632385253906,137.97000122070312,62.42378234863281,81.32247161865234,104.4653091430664,37.43672561645508
2016-03-07,0.7917301058769226,45.00321960449219,23.093149185180664,35.3958740234375,105.08220672607422,13.685999870300293,10.991669654846191,33.11290740966797,18.899744033813477,125.01475524902344,63.67011260986328,32.14048385620117,46.041561126708984,67.20433807373047,83.31510925292969,138.72000122070312,62.254154205322266,81.5057373046875,104.43099975585938,37.6034049987793
2016-03-08,0.7772859334945679,45.54999542236328,22.90273094177246,35.432125091552734,105.28097534179688,13.506667137145996,10.694491386413574,32.93163299560547,18.941503524780273,127.36035919189453,63.639495849609375,32.366886138916016,45.15053939819336,65.97122955322266,81.94696807861328,137.8000030517578,61.91487121582031,81.1086654663086,104.34523010253906,36.88334274291992
2016-03-09,0.7767961621284485,46.59946060180664,22.923133850097656,36.022056579589844,106.85128784179688,13.914667129516602,10.872952461242676,33.21648025512695,18.938703536987305,129.1322021484375,63.5628662109375,32.724727630615234,45.41170883178711,66.02729797363281,82.25834655761719,139.1300048828125,62.37288284301758,81.58210754394531,104.29354095458984,37.596736907958984
2016-03-10,0.7755720615386963,45.90275192260742,22.93446922302246,36.35773849487305,106.6624526977539,13.678667068481445,11.061370849609375,32.84530258178711,18.905044555664062,128.9802703857422,63.041831970214844,33.03145217895508,45.019954681396484,65.5975570678711,81.98472595214844,138.6199951171875,61.93185043334961,81.81116485595703,105.14614868164062,37.49006271362305
2016-03-11,0.7887921333312988,46.80229187011719,23.18155860900879,36.9883918762207,108.73966217041016,13.833333015441895,11.398368835449219,33.62220001220703,18.837736129760742,128.8452911376953,62.635772705078125,33.26698303222656,45.58070373535156,66.91475677490234,83.57929992675781,140.64999389648438,63.31432342529297,82.24641418457031,107.73843383789062,38.49015808105469
2016-03-14,0.7907508015632629,46.890480041503906,23.240503311157227,37.25505065917969,109.21671295166016,14.34333324432373,11.34628963470459,33.40639114379883,18.891021728515625,128.8115234375,62.19136428833008,33.333213806152344,45.41170883178711,66.78395080566406,83.85293579101562,139.72000122070312,62.68669509887695,82.20824432373047,107.84174346923828,38.14345932006836
2016-03-15,0.7868338823318481,47.26088333129883,23.70749282836914,37.27143478393555,109.99193572998047,14.555999755859375,11.371564865112305,33.44091033935547,19.09575080871582,130.0855712890625,62.298622131347656,33.296424865722656,45.47315979003906,67.17632293701172,84.31526184082031,140.39999389648438,60.422122955322266,82.28459930419922,107.52311706542969,37.08335494995117
2016-03-16,0.8103359937667847,47.931121826171875,24.022594451904297,37.60860824584961,111.49268341064453,14.795332908630371,11.421513557434082,34.718475341796875,19.067703247070312,129.9843292236328,62.321624755859375,33.156578063964844,45.25807571411133,67.60604858398438,84.92858123779297,139.8300018310547,61.473846435546875,82.0173568725586,107.56615447998047,37.54341125488281
2016-03-17,0.8034811615943909,48.20450973510742,23.984052658081055,37.66422653198242,110.33979034423828,15.092000007629395,11.645899772644043,35.05513000488281,18.916269302368164,129.79864501953125,63.40193176269531,33.686500549316406,45.127498626708984,68.32533264160156,86.24952697753906,142.39999389648438,58.57316589355469,81.5057373046875,107.24752807617188,36.88334274291992
2016-03-18,0.827717661857605,47.17268753051758,24.01125717163086,37.511775970458984,110.76714324951172,15.515999794006348,11.71813678741455,35.806129455566406,18.776037216186523,129.21649169921875,63.70843505859375,33.56137466430664,46.45634460449219,68.92321014404297,87.09874725341797,142.16000366210938,60.17615509033203,82.0860595703125,109.13359069824219,37.71675491333008
2016-03-21,0.8301659822463989,47.498992919921875,24.00899314880371,37.84696960449219,111.1646957397461,15.887999534606934,11.748873710632324,35.918357849121094,19.06209373474121,129.8831024169922,63.83871841430664,33.612892150878906,46.44099044799805,68.91387939453125,87.136474609375,142.1300048828125,59.58246612548828,81.9180908203125,109.15082550048828,37.3433837890625
2016-03-22,0.8286970853805542,47.6841926574707,24.192607879638672,37.742191314697266,111.56224822998047,15.616000175476074,11.892570495605469,35.71980285644531,19.03404998779297,128.44027709960938,63.394283294677734,33.48778533935547,46.272003173828125,68.15721130371094,86.57978057861328,142.17999267578125,60.99887466430664,81.99443054199219,110.253173828125,38.33681106567383
2016-03-23,0.8428962826728821,47.59599304199219,24.05885887145996,37.6185417175293,111.8504867553711,14.838666915893555,11.756555557250977,35.17597198486328,18.9190673828125,129.52029418945312,63.45559310913086,33.458343505859375,46.041561126708984,69.04464721679688,86.92886352539062,140.9600067138672,60.362770080566406,82.84964752197266,111.77755737304688,37.57673263549805
2016-03-24,0.8441202044487,47.80765914916992,23.95458221435547,37.48347473144531,112.35735321044922,15.183333396911621,11.757328033447266,35.36587905883789,19.07051658630371,127.76529693603516,63.50922775268555,33.54665756225586,45.688232421875,69.25953674316406,86.72130584716797,140.11000061035156,60.320369720458984,82.70458221435547,110.74407196044922,37.416725158691406
2016-03-28,0.8526886701583862,47.2167854309082,23.845773696899414,37.406009674072266,112.9934310913086,15.350666999816895,11.765012741088867,35.063758850097656,19.104162216186523,128.8115234375,63.30235290527344,33.70856857299805,45.626773834228516,69.2034683227539,86.08912658691406,141.2899932861328,59.896297454833984,82.64350128173828,111.02828216552734,37.410057067871094
2016-03-29,0.8663984537124634,48.24860763549805,24.410236358642578,38.032188415527344,115.42842102050781,15.342000007629395,11.844161033630371,35.1328239440918,19.078922271728516,130.9967803955078,63.440250396728516,34.209049224853516,45.34257888793945,70.41788482666016,87.54219818115234,141.89999389648438,60.81228256225586,83.33838653564453,111.81197357177734,38.036781311035156
2016-03-30,0.8754567503929138,48.54843521118164,24.8364200592041,38.153846740722656,113.99723815917969,15.12600040435791,12.05932903289795,35.36587905883789,19.294870376586914,132.97113037109375,63.34832000732422,34.282657623291016,45.86490249633789,71.7257308959961,88.51404571533203,142.4600067138672,60.88013458251953,83.2161636352539,111.68277740478516,38.003440856933594
2016-03-31,0.8722742199897766,48.70719528198242,24.707202911376953,37.88371658325195,113.40090942382812,15.317999839782715,11.872594833374023,35.314083099365234,19.207923889160156,132.9542236328125,63.064823150634766,34.1428108215332,45.488525390625,71.44548034667969,89.16508483886719,141.8800048828125,61.075218200683594,82.62059020996094,111.01104736328125,38.083438873291016
2016-04-01,0.885004460811615,49.00704574584961,24.93389320373535,38.21989440917969,115.34890747070312,15.839332580566406,12.126182556152344,35.5299072265625,19.367786407470703,133.51950073242188,63.99959182739258,34.46663284301758,45.98781204223633,72.48241424560547,90.45777130126953,143.7899932861328,62.27110290527344,83.37653350830078,111.88948059082031,38.28346633911133
2016-04-04,0.8764358758926392,48.88357162475586,25.190061569213867,37.99395751953125,111.86041259765625,16.465999603271484,11.988630294799805,35.452213287353516,19.378997802734375,133.08079528808594,63.75440216064453,34.51081466674805,45.80982208251953,72.70660400390625,89.68404388427734,143.22000122070312,62.06753921508789,82.91841888427734,111.51919555664062,39.4769172668457
2016-04-05,0.875211775302887,48.11632537841797,24.893091201782227,37.66869354248047,111.53242492675781,17.031333923339844,11.913321495056152,34.986080169677734,19.249998092651367,131.6127166748047,63.71611785888672,34.245845794677734,45.15981674194336,71.9032211303711,89.02355194091797,141.1999969482422,61.94879150390625,83.19328308105469,109.40916442871094,39.03021240234375
2016-04-06,0.8764358758926392,48.61018371582031,25.153791427612305,38.140438079833984,113.0133056640625,17.69466781616211,12.10620403289795,35.17597198486328,19.3621768951416,132.27084350585938,64.2140884399414,34.378326416015625,45.50803756713867,73.06159210205078,89.58138275146484,141.6999969482422,63.40763473510742,83.55216979980469,110.26178741455078,39.930301666259766
2016-04-07,0.8673776984214783,48.02813720703125,24.605194091796875,37.74566650390625,112.94373321533203,17.14666748046875,11.908713340759277,34.50266647338867,19.1322078704834,128.27157592773438,63.777374267578125,34.120731353759766,44.35505676269531,72.47307586669922,88.4090347290039,140.80999755859375,63.263427734375,83.43760681152344,109.26276397705078,39.53691482543945
2016-04-08,0.8730085492134094,47.99285125732422,24.63239288330078,37.71338653564453,109.9521713256836,16.67133331298828,11.999390602111816,34.83932876586914,19.08733558654785,127.9509506225586,63.74673080444336,34.496097564697266,44.680057525634766,72.89344787597656,88.67373657226562,141.05999755859375,63.093807220458984,83.30783081054688,108.2379379272461,38.9835319519043
2016-04-11,0.8783943057060242,47.89584732055664,24.71400260925293,37.61754608154297,108.32221221923828,16.661333084106445,11.957893371582031,34.86521911621094,18.902240753173828,125.75727844238281,63.38663101196289,34.179622650146484,45.036006927490234,72.697265625,88.37120819091797,140.99000549316406,62.72063446044922,83.20852661132812,108.7977294921875,39.0035285949707
2016-04-12,0.8774151802062988,48.19568634033203,25.035907745361328,37.954227447509766,109.93230438232422,16.521333694458008,11.944060325622559,35.02117919921875,19.294870376586914,126.99752044677734,63.4632568359375,34.33416748046875,45.871734619140625,73.35118865966797,88.73990631103516,142.39999389648438,63.2464714050293,83.6895980834961,109.20249938964844,39.930301666259766
2016-04-13,0.8994483947753906,48.81301498413086,25.398611068725586,38.33113098144531,109.8329086303711,16.968666076660156,12.255285263061523,35.79231262207031,19.393024444580078,128.14495849609375,63.179752349853516,33.885215759277344,47.813995361328125,74.46284484863281,90.5268325805664,144.0399932861328,63.74687957763672,83.89579772949219,110.02925109863281,39.755271911621094
2016-04-14,0.9018964767456055,48.821834564208984,25.412216186523438,38.503936767578125,110.160888671875,16.790666580200195,12.204570770263672,35.731651306152344,19.294870376586914,127.74005889892578,63.349693298339844,33.730655670166016,48.43305587768555,75.04205322265625,90.92391967773438,143.72000122070312,64.14549255371094,83.87286376953125,110.21874237060547,39.90336227416992
2016-04-15,0.9089962244033813,49.07757568359375,24.902164459228516,38.732852935791016,108.9682388305664,16.96733283996582,11.9486722946167,35.541046142578125,19.367786407470703,129.23338317871094,63.573707580566406,33.92936706542969,47.87591552734375,74.80850219726562,91.4061279296875,143.4499969482422,64.06072235107422,84.1324691772461,109.65892791748047,40.05818557739258
2016-04-18,0.905079185962677,49.79192352294922,24.364898681640625,39.114227294921875,109.77327728271484,16.92533302307129,11.980177879333496,35.731651306152344,19.592145919799805,129.34307861328125,63.983123779296875,34.017696380615234,48.185428619384766,76.08830261230469,92.34207153320312,144.3800048828125,65.49405670166016,84.7052001953125,110.07229614257812,40.3072395324707
2016-04-19,0.8889214396476746,49.73019027709961,24.23568344116211,38.5466423034668,111.60200500488281,16.4913330078125,11.609018325805664,35.57569885253906,19.56690216064453,129.66368103027344,64.33073425292969,34.297359466552734,48.99795150756836,75.43441772460938,91.93555450439453,145.9499969482422,65.51951599121094,86.04145812988281,112.38899230957031,40.502445220947266
2016-04-20,0.8923487067222595,49.0246696472168,24.285554885864258,38.480594635009766,111.731201171875,16.6646671295166,11.774998664855957,35.6103515625,19.40985107421875,128.87062072753906,62.99436569213867,32.65609359741211,49.70984649658203,75.80806732177734,92.55952453613281,146.08999633789062,65.37531280517578,86.72872161865234,115.34296417236328,40.711124420166016
2016-04-21,0.8913694620132446,49.19223403930664,24.022594451904297,38.732852935791016,112.74496459960938,16.55266761779785,11.630533218383789,35.51506042480469,19.202322006225586,127.75685119628906,62.41500473022461,32.133544921875,49.21461868286133,75.47178649902344,92.21920776367188,144.86000061035156,65.62130737304688,86.7210464477539,114.50760650634766,41.310218811035156
2016-04-22,0.8879419565200806,45.664649963378906,23.95685577392578,36.63581848144531,109.88259887695312,16.916667938232422,11.552151679992676,35.263797760009766,19.27243423461914,126.49128723144531,62.530879974365234,32.781227111816406,49.50092315673828,73.90237426757812,92.13408660888672,146.11000061035156,66.01144409179688,86.53015899658203,115.51521301269531,41.34386444091797
2016-04-25,0.8923487067222595,45.95567321777344,23.820838928222656,36.856300354003906,109.42543029785156,16.788000106811523,11.457629203796387,35.33308410644531,19.482772827148438,127.8327865600586,62.88621520996094,32.90634536743164,49.21461868286133,72.99620056152344,91.68974304199219,146.17999267578125,66.10474395751953,86.67525482177734,115.21379852294922,41.04094314575195
2016-04-26,0.8930830359458923,45.364810943603516,23.655353546142578,36.02006912231445,108.09363555908203,16.916000366210938,11.585196495056152,35.2204704284668,19.435094833374023,128.75244140625,61.44943618774414,32.77385711669922,49.46996307373047,73.36050415039062,91.96389770507812,147.02000427246094,64.68833923339844,86.21709442138672,115.60994720458984,41.014034271240234
2016-04-27,0.913402795791626,44.92384719848633,22.1750431060791,35.82590866088867,108.22283935546875,16.764667510986328,11.644364356994629,35.393733978271484,19.4687442779541,128.43084716796875,61.712066650390625,32.88426208496094,49.6092529296875,73.57540893554688,93.01335144042969,147.60000610351562,64.89188385009766,86.11019897460938,114.36979675292969,40.85921859741211
2016-04-28,0.8862283825874329,44.00667953491211,21.497241973876953,35.01152038574219,116.01480102539062,16.513999938964844,11.372332572937012,34.94321060180664,19.325719833374023,128.15167236328125,61.611671447753906,32.847450256347656,49.21461868286133,72.56649017333984,91.87882232666016,146.07000732421875,64.84944915771484,85.88876342773438,113.74111938476562,41.195777893066406
2016-04-29,0.8698258399963379,43.980228424072266,21.25014305114746,35.15155792236328,116.85960388183594,16.05066680908203,11.200199127197266,34.535987854003906,18.75359344482422,125.35066986083984,61.88975143432617,32.97257995605469,48.90508270263672,72.15544128417969,91.69917297363281,145.47999572753906,64.06072235107422,85.58332824707031,113.40521240234375,41.06114959716797
2016-05-02,0.8813321590423584,44.6328239440918,21.227474212646484,35.475826263427734,117.8435287475586,16.1200008392334,11.225558280944824,34.91720199584961,18.95553207397461,127.72005462646484,62.54633712768555,33.10506057739258,49.361637115478516,73.29515838623047,92.4366455078125,146.88999938964844,65.09542846679688,86.09490966796875,113.76695251464844,41.357330322265625
2016-05-03,0.8708049058914185,43.900856018066406,21.576581954956055,35.17936325073242,116.71051025390625,15.48799991607666,11.004240989685059,34.380027770996094,18.790058135986328,128.1262664794922,62.64674758911133,33.002017974853516,48.409854888916016,72.10872650146484,91.18862915039062,144.8300018310547,64.67134857177734,86.04911804199219,114.07701110839844,41.57946014404297
2016-05-04,0.8509750366210938,43.980228424072266,21.352148056030273,35.324859619140625,117.3366470336914,14.837332725524902,10.917405128479004,34.0421257019043,18.843345642089844,128.2108917236328,63.03298568725586,33.10506057739258,47.643768310546875,71.99663543701172,90.99954223632812,144.24000549316406,63.500911712646484,85.69023895263672,113.70664978027344,41.370792388916016
2016-05-05,0.8561160564422607,44.04195022583008,21.265493392944336,35.49071502685547,117.08818054199219,14.10200023651123,10.956600189208984,33.99012756347656,18.84895133972168,125.10526275634766,62.801246643066406,33.163944244384766,47.38842010498047,72.26754760742188,90.94283294677734,143.8800048828125,63.840179443359375,86.19419860839844,113.94781494140625,41.963138580322266
2016-05-06,0.8649294972419739,44.43880081176758,21.146900177001953,36.0106315612793,118.75788116455078,14.328666687011719,10.90357780456543,34.146095275878906,19.1406192779541,123.92056274414062,63.4423713684082,33.35530471801758,47.66697692871094,72.6038589477539,91.4061279296875,144.6199951171875,63.27191925048828,86.0872802734375,113.71526336669922,42.07757568359375
2016-05-09,0.8637054562568665,44.15658950805664,21.16285514831543,36.20677947998047,118.50941467285156,13.928000450134277,10.942765235900879,34.10276412963867,19.336936950683594,125.73988342285156,63.43466567993164,33.296424865722656,47.36518859863281,73.07093811035156,91.44391632080078,142.91000366210938,64.11158752441406,86.83560180664062,114.2578125,42.87862014770508
2016-05-10,0.880352795124054,44.99441146850586,21.306537628173828,36.71577072143555,119.76171112060547,13.912667274475098,11.112595558166504,34.67461013793945,19.292062759399414,126.56078338623047,63.712772369384766,33.67177200317383,48.00747299194336,73.98639678955078,92.31371307373047,144.77999877929688,65.20569610595703,87.56102752685547,115.03295135498047,42.9055290222168
2016-05-11,0.8828009366989136,45.020851135253906,21.0989933013916,36.27729415893555,118.7876968383789,13.93066692352295,11.054193496704102,34.354026794433594,18.76095962524414,124.4959716796875,63.457855224609375,33.458343505859375,47.8294792175293,72.33939361572266,91.15084838867188,142.8699951171875,65.15446472167969,87.33196258544922,112.55264282226562,42.20547866821289
2016-05-12,0.8708049058914185,45.42652893066406,20.604082107543945,36.15414810180664,119.54304504394531,13.8186674118042,10.838254928588867,34.50132369995117,18.8852596282959,124.15751647949219,63.6586799621582,33.730655670166016,47.79853057861328,72.89151000976562,90.62138366699219,143.30999755859375,64.85563659667969,87.22502136230469,111.7344741821289,42.06412124633789
2016-05-13,1.0032496452331543,45.047325134277344,20.645130157470703,35.993247985839844,119.07592010498047,13.840666770935059,10.76218032836914,34.319374084472656,18.345687866210938,122.27888488769531,62.747188568115234,33.37736892700195,47.35745620727539,71.89952850341797,90.15812683105469,141.39999389648438,65.17153930664062,86.71343231201172,111.09716796875,41.73427963256836
2016-05-16,1.032872200012207,45.708744049072266,21.411453247070312,36.26487731933594,117.94290924072266,13.88599967956543,10.961979866027832,34.63129425048828,18.650785446166992,123.37049102783203,63.056148529052734,33.57609558105469,47.71340560913086,72.80726623535156,90.90502166748047,141.85000610351562,66.84503173828125,87.3853759765625,112.50959014892578,42.03718948364258
2016-05-17,1.0350756645202637,44.8561897277832,21.3225040435791,35.76283645629883,116.63099670410156,13.644000053405762,10.848247528076172,34.31070327758789,18.390884399414062,121.51731872558594,62.27595138549805,32.935787200927734,47.71340560913086,71.86212158203125,90.385009765625,140.33999633789062,65.22276306152344,86.91960906982422,111.57946014404297,40.556297302246094
2016-05-18,1.0615155696868896,45.12260818481445,21.566543579101562,35.841796875,116.9291763305664,14.07800006866455,11.056497573852539,34.198062896728516,17.840003967285156,119.56251525878906,61.68117141723633,32.73705291748047,49.55508804321289,72.46101379394531,90.41337585449219,141.47000122070312,65.17153930664062,86.73632049560547,112.39761352539062,40.69765090942383
2016-05-19,1.0661671161651611,44.68746566772461,21.484437942504883,35.5205078125,116.09431457519531,14.347332954406738,10.968893051147461,33.65221405029297,19.54913902282715,120.75570678710938,61.94380569458008,32.61930465698242,49.052101135253906,71.94635009765625,89.53408813476562,140.7899932861328,63.446868896484375,86.1712875366211,111.95838928222656,39.90336227416992
2016-05-20,1.0852625370025635,44.95387268066406,21.717069625854492,35.83831787109375,116.63099670410156,14.685333251953125,11.275506019592285,34.146095275878906,19.7355899810791,120.74720001220703,61.81247329711914,32.34698486328125,49.14496994018555,72.68563079833984,90.26210021972656,141.8300018310547,63.87372970581055,86.6250228881836,112.7679443359375,40.17933654785156
2016-05-23,1.0869760513305664,44.4299201965332,21.993043899536133,35.61684799194336,115.25946044921875,14.414667129516602,11.380784034729004,33.94681167602539,19.633893966674805,120.17176055908203,61.95153045654297,32.3617057800293,49.106266021728516,72.25515747070312,89.89336395263672,141.47999572753906,63.25048065185547,86.25589752197266,112.3200912475586,39.91682815551758
2016-05-24,1.1133620738983154,45.8153190612793,22.328306198120117,36.40044403076172,116.9788589477539,14.52733325958252,11.635913848876953,34.570648193359375,19.84294319152832,120.64567565917969,62.54633712768555,32.65609359741211,49.94198989868164,74.28588104248047,91.21700286865234,143.7100067138672,64.02742767333984,86.66348266601562,114.18893432617188,40.85921859741211
2016-05-25,1.1086989641189575,46.285987854003906,22.720596313476562,36.65220642089844,117.16768646240234,14.638667106628418,11.801131248474121,34.76991653442383,19.91074562072754,122.3127212524414,62.94029235839844,32.6634635925293,50.70033645629883,73.98641967773438,91.18862915039062,144.0800018310547,63.64320373535156,87.17105102539062,114.90377807617188,41.20924377441406
2016-05-26,1.120479702949524,46.08174133300781,22.900775909423828,36.59410858154297,118.7380142211914,15.008000373840332,11.758859634399414,34.61396408081055,20.015270233154297,126.687744140625,62.73944854736328,32.891624450683594,50.3211669921875,73.93028259277344,91.12247467041016,143.0500030517578,64.47992706298828,86.82495880126953,114.52479553222656,41.66697692871094
2016-05-27,1.1266164779663086,46.463600158691406,22.8870849609375,37.12395477294922,118.64856719970703,14.869333267211914,11.780381202697754,34.717918395996094,19.987022399902344,126.15457153320312,62.90168380737305,32.95785140991211,50.63069152832031,74.54793548583984,91.87882232666016,143.35000610351562,64.02742767333984,86.9480209350586,115.40325927734375,42.21221160888672
2016-05-31,1.1467430591583252,47.067474365234375,22.775331497192383,37.18602752685547,118.08206176757812,14.881999969482422,11.861837387084961,34.8305778503418,19.995494842529297,125.89225769042969,62.600406646728516,32.825374603271484,50.506866455078125,73.8741455078125,90.66866302490234,140.5399932861328,64.06158447265625,86.66348266601562,115.1190414428711,42.36029815673828
2016-06-01,1.1489527225494385,46.934268951416016,22.456029891967773,37.16666030883789,118.05224609375,14.637332916259766,11.89334487915039,34.882545471191406,19.916393280029297,129.06556701660156,63.179744720458984,32.89896774291992,50.83187484741211,74.13616180419922,91.15084838867188,141.99000549316406,63.98476028442383,86.73270416259766,115.85970306396484,42.29299545288086
2016-06-02,1.1570523977279663,46.60569763183594,22.287256240844727,36.958595275878906,118.2013168334961,14.597332954406738,11.90410327911377,33.49626541137695,20.04351234436035,128.2108917236328,63.303340911865234,32.913700103759766,50.92472457885742,74.81929779052734,91.59518432617188,142.11000061035156,64.42871856689453,88.04776000976562,117.16012573242188,43.81426239013672
2016-06-03,1.140852689743042,45.992916107177734,22.332868576049805,36.540977478027344,117.744140625,14.599332809448242,12.491969108581543,33.87749099731445,20.02092742919922,128.38018798828125,63.70502471923828,33.14921951293945,50.019378662109375,74.80995178222656,90.79154205322266,141.13999938964844,64.13843536376953,88.25540924072266,117.84913635253906,43.753684997558594
2016-06-06,1.1349618434906006,46.29486083984375,22.494802474975586,36.25295639038086,118.06218719482422,14.711999893188477,12.5134859085083,34.17207336425781,20.07176971435547,128.82858276367188,63.93675231933594,33.3921012878418,50.51460266113281,75.37146759033203,91.36827087402344,141.82000732421875,63.89933395385742,89.03213500976562,118.97730255126953,42.28627014160156
2016-06-07,1.137170672416687,46.268218994140625,22.58602523803711,36.304100036621094,117.03849029541016,15.489333152770996,12.667177200317383,33.903480529785156,20.066116333007812,129.1502227783203,63.589149475097656,33.35530471801758,50.3443717956543,75.42760467529297,91.4061279296875,141.41000366210938,63.779823303222656,89.00138092041016,117.93527221679688,42.47472381591797
2016-06-08,1.1334888935089111,46.21494674682617,22.565500259399414,36.892051696777344,117.66463470458984,15.701333045959473,12.579570770263672,34.033451080322266,20.136747360229492,129.78485107421875,63.84407043457031,33.52457046508789,50.49140167236328,76.41021728515625,92.64462280273438,142.52999877929688,63.95913314819336,89.05519104003906,120.91506958007812,41.55254364013672
2016-06-09,1.1629430055618286,45.841957092285156,22.72743797302246,36.8716926574707,117.83358001708984,15.290666580200195,12.613382339477539,33.834171295166016,20.08306884765625,130.3602752685547,64.2457275390625,33.67912673950195,50.10449981689453,76.04524230957031,91.72755432128906,142.22999572753906,63.549293518066406,89.97806549072266,121.15618133544922,40.89287185668945
2016-06-10,1.13398015499115,45.71762466430664,22.540414810180664,36.408390045166016,115.90547180175781,14.586000442504883,12.358255386352539,33.565582275390625,20.097192764282227,131.05419921875,64.26892852783203,33.84840774536133,49.400325775146484,75.03453063964844,90.01629638671875,141.75999450683594,63.13948059082031,89.98575592041016,119.91604614257812,41.06114959716797
2016-06-13,1.1484613418579102,44.527626037597656,22.200580596923828,36.34334182739258,113.2518310546875,14.524666786193848,12.296011924743652,33.461612701416016,19.924869537353516,131.1218719482422,63.78228759765625,33.462764739990234,48.95925521850586,73.36880493164062,89.05193328857422,140.94000244140625,63.06264877319336,89.81654357910156,118.92562866210938,40.34090042114258
2016-06-14,1.1506708860397339,44.252315521240234,22.227954864501953,36.4113655090332,114.23576354980469,14.330666542053223,12.217630386352539,33.643558502197266,20.04351234436035,131.9004364013672,64.38479614257812,33.40342712402344,48.038414001464844,73.52786254882812,88.97627258300781,141.3000030517578,63.455387115478516,90.0703353881836,118.73616027832031,40.32070541381836
2016-06-15,1.162451982498169,44.127986907958984,22.15496826171875,36.358734130859375,113.8978500366211,14.513333320617676,12.210693359375,33.3056526184082,20.09154510498047,131.04571533203125,64.0758056640625,33.38117599487305,47.953285217285156,73.1535415649414,88.24828338623047,140.4499969482422,62.93455123901367,89.52434539794922,118.74916076660156,40.65727233886719
2016-06-16,1.1671158075332642,44.7496223449707,22.248485565185547,35.96445083618164,113.68915557861328,14.528667449951172,12.228422164916992,33.47893142700195,20.142393112182617,132.36582946777344,64.4311294555664,33.60367202758789,48.146751403808594,73.3219985961914,88.94792938232422,141.99000549316406,63.39561080932617,89.70121002197266,119.96037292480469,40.99383544921875
2016-06-17,1.1467430591583252,44.51874923706055,21.742156982421875,34.9713020324707,112.32752227783203,14.364666938781738,12.025680541992188,34.380027770996094,20.04351234436035,131.91732788085938,64.21485137939453,33.218021392822266,48.19317626953125,72.04927062988281,88.20101165771484,140.72999572753906,63.06264877319336,88.80911254882812,119.12116241455078,40.394744873046875
2016-06-20,1.1673612594604492,44.46543502807617,21.6897029876709,35.06465530395508,112.67538452148438,14.646666526794434,12.097373962402344,34.423336029052734,20.085899353027344,132.41664123535156,64.14533996582031,33.358924865722656,48.2628288269043,72.37682342529297,89.20318603515625,141.6699981689453,62.567413330078125,89.6242904663086,119.8392562866211,40.46205520629883
2016-06-21,1.1602433919906616,45.4600715637207,21.874441146850586,35.201210021972656,113.67920684814453,14.640666961669922,12.011034965515137,34.64862823486328,20.18758773803711,133.02589416503906,64.4311294555664,33.470176696777344,48.711631774902344,72.36746215820312,89.9217300415039,143.52999877929688,61.961219787597656,89.34742736816406,119.5537338256836,40.37455749511719
2016-06-22,1.1592612266540527,45.282470703125,21.792341232299805,35.280174255371094,113.21207427978516,13.11066722869873,11.95938777923584,34.66595458984375,20.26952362060547,133.8043975830078,64.55474090576172,33.26993942260742,48.52590560913086,71.6187973022461,88.92899322509766,143.94000244140625,62.388118743896484,89.5627670288086,119.30281829833984,40.65053939819336
2016-06-23,1.190187931060791,46.099491119384766,21.91777992248535,35.498661041259766,114.37491607666016,13.09333324432373,12.227648735046387,35.37642288208008,20.368396759033203,132.88201904296875,65.04911041259766,33.4330940246582,49.56283187866211,73.20968627929688,90.48900604248047,145.97999572753906,63.13094711303711,90.27030181884766,120.41886901855469,41.26981735229492
2016-06-24,1.1224430799484253,44.252315521240234,21.301977157592773,34.02532196044922,111.3932876586914,12.876667022705078,11.464483261108398,33.99012756347656,20.32884979248047,131.6380615234375,63.542823791503906,32.5802116394043,46.11935043334961,70.23377227783203,86.48031616210938,139.7100067138672,63.463924407958984,88.92444610595703,118.7751235961914,40.29377746582031
2016-06-27,1.1104166507720947,43.00901794433594,20.991806030273438,33.82371520996094,108.30236053466797,13.236666679382324,11.072105407714844,33.34029769897461,20.198888778686523,130.53797912597656,62.747188568115234,32.46895217895508,44.5794677734375,68.63350677490234,84.21121978759766,138.5,63.94204330444336,89.6319580078125,118.61935424804688,39.49949645996094
2016-06-28,1.1266164779663086,43.90596389770508,21.345312118530273,34.32625198364258,112.0094985961914,13.452667236328125,11.545427322387695,33.903480529785156,20.201725006103516,131.6719512939453,63.69731521606445,32.7656135559082,46.05745315551758,70.33670806884766,85.48758697509766,140.27999877929688,64.16403198242188,90.92396545410156,120.00363159179688,40.38128662109375
2016-06-29,1.1450250148773193,44.882835388183594,21.530054092407227,34.52140426635742,113.4605484008789,14.012666702270508,11.948594093322754,35.13381576538086,20.47010040283203,132.9243621826172,64.81737518310547,32.958438873291016,47.35745620727539,71.81531524658203,87.10430145263672,142.1199951171875,66.72547149658203,91.76992797851562,121.56953430175781,41.60639572143555
2016-06-30,1.1538615226745605,45.442325592041016,21.80374526977539,34.935546875,113.5798110961914,14.152000427246094,11.97943115234375,35.463069915771484,20.62830352783203,132.8905029296875,65.40444946289062,33.618499755859375,48.0848388671875,69.41024017333984,83.25630187988281,144.7899932861328,67.2377700805664,93.28495025634766,122.1578140258789,41.673702239990234
2016-07-01,1.1452702283859253,45.43342971801758,21.869882583618164,35.26924514770508,113.49037170410156,14.433333396911621,11.888467788696289,35.532623291015625,20.568965911865234,132.10353088378906,65.48941040039062,33.462764739990234,47.77289962768555,69.70032501220703,84.00321197509766,143.9600067138672,67.40855407714844,93.27723693847656,121.86365509033203,42.21221160888672
2016-07-05,1.162206768989563,45.442325592041016,21.66461944580078,35.00307846069336,113.50029754638672,14.26533317565918,11.621745109558105,35.13261032104492,20.662199020385742,131.37574768066406,65.99922180175781,33.692665100097656,46.43938446044922,69.87816619873047,83.42649841308594,142.22999572753906,67.99766540527344,94.0309066772461,122.46926879882812,41.6804313659668
2016-07-06,1.1695704460144043,45.62880325317383,21.787778854370117,35.205684661865234,115.9849853515625,14.295999526977539,11.611721992492676,35.24565505981445,20.854299545288086,132.0188751220703,65.68253326416016,33.574005126953125,46.938480377197266,69.30731201171875,82.27056121826172,142.50999450683594,68.32211303710938,94.3154525756836,123.17865753173828,42.65647506713867
2016-07-07,1.2000058889389038,45.62880325317383,21.881284713745117,35.12076950073242,115.14019012451172,14.395999908447266,11.639472007751465,35.24565505981445,20.772367477416992,138.5262908935547,65.52803039550781,33.44050216674805,47.242618560791016,69.72843170166016,83.1991195678711,141.91000366210938,67.72445678710938,94.2154769897461,121.81171417236328,42.69687271118164
2016-07-08,1.2481142282485962,46.44583511352539,22.05006217956543,35.64316177368164,116.52167510986328,14.45199966430664,11.95938777923584,35.54132080078125,20.859952926635742,139.99876403808594,66.25414276123047,33.65557861328125,48.2174072265625,71.51583862304688,83.90972137451172,143.64999389648438,68.01475524902344,94.4769515991211,122.21837615966797,43.188255310058594
2016-07-11,1.2768316268920898,46.703372955322266,22.11848258972168,36.11094665527344,117.14781951904297,14.985333442687988,12.130520820617676,35.46305847167969,20.922094345092773,141.08189392089844,66.23872375488281,33.79650115966797,48.56053924560547,71.60942840576172,84.08973693847656,143.92999267578125,67.57076263427734,94.53846740722656,121.396484375,43.316139221191406
2016-07-12,1.2959767580032349,47.25397491455078,22.218826293945312,36.3746223449707,117.20744323730469,14.976667404174805,12.225337982177734,36.01960754394531,20.698923110961914,140.70956420898438,66.23872375488281,33.803924560546875,49.28579330444336,72.50782775878906,85.27411651611328,144.6699981689453,68.02328491210938,94.5307846069336,120.99853515625,44.090248107910156
2016-07-13,1.2954860925674438,47.52039337158203,22.093393325805664,36.224159240722656,116.06449127197266,14.835332870483398,12.134374618530273,36.05440139770508,20.79779815673828,141.13267517089844,66.34685516357422,33.922569274902344,49.254600524902344,72.48908233642578,85.59625244140625,145.92999267578125,67.75858306884766,94.59230041503906,122.40001678466797,43.98160171508789
2016-07-14,1.308740496635437,47.72465133666992,22.53129768371582,36.53799819946289,116.57137298583984,14.768667221069336,12.39493179321289,36.23701095581055,20.82040023803711,141.26809692382812,66.33141326904297,33.885501861572266,50.00324630737305,73.12545776367188,86.64795684814453,145.72999572753906,68.80879974365234,94.7307357788086,121.84635162353516,43.200706481933594
2016-07-15,1.293522834777832,47.689125061035156,22.529006958007812,36.5295524597168,116.14400482177734,14.69333267211914,12.423454284667969,36.323978424072266,20.811920166015625,140.81961059570312,66.43955993652344,33.84098815917969,50.050018310546875,73.27519226074219,86.1552734375,145.97000122070312,68.49288177490234,94.59230041503906,122.27030944824219,42.99699401855469
2016-07-18,1.30014967918396,47.92002868652344,22.76848602294922,37.402034759521484,118.63862609863281,15.083333015441895,12.51364517211914,36.21092987060547,20.859952926635742,141.75039672851562,66.37774658203125,33.84098815917969,49.87846374511719,73.2845458984375,86.79010772705078,146.57000732421875,68.26234436035156,94.6999740600586,121.76846313476562,43.15996551513672
2016-07-19,1.3136496543884277,47.14740753173828,22.77761459350586,37.4124641418457,119.87103271484375,15.017333030700684,12.37488842010498,35.72395706176758,20.809099197387695,142.26663208007812,66.56312561035156,33.84098815917969,49.80049133300781,73.66825103759766,87.52911376953125,146.9199981689453,68.27943420410156,96.32264709472656,123.3603286743164,42.99699401855469
2016-07-20,1.3308309316635132,49.65176010131836,22.79813575744629,37.594703674316406,121.17300415039062,15.223999977111816,12.539856910705566,35.87179183959961,20.845823287963867,142.1989288330078,66.42298889160156,33.752010345458984,49.855064392089844,74.26717376708984,88.40081024169922,146.1699981689453,68.54411315917969,96.2380599975586,123.73234558105469,43.058101654052734
2016-07-21,1.306286096572876,49.5540657043457,22.677257537841797,37.462120056152344,119.87103271484375,14.699999809265137,12.365636825561523,35.715248107910156,20.769546508789062,141.3611602783203,66.37628936767578,33.707496643066406,49.66790771484375,73.73375701904297,87.60493469238281,144.35000610351562,68.64656829833984,96.2457504272461,123.60257720947266,43.3840446472168
2016-07-22,1.3418760299682617,50.23786926269531,22.50164222717285,37.70395278930664,120.25862884521484,14.817999839782715,12.308594703674316,35.72395706176758,20.778024673461914,141.71656799316406,66.73442077636719,33.98932647705078,49.94084930419922,74.78186798095703,88.74192810058594,144.60000610351562,69.66256713867188,96.1534652709961,124.31201934814453,43.329715728759766
2016-07-25,1.3666670322418213,50.379974365234375,22.200580596923828,37.616554260253906,120.88477325439453,15.333999633789062,12.317070007324219,35.79352569580078,20.83452796936035,142.1396942138672,66.79670715332031,33.79650115966797,49.80827713012695,73.8741455078125,88.11656951904297,144.13999938964844,69.99559020996094,96.04579162597656,122.6163330078125,43.676025390625
2016-07-26,1.3899848461151123,50.406585693359375,22.04777717590332,37.62301254272461,120.477294921875,15.300666809082031,12.599214553833008,35.60220718383789,20.828868865966797,141.80117797851562,66.38407897949219,33.284767150878906,50.01103973388672,73.45301055908203,88.52400207519531,144.33999633789062,70.08951568603516,96.2457504272461,122.59037780761719,43.764312744140625
2016-07-27,1.3759939670562744,49.90040588378906,23.480070114135742,37.837528228759766,122.58429718017578,15.232666969299316,12.770352363586426,35.593509674072266,20.713048934936523,140.59954833984375,65.75347137451172,32.18714141845703,50.167015075683594,73.49042510986328,88.82717895507812,144.19000244140625,71.20799255371094,95.95352172851562,122.57304382324219,44.06988525390625
2016-07-28,1.378938913345337,49.91816329956055,23.797094345092773,38.029701232910156,124.23413848876953,15.37399959564209,12.660112380981445,35.81961441040039,20.69045066833496,140.7688446044922,66.02596282958984,32.37253952026367,49.987640380859375,74.10807800292969,90.9685287475586,144.4199981689453,70.80670166015625,95.71510314941406,123.50746154785156,43.94765853881836
2016-07-29,1.4015206098556519,50.33555221557617,23.767438888549805,39.29597091674805,123.18063354492188,15.652667045593262,12.486666679382324,35.68916702270508,20.614173889160156,141.5050048828125,66.6332015991211,32.35771179199219,49.88626480102539,73.04124450683594,90.23893737792969,144.27000427246094,70.77252197265625,96.30728149414062,123.88811492919922,44.97299575805664
2016-08-01,1.3924391269683838,50.24675750732422,24.187095642089844,39.772682189941406,123.5483627319336,15.333999633789062,12.60461139678955,35.78482437133789,20.843000411987305,141.792724609375,67.27159118652344,32.22422409057617,49.75369644165039,73.23777770996094,90.077880859375,143.92999267578125,71.02017211914062,96.43799591064453,124.15625762939453,45.45512390136719
2016-08-02,1.3755027055740356,50.24675750732422,23.82901954650879,39.731964111328125,122.33583068847656,15.146666526794434,12.556816101074219,35.40219497680664,20.65937042236328,140.8957061767578,67.54408264160156,32.28355407714844,49.6367301940918,73.2564926147461,90.2484359741211,143.30999755859375,71.13969421386719,96.0150375366211,123.86211395263672,45.34648132324219
2016-08-03,1.3791850805282593,50.593101501464844,24.1278018951416,39.6723747253418,121.75939178466797,15.052666664123535,12.650863647460938,35.40219497680664,20.605703353881836,140.5741729736328,66.92904663085938,32.365135192871094,50.42435836791992,73.65888977050781,90.08734130859375,143.6300048828125,70.62741088867188,95.28445434570312,123.61124420166016,45.203880310058594
2016-08-04,1.4047119617462158,50.966087341308594,24.27684783935547,39.589447021484375,123.59805297851562,15.37399959564209,12.872875213623047,35.56742477416992,20.707399368286133,140.9380340576172,66.99131774902344,32.26872634887695,50.34637451171875,74.37947845458984,90.873779296875,143.1199951171875,70.37124633789062,95.2536849975586,123.46414947509766,44.884727478027344
2016-08-05,1.42851984500885,51.4722900390625,24.64603042602539,40.07012939453125,124.38320922851562,15.335332870483398,13.114157676696777,35.767433166503906,20.837350845336914,141.9112091064453,66.78112030029297,32.24647903442383,51.70330047607422,74.99714660644531,91.79283142089844,145.64999389648438,69.6369857788086,95.54594421386719,123.70641326904297,45.183509826660156
2016-08-08,1.4417741298675537,51.561100006103516,24.850120544433594,39.9857177734375,124.49253845214844,15.077333450317383,12.977713584899902,35.79352569580078,20.71869659423828,141.65733337402344,66.7655258178711,32.216800689697266,51.547325134277344,74.81929779052734,91.69808959960938,145.55999755859375,69.67112731933594,95.0921859741211,122.9623794555664,45.047698974609375
2016-08-09,1.4454560279846191,51.6854248046875,24.951011657714844,40.09744644165039,124.29376220703125,15.272000312805176,13.195100784301758,35.741336822509766,20.775203704833984,142.0466766357422,66.94463348388672,32.239051818847656,51.36796188354492,74.92225646972656,91.62229919433594,147.22000122070312,69.58575439453125,94.92298889160156,122.6941909790039,45.3328971862793
2016-08-10,1.4361293315887451,51.525569915771484,24.765277862548828,40.14759826660156,124.1148681640625,15.043333053588867,13.247523307800293,35.732635498046875,21.034032821655273,142.7932586669922,67.19374084472656,32.34288024902344,50.9078483581543,74.56664276123047,91.23381042480469,146.69000244140625,68.77462768554688,94.86917877197266,123.0142593383789,45.10881423950195
2016-08-11,1.4653375148773193,51.77422332763672,24.74922752380371,40.13319778442383,124.13475036621094,14.994000434875488,13.266021728515625,35.89787292480469,20.99136734008789,142.4454345703125,67.52071380615234,32.446712493896484,51.04822540283203,74.97840881347656,91.46121215820312,147.74000549316406,69.22144317626953,95.18447875976562,123.39496612548828,45.461910247802734
2016-08-12,1.5473181009292603,51.45452117919922,24.806554794311523,40.07609176635742,124.1148681640625,15.040666580200195,13.295317649841309,35.732635498046875,21.016969680786133,143.42965698242188,67.76206970214844,32.65438461303711,50.939048767089844,74.88481903076172,91.07273864746094,147.72000122070312,68.92930603027344,94.76148986816406,123.61124420166016,45.6248893737793
2016-08-15,1.5458455085754395,51.6143798828125,25.10465431213379,40.021968841552734,123.140869140625,15.03933334350586,13.531976699829102,35.993534088134766,20.854839324951172,143.16661071777344,67.74650573730469,32.810115814208984,51.25099182128906,75.71771240234375,91.37591552734375,147.77999877929688,68.96366882324219,94.0616683959961,122.52117919921875,45.76070022583008
2016-08-16,1.5365183353424072,51.32841491699219,25.081724166870117,39.78509521484375,122.54454803466797,14.907333374023438,13.28991985321045,35.932655334472656,20.732534408569336,142.89515686035156,67.40393829345703,32.50604248046875,51.24317932128906,75.62411499023438,90.59898376464844,147.24000549316406,68.60277557373047,92.5389633178711,122.0539779663086,45.31932067871094
2016-08-17,1.5009280443191528,51.435665130615234,25.045034408569336,39.995147705078125,123.60798645019531,14.88266658782959,13.338483810424805,35.83699417114258,20.743911743164062,142.51327514648438,67.69977569580078,32.6766242980957,51.38356399536133,75.78348541259766,90.57058715820312,149.0800018310547,68.83478546142578,93.29261779785156,122.59901428222656,45.38043975830078
2016-08-18,1.5242458581924438,51.47139358520508,25.01292610168457,39.86256790161133,123.15080261230469,14.900667190551758,13.407861709594727,35.776126861572266,21.133588790893555,142.3350830078125,68.07344818115234,32.7062873840332,51.43033981323242,75.24913787841797,90.26737976074219,148.80999755859375,68.55121612548828,92.83889770507812,122.99695587158203,45.33968734741211
2016-08-19,1.5281729698181152,51.489280700683594,25.077136993408203,39.70862579345703,122.80296325683594,15.0,13.484953880310059,35.932655334472656,20.709779739379883,142.56419372558594,67.97225189208984,32.57280349731445,51.36016082763672,75.43663024902344,90.22002410888672,148.75,67.93257904052734,92.8388900756836,122.88451385498047,45.56376647949219
2016-08-22,1.5345544815063477,51.53395080566406,24.882226943969727,39.57455062866211,123.38933563232422,14.862000465393066,13.562043190002441,35.84569549560547,20.67849349975586,142.49632263183594,67.6141357421875,32.439300537109375,51.3133659362793,75.98971557617188,90.76007843017578,148.4499969482422,68.13021087646484,92.22726440429688,122.92774200439453,45.502662658691406
2016-08-23,1.5469728708267212,51.73054122924805,24.960182189941406,39.55666732788086,123.60798645019531,14.989333152770996,13.670733451843262,36.08918762207031,20.47085189819336,142.00418090820312,68.04232788085938,32.5208854675293,51.289981842041016,75.74600219726562,91.23381042480469,148.77000427246094,68.37078094482422,92.46730041503906,122.85855865478516,44.93227005004883
2016-08-24,1.5231205224990845,51.78416442871094,24.772146224975586,39.40819549560547,122.72344970703125,14.841333389282227,13.513474464416504,35.715248107910156,20.54480743408203,142.18234252929688,67.97225189208984,32.5208854675293,51.43033981323242,75.26788330078125,90.51372528076172,148.41000366210938,67.39983367919922,91.90214538574219,121.00717163085938,44.17852783203125
2016-08-25,1.5130376815795898,51.98074722290039,24.666677474975586,39.29398727416992,123.13093566894531,14.730667114257812,13.57051944732666,35.741336822509766,20.25752067565918,139.8829345703125,68.43159484863281,32.38737869262695,51.523929595947266,75.2960205078125,90.57058715820312,148.63999938964844,67.03034210205078,91.79376220703125,118.78374481201172,43.94765853881836
2016-08-26,1.5253331661224365,51.855655670166016,24.5222110748291,39.38932800292969,124.19438171386719,14.666000366210938,13.656858444213867,35.88047790527344,20.23476791381836,139.0938262939453,68.18245697021484,32.127803802490234,51.64089584350586,75.5303955078125,91.40437316894531,147.91000366210938,67.22797393798828,92.15760803222656,118.19544219970703,43.87295913696289
2016-08-29,1.5243499279022217,51.91820526123047,24.494691848754883,39.51844024658203,125.76470184326172,14.346667289733887,13.675359725952148,35.9239616394043,20.308719635009766,139.13629150390625,68.74298095703125,32.29096221923828,52.210174560546875,75.81163024902344,91.69808959960938,149.3000030517578,67.53732299804688,92.8388900756836,118.7577896118164,43.8050537109375
2016-08-30,1.5154975652694702,51.73054122924805,24.306655883789062,39.32476806640625,125.06898498535156,14.089332580566406,13.644526481628418,35.9239616394043,20.283126831054688,137.42233276367188,68.15133666992188,32.068477630615234,52.639102935791016,76.09285736083984,91.9917984008789,150.22999572753906,66.82414245605469,92.49052429199219,118.41172790527344,43.56739044189453
2016-08-31,1.508366346359253,51.3463020324707,24.329591751098633,39.22197723388672,125.34727478027344,14.133999824523926,13.599813461303711,35.84569549560547,20.320098876953125,137.53260803222656,67.97225189208984,32.20939254760742,52.639102935791016,75.8397216796875,91.55596923828125,150.49000549316406,66.80692291259766,92.38986206054688,117.70235443115234,43.526641845703125
2016-09-01,1.5528740882873535,51.46246337890625,24.47405433654785,39.298946380615234,125.39695739746094,13.38466739654541,13.65146255493164,35.79352569580078,20.718313217163086,132.54344177246094,68.75077056884766,32.15005874633789,52.412940979003906,76.21472930908203,92.49398040771484,150.35000610351562,66.36013793945312,92.18858337402344,117.43413543701172,43.4791145324707
2016-09-02,1.5376286506652832,51.53395080566406,24.7033634185791,39.57057189941406,125.7348861694336,13.185333251953125,13.344653129577637,35.87179183959961,20.62160873413086,134.0452880859375,68.66513061523438,32.37997055053711,52.63128662109375,76.87096405029297,92.74981689453125,150.72000122070312,66.03359985351562,92.37437438964844,118.18684387207031,43.54023361206055
2016-09-06,1.5521368980407715,51.4803352355957,24.69648551940918,40.12425994873047,128.93515014648438,13.522000312805176,13.189704895019531,35.87179183959961,20.763822555541992,134.11314392089844,69.0076904296875,32.47637176513672,52.5922966003418,77.36778259277344,93.6025619506836,150.42999267578125,67.45997619628906,92.70726013183594,117.63311767578125,43.87295913696289
2016-09-07,1.5292677879333496,51.52500915527344,24.84782600402832,40.122772216796875,130.24708557128906,13.447333335876465,13.020112991333008,35.87179183959961,20.4964542388916,132.05979919433594,68.47049713134766,32.365135192871094,52.37395095825195,78.03336334228516,94.34158325195312,149.5800018310547,67.52872467041016,92.5988998413086,117.32460021972656,44.11741638183594
2016-09-08,1.5403332710266113,51.319496154785156,24.19659423828125,39.867034912109375,129.47183227539062,13.157333374023438,12.980024337768555,35.410888671875,20.431032180786133,130.2185516357422,68.3381576538086,32.35771179199219,52.44413375854492,77.78024291992188,94.73007202148438,149.77999877929688,68.645751953125,92.49052429199219,117.7156982421875,43.49947738647461
2016-09-09,1.4636117219924927,50.22929000854492,23.648544311523438,39.15394973754883,126.32125854492188,12.964667320251465,12.394160270690918,34.81085205078125,19.9958438873291,127.86827850341797,67.13924407958984,31.349090576171875,51.97624206542969,76.24284362792969,92.99617004394531,146.6199951171875,67.22797393798828,91.530517578125,116.13385009765625,43.02415466308594
2016-09-12,1.493857741355896,50.97992706298828,24.178247451782227,39.667415618896484,127.90152740478516,13.220000267028809,12.679384231567383,35.376102447509766,20.462324142456055,128.70826721191406,68.70404815673828,32.03139114379883,52.29595947265625,77.78024291992188,94.85324096679688,148.97000122070312,67.94975280761719,92.25051879882812,117.7939224243164,43.51306915283203
2016-09-13,1.4722185134887695,50.51524353027344,24.753808975219727,39.165870666503906,126.43059539794922,13.069999694824219,12.737970352172852,34.94129180908203,20.325788497924805,127.90215301513672,67.76982116699219,31.61267852783203,51.88265609741211,76.76780700683594,94.1710433959961,146.22999572753906,67.43418884277344,91.0505599975586,116.4206771850586,43.01057815551758
2016-09-14,1.4852514266967773,50.27397155761719,25.629762649536133,39.25226974487305,126.98715209960938,13.093999862670898,13.074845314025879,35.002159118652344,20.34285545349121,127.8597640991211,67.73869323730469,31.48556900024414,51.78127670288086,76.39283752441406,93.5267333984375,145.77999877929688,67.27092742919922,91.24407196044922,116.19474792480469,43.01057815551758
2016-09-15,1.5415629148483276,51.105010986328125,26.501134872436523,39.78709030151367,127.5636215209961,13.361332893371582,13.354743003845215,35.532623291015625,20.593162536621094,129.53977966308594,68.5561294555664,31.67249870300293,51.96842956542969,76.88031768798828,94.24685668945312,146.66000366210938,67.72633361816406,91.8402099609375,117.86341857910156,43.017364501953125
2016-09-16,1.5452513694763184,51.15863800048828,26.352081298828125,39.62520217895508,128.27920532226562,13.69333267211914,13.240309715270996,33.845577239990234,20.726850509643555,129.2682647705078,68.54835510253906,31.508005142211914,51.328975677490234,76.93653869628906,94.1426010131836,145.00999450683594,67.70915222167969,91.54602813720703,120.34918975830078,42.963035583496094
2016-09-19,1.5656613111495972,50.87269592285156,26.044818878173828,39.4970817565918,127.86177062988281,13.755999565124512,13.20087718963623,34.11515808105469,20.504989624023438,128.79312133789062,68.79750061035156,31.478086471557617,51.61751174926758,77.34903717041016,94.44580841064453,145.24000549316406,68.01849365234375,91.08927917480469,119.66254425048828,42.71858596801758
2016-09-20,1.5513989925384521,50.76545715332031,26.042518615722656,39.715084075927734,127.85183715820312,13.642666816711426,13.007577896118164,33.97600173950195,20.47085189819336,129.115478515625,68.96097564697266,31.657548904418945,51.828060150146484,77.32091522216797,95.21327209472656,144.9199981689453,68.63713836669922,91.31375885009766,119.48002624511719,42.96982955932617
2016-09-21,1.5949242115020752,51.6143798828125,26.037939071655273,39.97578811645508,129.14385986328125,13.6813325881958,13.1312894821167,34.35863494873047,20.533428192138672,129.56521606445312,68.35372924804688,31.79961395263672,52.1244010925293,78.01461791992188,95.9428482055664,146.4600067138672,69.48782348632812,92.0569839477539,121.60075378417969,43.526641845703125
2016-09-22,1.5988579988479614,51.6679801940918,26.28330421447754,40.518043518066406,129.28302001953125,13.76200008392334,13.054744720458984,34.35863494873047,20.55618667602539,129.94700622558594,69.28016662597656,32.12110900878906,52.55331802368164,78.14588165283203,96.75769805908203,146.52999877929688,69.84870147705078,92.4827651977539,122.5828857421875,44.19210433959961
2016-09-23,1.5971369743347168,51.319496154785156,25.845317840576172,40.46888732910156,127.1760025024414,13.829999923706055,12.885412216186523,34.11515808105469,20.57893943786621,129.42098999023438,68.32259368896484,31.956621170043945,52.44413375854492,77.37715911865234,96.32183837890625,145.0,69.73699951171875,91.97957611083984,122.12217712402344,44.124202728271484
2016-09-26,1.582136631011963,50.84587860107422,25.884296417236328,39.85759353637695,126.52997589111328,13.932666778564453,12.888504981994629,33.941226959228516,20.371305465698242,128.2840118408203,68.39266204833984,31.440706253051758,51.29778289794922,76.69280242919922,95.84807586669922,144.17999267578125,68.32781982421875,91.18215942382812,121.43557739257812,43.50628662109375
2016-09-27,1.6362355947494507,51.78416442871094,25.932449340820312,40.258827209472656,127.90152740478516,13.720666885375977,13.210926055908203,34.17603302001953,20.573253631591797,127.65611267089844,68.78968811035156,31.844472885131836,51.75008010864258,77.02095031738281,96.12285614013672,145.33999633789062,69.49640655517578,92.29696655273438,122.36555480957031,43.84580612182617
2016-09-28,1.6421369314193726,51.855655670166016,26.129661560058594,40.22555923461914,128.43821716308594,13.751333236694336,13.198553085327148,34.29777908325195,20.419658660888672,126.77371215820312,69.64608001708984,31.51549530029297,52.02302169799805,77.78024291992188,96.17972564697266,145.27999877929688,69.35032653808594,92.42858123779297,122.0352783203125,43.608131408691406
2016-09-29,1.6573829650878906,51.29268264770508,25.723783493041992,39.85710144042969,127.3051986694336,13.380000114440918,13.334643363952637,34.01950454711914,20.118160247802734,125.14453887939453,68.68848419189453,31.425765991210938,51.19638442993164,76.79593658447266,95.32699584960938,143.58999633789062,68.516845703125,90.78731536865234,120.21882629394531,42.65748596191406
2016-09-30,1.6849240064620972,51.47139358520508,25.92328643798828,39.9276123046875,127.48410034179688,13.60200023651123,13.339282035827637,34.15863800048828,20.51352310180664,129.40402221679688,69.871826171875,31.642587661743164,51.929439544677734,77.52716827392578,96.42605590820312,144.47000122070312,68.96366882324219,91.45310974121094,121.67892456054688,42.827232360839844
2016-10-03,1.6832027435302734,51.310550689697266,25.80175018310547,39.74488067626953,127.98104858398438,14.24666690826416,13.149846076965332,33.90644836425781,20.482229232788086,128.13125610351562,69.02324676513672,31.425765991210938,51.8670539855957,77.67713928222656,96.5302734375,143.75999450683594,69.59951782226562,91.97957611083984,120.36656188964844,42.93587875366211
2016-10-04,1.6795142889022827,51.149696350097656,25.91180419921875,39.86455154418945,127.40459442138672,14.093999862670898,13.0709810256958,33.80209732055664,20.40827751159668,127.68158721923828,68.78192138671875,31.283695220947266,52.314788818359375,77.55528259277344,95.90495300292969,143.1699981689453,69.69402313232422,91.98731994628906,120.0797119140625,42.779701232910156
2016-10-05,1.6777925491333008,51.507144927978516,25.92328643798828,39.78709030151367,127.68286895751953,13.897333145141602,13.413505554199219,34.04557800292969,20.385520935058594,127.25729370117188,69.171142578125,31.26126480102539,53.170997619628906,78.136474609375,97.2054443359375,144.14999389648438,70.24394989013672,92.26600646972656,119.59302520751953,43.044525146484375
2016-10-06,1.655907392501831,51.59650802612305,26.11590003967285,39.87894821166992,127.95122528076172,13.399999618530273,13.468404769897461,33.80209732055664,19.72847557067871,126.8246078491211,69.45922088623047,31.18648910522461,53.312408447265625,78.14588165283203,97.71805572509766,143.8699951171875,70.00335693359375,91.93311309814453,118.61087036132812,42.66427230834961
2016-10-07,1.6438581943511963,51.65011215209961,26.154882431030273,39.76126480102539,128.19967651367188,13.107333183288574,13.469950675964355,33.79335403442383,19.540740966796875,127.26580047607422,70.06646728515625,31.201446533203125,53.50090789794922,77.6958999633789,97.06307220458984,144.52000427246094,70.53609466552734,92.31245422363281,118.77603912353516,42.73216247558594
2016-10-10,1.65000581741333,51.86458969116211,26.611202239990234,40.42965316772461,129.44203186035156,13.396666526794434,13.513249397277832,33.71479415893555,19.335956573486328,127.51188659667969,69.33464050292969,31.201446533203125,53.917236328125,77.92086791992188,97.44274139404297,145.1999969482422,71.36956787109375,92.7459716796875,120.01017761230469,42.990196228027344
2016-10-11,1.6261534690856934,51.105010986328125,26.668529510498047,40.20123291015625,128.0903778076172,13.34000015258789,13.234898567199707,33.182273864746094,19.16813850402832,128.13125610351562,68.9298324584961,31.059389114379883,53.658016204833984,76.9084243774414,96.20870971679688,143.9499969482422,70.29550170898438,91.07379150390625,117.115966796875,42.365482330322266
2016-10-12,1.6335300207138062,51.03352737426758,26.907012939453125,40.31047439575195,128.2593231201172,13.434000015258789,13.180774688720703,33.217185974121094,19.188045501708984,127.66460418701172,68.95316314697266,31.23883056640625,53.51660919189453,77.10529327392578,96.21820831298828,144.91000366210938,69.17848205566406,91.32923889160156,117.42017364501953,41.94744873046875
2016-10-13,1.6069730520248413,50.86375045776367,26.824459075927734,39.92860794067383,127.03685760498047,13.349332809448242,13.062474250793457,33.1997184753418,19.40707015991211,127.4609375,68.69625091552734,31.2238826751709,53.21026611328125,76.74906158447266,95.54422760009766,143.22000122070312,68.74026489257812,91.55377960205078,116.62926483154297,41.90633010864258
2016-10-14,1.622710943222046,51.310550689697266,26.9735107421875,39.95442581176758,127.09648895263672,13.100666999816895,13.15139102935791,33.53146743774414,19.469642639160156,127.40158081054688,68.84416961669922,31.156593322753906,53.037452697753906,77.29280090332031,95.76255798339844,144.17999267578125,68.11299896240234,91.0118637084961,116.39460754394531,41.2347297668457
2016-10-17,1.6133664846420288,51.13184356689453,26.955167770385742,40.0656623840332,126.7585678100586,12.93066692352295,13.057832717895508,33.42670822143555,19.40421485900879,126.1712646484375,68.37709045410156,31.104246139526367,52.76251983642578,77.01152801513672,95.73406219482422,143.8000030517578,67.47714233398438,91.73179626464844,116.57713317871094,41.21418380737305
2016-10-18,1.6379567384719849,51.52500915527344,26.93682098388672,40.79315185546875,127.78227996826172,13.273332595825195,13.312216758728027,33.540199279785156,19.589096069335938,126.51914978027344,68.08126831054688,31.38089370727539,53.17884063720703,76.47720336914062,96.56942749023438,144.3000030517578,67.6833724975586,89.34737396240234,124.62532806396484,42.18044662475586
2016-10-19,1.6345139741897583,51.40884780883789,26.856569290161133,41.05881118774414,129.3128204345703,13.570667266845703,13.28902530670166,33.479095458984375,19.59478759765625,126.80758666992188,67.10843658447266,31.440706253051758,53.68943405151367,77.63025665283203,97.5186996459961,144.86000061035156,67.50293731689453,88.7125473022461,125.4770278930664,42.098209381103516
2016-10-20,1.6654975414276123,51.15863800048828,26.842805862426758,40.80009460449219,129.20350646972656,13.273332595825195,13.408096313476562,33.252105712890625,19.549280166625977,127.30821990966797,66.62986755371094,31.350980758666992,53.61873245239258,77.33965301513672,97.34783935546875,144.49000549316406,67.65760040283203,88.92933654785156,126.08545684814453,42.324363708496094
2016-10-21,1.6608253717422485,53.31222152709961,26.737327575683594,40.9207649230957,131.2608184814453,13.339332580566406,13.370203971862793,33.1124382019043,19.438352584838867,126.40032958984375,66.15916442871094,31.500534057617188,53.799400329589844,77.19905090332031,97.63262939453125,143.60000610351562,67.23657989501953,87.8222427368164,126.34618377685547,41.78982925415039
2016-10-24,1.7387769222259521,54.5096435546875,26.978103637695312,41.500770568847656,132.46340942382812,13.517333030700684,13.650879859924316,33.40924072265625,19.68012237548828,129.07313537597656,65.97870635986328,31.822038650512695,54.09790802001953,77.96774291992188,97.95541381835938,143.8300018310547,66.65226745605469,87.95384979248047,125.75521087646484,41.88576889038086
2016-10-25,1.7673012018203735,54.500701904296875,27.11568260192871,41.14372634887695,131.47946166992188,13.489333152770996,13.426651954650879,33.487815856933594,19.72847557067871,128.1143035888672,68.23030853271484,31.807085037231445,54.04290771484375,76.89905548095703,97.6611099243164,143.4199981689453,66.80692291259766,88.22481536865234,124.96431732177734,42.18044662475586
2016-10-26,1.7744324207305908,54.179019927978516,26.50572395324707,40.82343673706055,130.2371063232422,13.482666969299316,13.376395225524902,33.44416427612305,19.793895721435547,128.10580444335938,68.56765747070312,31.73230743408203,54.30210876464844,76.63658142089844,97.98385620117188,143.94000244140625,65.95628356933594,88.6893310546875,123.61711883544922,41.817237854003906
2016-10-27,1.7380387783050537,53.705406188964844,26.25119400024414,40.58756637573242,128.89540100097656,13.600666999816895,13.317628860473633,33.36559295654297,19.862159729003906,128.00401306152344,67.9243392944336,31.49305534362793,54.38069534301758,76.79593658447266,98.34455871582031,144.4499969482422,65.44075012207031,89.57188415527344,123.36510467529297,42.118778228759766
2016-10-28,1.7350884675979614,53.499881744384766,26.076915740966797,40.69730758666992,130.48558044433594,13.33133316040039,13.094172477722168,33.32194519042969,19.907669067382812,127.07066345214844,68.12834167480469,31.575292587280273,54.286407470703125,77.0771713256836,101.47718048095703,144.0,64.04015350341797,89.28545379638672,121.98314666748047,39.47349166870117
2016-10-31,1.7498421669006348,53.5445556640625,26.035648345947266,40.217620849609375,130.1874237060547,13.182000160217285,13.166083335876465,33.540199279785156,19.916202545166016,125.46701049804688,68.09696960449219,31.70241928100586,54.404239654541016,77.34903717041016,101.59107208251953,144.3000030517578,63.44725036621094,89.79637908935547,122.83487701416016,38.22624588012695
2016-11-01,1.697957158088684,53.437313079833984,25.565567016601562,39.99812698364258,128.70657348632812,12.719332695007324,13.051647186279297,33.57510757446289,19.71141242980957,124.44034576416016,68.13616180419922,31.49305534362793,54.17644500732422,76.51472473144531,99.63556671142578,143.6300048828125,62.708316802978516,89.29315948486328,121.18351745605469,38.68540573120117
2016-11-02,1.6908255815505981,53.106685638427734,25.588489532470703,39.15097427368164,126.39083099365234,12.534667015075684,13.342373847961426,33.1997184753418,19.75407600402832,124.4914321899414,68.04987335205078,31.440706253051758,53.94865036010742,75.53974914550781,98.72428894042969,143.19000244140625,62.42472839355469,88.92156982421875,120.79241180419922,38.91841125488281
2016-11-03,1.6711533069610596,52.91008758544922,25.31421661376953,38.84160232543945,119.26476287841797,12.494667053222656,13.37562084197998,33.44416427612305,19.805274963378906,122.94237518310547,67.94003295898438,31.425765991210938,53.71298599243164,75.60538482666016,98.51544189453125,143.63999938964844,61.96074676513672,89.05318450927734,119.79293823242188,38.30162811279297
2016-11-04,1.661563515663147,52.46329116821289,25.086034774780273,38.787479400634766,120.01016235351562,12.704000473022461,13.312216758728027,33.41797637939453,19.671586990356445,121.0614242553711,66.74754333496094,31.17154312133789,53.225982666015625,75.33352661132812,97.80347442626953,142.9499969482422,62.287269592285156,89.11512756347656,119.68863677978516,38.4044303894043
2016-11-07,1.7525471448898315,53.99135208129883,25.447893142700195,39.826812744140625,121.40160369873047,12.880666732788086,13.68258285522461,34.12510299682617,19.84793472290039,122.1678466796875,67.90863800048828,31.747276306152344,54.8912467956543,77.34903717041016,100.58486938476562,146.91000366210938,63.481632232666016,90.31509399414062,123.35636901855469,40.37123489379883
2016-11-08,1.7498421669006348,54.03603744506836,25.597707748413086,40.320899963378906,123.45890808105469,12.996000289916992,13.685677528381348,34.16000747680664,19.85077667236328,124.3381576538086,68.6147232055664,32.061309814453125,55.00908279418945,77.6958999633789,100.33802795410156,147.7899932861328,63.6019287109375,90.61701965332031,124.19940948486328,40.3027229309082
2016-11-09,1.7203340530395508,53.7679557800293,25.556222915649414,40.00358963012695,122.42529296875,12.670666694641113,13.408869743347168,34.52666091918945,20.22339630126953,124.9339828491211,67.4144058227539,31.60520362854004,57.53841018676758,78.03336334228516,100.80318450927734,151.27999877929688,67.35688018798828,93.14081573486328,123.33029174804688,42.92742919921875
2016-11-10,1.6664812564849854,52.454368591308594,24.84402084350586,38.747257232666016,120.05986785888672,12.356666564941406,12.985156059265137,34.5528564453125,20.30588150024414,124.85736083984375,65.0843505859375,30.610769271850586,60.20914840698242,76.74906158447266,99.19891357421875,156.05999755859375,67.75470733642578,92.54469299316406,127.00672149658203,43.859439849853516
2016-11-11,2.1632041931152344,52.740318298339844,24.99153709411621,38.32318115234375,118.29078674316406,12.570667266845703,12.954224586486816,34.43937301635742,20.2603702545166,127.121337890625,65.57076263427734,30.678068161010742,60.240570068359375,76.7584457397461,99.31285095214844,156.9199981689453,67.17525482177734,91.71635437011719,127.25880432128906,43.24266815185547
2016-11-14,2.056729555130005,51.93606185913086,24.364614486694336,37.40302658081055,114.37491607666016,12.096667289733887,12.66350269317627,34.30842590332031,20.049888610839844,129.36817932128906,65.11571502685547,30.782739639282227,62.455692291259766,73.47737121582031,96.00936126708984,157.92999267578125,66.61306762695312,90.26861572265625,132.35189819335938,43.1535758972168
2016-11-15,2.1194334030151367,52.9616584777832,24.687297821044922,38.492515563964844,116.48191833496094,12.251333236694336,12.86994457244873,34.1949348449707,20.314414978027344,128.64474487304688,65.60213470458984,30.984617233276367,62.33786392211914,73.6554946899414,97.28141021728516,157.4600067138672,66.87251281738281,90.05187225341797,132.3084716796875,43.08504867553711
2016-11-16,2.253204822540283,53.663387298583984,25.351093292236328,38.73186111450195,115.627197265625,12.26200008392334,12.976649284362793,34.657623291015625,20.30588150024414,129.48741149902344,65.26480865478516,30.850034713745117,60.798282623291016,75.22903442382812,98.72428894042969,157.0800018310547,66.54387664794922,90.08281707763672,131.6739959716797,42.17360305786133
2016-11-17,2.271893262863159,54.55401611328125,25.341875076293945,39.03874588012695,117.06829833984375,12.577333450317383,12.915565490722656,35.13775634765625,19.68012237548828,128.68727111816406,65.17064666748047,30.745344161987305,61.285301208496094,76.1590347290039,99.15142822265625,158.38999938964844,67.20983123779297,90.24539184570312,131.03955078125,42.28324508666992
2016-11-18,2.295746326446533,54.29310989379883,25.367231369018555,38.53274154663086,116.30301666259766,12.334667205810547,13.002164840698242,34.797298431396484,19.4952392578125,127.972412109375,64.33119201660156,30.58833885192871,61.04177474975586,75.92418670654297,99.4647216796875,157.75,66.31034851074219,89.92581176757812,129.8922576904297,41.47457504272461
2016-11-21,2.2864017486572266,54.7519416809082,25.75213623046875,38.97121047973633,121.02391815185547,12.3013334274292,13.343920707702637,34.823486328125,19.7313175201416,128.66180419921875,64.83330535888672,30.924785614013672,61.3088493347168,76.74150085449219,100.56588745117188,158.7100067138672,66.28439331054688,89.64518737792969,130.72665405273438,41.40605545043945
2016-11-22,2.3028769493103027,54.98583221435547,25.76827049255371,38.98114013671875,120.72576904296875,12.744667053222656,13.687219619750977,34.998085021972656,19.944639205932617,129.93846130371094,64.92745208740234,30.93227767944336,61.68589782714844,75.08810424804688,100.55638885498047,158.66000366210938,65.72223663330078,87.88345336914062,132.33453369140625,40.384952545166016
2016-11-23,2.314206600189209,54.33810043334961,25.636890411376953,38.683197021484375,120.09961700439453,12.87600040435791,13.691858291625977,35.006813049316406,20.146595001220703,129.0277862548828,64.86467742919922,30.745344161987305,61.94511413574219,74.7499008178711,99.2558822631836,158.11000061035156,58.81184768676758,88.14068603515625,133.44700622558594,41.24158477783203
2016-11-25,2.318885564804077,54.455047607421875,25.765968322753906,38.74428176879883,119.6424331665039,13.109999656677246,13.666342735290527,35.155208587646484,20.2603702545166,129.26611328125,65.47659301757812,31.051902770996094,61.92155075073242,75.2759780883789,100.36652374267578,158.17999267578125,59.78050231933594,88.96698760986328,132.81251525878906,41.46773910522461
2016-11-28,2.3176536560058594,54.52702331542969,25.715259552001953,39.02036666870117,119.67225646972656,13.074666976928711,13.503973960876465,35.18141555786133,20.248994827270508,128.7299041748047,65.17064666748047,31.216400146484375,61.52093505859375,74.28958892822266,98.11675262451172,156.97000122070312,58.11993408203125,88.18746185302734,132.20416259765625,40.7481689453125
2016-11-29,2.2964742183685303,54.9588508605957,25.689905166625977,39.20162582397461,120.12944793701172,12.637999534606934,13.565829277038574,35.399658203125,20.300186157226562,128.9256591796875,65.0294418334961,31.027908325195312,61.992225646972656,74.35535430908203,98.55342864990234,157.67999267578125,58.076690673828125,87.6807861328125,136.967041015625,42.207862854003906
2016-11-30,2.2706148624420166,54.212154388427734,25.473249435424805,38.528263092041016,117.69444274902344,12.626667022705078,13.182318687438965,35.08537673950195,20.032821655273438,127.75960540771484,64.69210052490234,30.424684524536133,62.97412109375,72.63619995117188,97.01559448242188,157.44000244140625,58.05075454711914,86.76094055175781,138.14939880371094,41.666473388671875
2016-12-01,2.1583166122436523,53.25853729248047,25.235857009887695,37.954715728759766,114.394775390625,12.125332832336426,12.586953163146973,33.784629821777344,20.10108757019043,129.14697265625,64.22138214111328,30.28895378112793,64.24662780761719,70.86070251464844,95.09805297851562,160.1199951171875,57.05614471435547,86.82331085205078,140.43560791015625,40.542572021484375
2016-12-02,2.178264617919922,53.30352020263672,25.330347061157227,37.961177825927734,114.69295501708984,12.097999572753906,12.697522163391113,33.61003494262695,20.160818099975586,129.44482421875,64.64502716064453,30.43221664428711,64.0973892211914,71.1331558227539,95.97138977050781,159.38999938964844,58.5610466003418,87.27542114257812,140.25234985351562,40.727603912353516
2016-12-05,2.262735366821289,54.17617416381836,25.148258209228516,38.644466400146484,116.71051025390625,12.453332901000977,12.845207214355469,34.02033996582031,19.893449783325195,129.1724853515625,65.10787963867188,30.628265380859375,65.40135955810547,72.62679290771484,98.29711151123047,160.2100067138672,58.17183303833008,87.25983428955078,137.54734802246094,41.70759201049805
2016-12-06,2.2999215126037598,53.933258056640625,25.341875076293945,38.54316329956055,116.59124755859375,12.390000343322754,12.739275932312012,34.45682907104492,20.012908935546875,128.52561950683594,65.04512786865234,30.590564727783203,65.7391128540039,72.43890380859375,96.82573699951172,161.33999633789062,58.638877868652344,87.3533706665039,137.27676391601562,42.228416442871094
2016-12-07,2.3412959575653076,55.210758209228516,25.59079360961914,39.30242919921875,117.22732543945312,12.876667022705078,13.032315254211426,35.1988639831543,20.224903106689453,130.9427947998047,66.0414810180664,31.133472442626953,66.03758239746094,74.50565338134766,99.91087341308594,164.69000244140625,58.27560806274414,86.60503387451172,139.091796875,41.11137771606445
2016-12-08,2.3021390438079834,54.886878967285156,25.842021942138672,39.48616027832031,118.18144989013672,12.81933307647705,13.199328422546387,35.22507095336914,20.15041732788086,134.12591552734375,65.50800323486328,30.89971160888672,66.86239624023438,74.47746276855469,99.50267028808594,164.11000061035156,58.111297607421875,86.51927947998047,139.02200317382812,41.73501205444336
2016-12-09,2.2612569332122803,55.750545501708984,26.26381492614746,40.19526672363281,118.94672393798828,12.812000274658203,13.847280502319336,35.37346649169922,20.0759334564209,135.92176818847656,66.1905517578125,31.668806076049805,67.15303039550781,74.34596252441406,99.11348724365234,164.86000061035156,58.68211364746094,87.50929260253906,139.72007751464844,42.17360305786133
2016-12-12,2.206339120864868,55.930458068847656,26.114002227783203,40.11830139160156,117.04842376708984,12.828666687011719,13.775370597839355,35.3647346496582,20.531423568725586,136.45797729492188,66.78678894042969,31.593416213989258,66.55604553222656,73.74473571777344,98.04080200195312,166.1199951171875,58.47453308105469,89.92581176757812,139.1703338623047,42.51625442504883
2016-12-13,2.2452495098114014,56.6591796875,26.54961395263672,40.48774719238281,119.57286071777344,13.210000038146973,13.874336242675781,35.582984924316406,20.568666458129883,135.98130798339844,66.82598876953125,31.48785972595215,66.57960510253906,74.40232849121094,98.07876586914062,166.6199951171875,59.36536407470703,90.33893585205078,140.08657836914062,42.48198699951172
2016-12-14,2.3752806186676025,56.3892936706543,26.54961395263672,40.614383697509766,119.47348022460938,13.246000289916992,13.812127113342285,35.687740325927734,20.4368953704834,135.31748962402344,66.1905517578125,31.073139190673828,66.55604553222656,74.33656311035156,98.04080200195312,165.05999755859375,58.526432037353516,89.63739013671875,139.4932403564453,42.2626838684082
2016-12-15,2.430938243865967,56.299312591552734,26.694822311401367,40.50314712524414,119.8312759399414,13.17199993133545,13.997973442077637,35.67028045654297,20.362407684326172,136.2707061767578,66.43372344970703,31.329513549804688,67.55362701416016,74.6842041015625,99.05652618408203,165.72999572753906,61.72651672363281,90.33893585205078,140.15635681152344,42.50254440307617
2016-12-16,2.472803831100464,56.04741287231445,26.729394912719727,40.214637756347656,119.13555908203125,13.499333381652832,13.874337196350098,34.133827209472656,20.333755493164062,136.52603149414062,66.43372344970703,31.4727840423584,66.72100830078125,73.60380554199219,98.18319702148438,164.75999450683594,63.40433883666992,90.3311538696289,143.05337524414062,42.63960266113281
2016-12-19,2.5028488636016846,57.23494338989258,26.88382339477539,40.34672927856445,118.50941467285156,13.51533317565918,14.03297233581543,33.959228515625,20.505645751953125,139.12193298339844,66.457275390625,31.41998291015625,67.10589599609375,73.36894226074219,98.2876205444336,165.35000610351562,63.499507904052734,90.44029235839844,140.9591522216797,42.63960266113281
2016-12-20,2.590028762817383,57.162967681884766,26.955272674560547,40.480796813964844,118.36034393310547,13.919333457946777,14.158172607421875,34.04652404785156,20.574398040771484,139.46238708496094,66.34745025634766,31.41244888305664,67.96996307373047,73.61322021484375,99.23688507080078,166.36000061035156,63.46491241455078,90.15966033935547,141.00277709960938,42.59848403930664
2016-12-21,2.6062824726104736,57.162967681884766,26.980621337890625,40.331825256347656,118.31065368652344,13.846667289733887,14.175276756286621,33.898109436035156,20.40824317932129,138.76443481445312,66.11992645263672,31.344594955444336,68.14276885986328,73.40653991699219,98.8856430053711,165.9499969482422,63.352455139160156,89.88683319091797,140.77589416503906,42.1119270324707
2016-12-22,2.637805223464966,57.17195510864258,26.80314826965332,40.206687927246094,116.68070220947266,13.896666526794434,14.043856620788574,34.0116081237793,19.935565948486328,137.9388427734375,66.26898193359375,31.329513549804688,68.25273895263672,73.18106842041016,99.01856994628906,166.02999877929688,63.36113357543945,89.98817443847656,140.9940948486328,42.255836486816406
2016-12-23,2.7035601139068604,56.893070220947266,26.85616111755371,40.11333084106445,116.55149841308594,14.22266674041748,14.148061752319336,33.85447311401367,19.921239852905273,137.94737243652344,66.65341186523438,31.367204666137695,68.37842559814453,73.41592407226562,99.39828491210938,165.32000732421875,63.81951141357422,90.39350891113281,142.2593536376953,42.721839904785156
2016-12-27,2.8892478942871094,56.92905807495117,27.02672576904297,40.21909713745117,117.2869644165039,14.635333061218262,14.176833152770996,33.8893928527832,19.967077255249023,137.92181396484375,66.3709716796875,31.3747501373291,68.44125366210938,73.60380554199219,99.48368835449219,164.9499969482422,63.8368034362793,90.35454559326172,141.91903686523438,42.83149719238281
2016-12-28,2.690506935119629,56.66815948486328,26.911481857299805,39.952945709228516,116.2036361694336,14.649333000183105,14.011975288391113,33.767181396484375,19.855350494384766,137.03671264648438,65.9551773071289,31.208860397338867,67.94638061523438,73.55684661865234,98.4205093383789,163.75,63.18815231323242,89.72312927246094,140.8719024658203,42.67387390136719
2016-12-29,2.7441933155059814,56.587196350097656,26.90456199645996,39.869022369384766,115.63712310791016,14.312000274658203,13.987093925476074,33.77589797973633,19.841026306152344,137.13888549804688,66.17483520507812,31.367204666137695,67.46723175048828,73.58501434326172,98.50594329833984,163.0500030517578,63.62059783935547,90.02713775634766,140.52284240722656,42.98910903930664
2016-12-30,2.628692388534546,55.90346908569336,26.694822311401367,39.35109329223633,114.3450927734375,14.246000289916992,13.746026992797852,33.5663948059082,19.800922393798828,136.2707061767578,65.96305084228516,31.261646270751953,67.78143310546875,73.29380798339844,98.01233673095703,162.97999572753906,63.61193084716797,89.80887603759766,139.65023803710938,42.913719177246094
2017-01-03,2.512207269668579,56.299312591552734,26.770883560180664,40.12376403808594,116.14400482177734,14.465999603271484,13.868117332458496,33.785491943359375,19.669139862060547,135.94728088378906,66.05717468261719,31.518007278442383,68.51981353759766,74.6842041015625,100.04376220703125,163.8300018310547,64.5200424194336,90.29996490478516,140.880615234375,42.76980972290039
2017-01-04,2.570819616317749,56.04741287231445,26.74091911315918,40.11185073852539,117.96279907226562,15.13266658782959,13.769355773925781,33.952003479003906,19.783740997314453,135.97280883789062,66.29251098632812,31.404909133911133,68.64618682861328,75.29476928710938,100.9930648803711,164.0800018310547,64.62386322021484,90.15189361572266,141.28201293945312,43.372886657714844
2017-01-05,2.5055572986602783,56.04741287231445,26.876903533935547,40.3725471496582,119.9306640625,15.116666793823242,13.55240249633789,33.86437225341797,19.826702117919922,138.65383911132812,66.73186492919922,31.48031234741211,68.0143051147461,76.17782592773438,101.77305603027344,163.3000030517578,65.37627410888672,91.09510040283203,141.51759338378906,43.70181655883789
2017-01-06,2.539051055908203,56.53322219848633,27.176538467407227,40.97787094116211,122.65388488769531,15.267333030700684,13.732033729553223,33.69785690307617,19.554555892944336,138.58575439453125,66.70833587646484,31.4727840423584,68.02220916748047,77.22998809814453,102.50550842285156,163.41000366210938,65.44547271728516,90.65855407714844,141.71832275390625,43.715538024902344
2017-01-09,2.6419920921325684,56.353294372558594,27.425460815429688,41.0756950378418,124.13475036621094,15.41866683959961,13.761585235595703,34.206153869628906,19.683467864990234,137.00265502929688,66.2140884399414,31.156082153320312,68.06958770751953,76.79786682128906,102.30574798583984,162.02000427246094,65.96440887451172,90.6429443359375,141.31690979003906,44.00334930419922
2017-01-10,2.622044086456299,56.335296630859375,27.453121185302734,41.01759338378906,123.5881118774414,15.324666976928711,14.04152774810791,33.881893157958984,19.545963287353516,137.5899200439453,65.50015258789062,30.94495391845703,68.2670669555664,76.38449096679688,102.08695983886719,161.47000122070312,65.96440887451172,90.54940032958984,140.9940948486328,43.90742874145508
2017-01-11,2.589782476425171,56.848087310791016,27.60062599182129,41.20878219604492,125.31744384765625,15.315333366394043,13.95209789276123,34.276268005371094,19.631898880004883,137.48780822753906,65.70413970947266,30.952497482299805,68.78046417236328,76.8448486328125,102.5531005859375,162.22999572753906,65.09088134765625,89.4347152709961,141.26455688476562,42.32223129272461
2017-01-12,2.5474231243133545,56.32630157470703,27.485387802124023,41.1923942565918,125.8442153930664,15.305999755859375,13.908554077148438,34.35516357421875,19.471485137939453,137.76864624023438,65.77472686767578,30.87709617614746,68.11698150634766,76.44088745117188,103.40918731689453,161.41000366210938,66.72549438476562,89.34894561767578,141.6746826171875,42.41913986206055
2017-01-13,2.547178030014038,56.407264709472656,27.43699073791504,41.26240539550781,127.55364990234375,15.850000381469727,14.032195091247559,34.407737731933594,19.23084259033203,137.76014709472656,65.90811157226562,30.824310302734375,68.48030853271484,76.25299835205078,103.39967346191406,161.89999389648438,66.94174194335938,89.3333740234375,141.18606567382812,42.91062545776367
2017-01-17,2.4900429248809814,56.25434112548828,27.658254623413086,41.089599609375,127.0865478515625,15.70533275604248,13.927989959716797,34.267513275146484,19.600393295288086,139.4197998046875,66.84955596923828,31.08068084716797,65.9922866821289,76.3375244140625,103.11431884765625,159.63999938964844,66.46602630615234,89.54383087158203,140.19131469726562,42.82062911987305
2017-01-18,2.5353567600250244,56.22734832763672,27.65595054626465,41.16706848144531,127.13624572753906,15.890666961669922,14.387569427490234,34.34638214111328,19.511579513549805,139.81134033203125,67.1579360961914,31.133472442626953,66.30032348632812,76.64753723144531,103.36162567138672,160.49000549316406,67.05415344238281,89.41130828857422,137.64329528808594,42.682193756103516
2017-01-19,2.589782476425171,56.04741287231445,27.607545852661133,40.9361572265625,126.76852416992188,16.250667572021484,14.429560661315918,34.363922119140625,19.371213912963867,139.32614135742188,66.97604370117188,31.020360946655273,65.79480743408203,76.77906799316406,103.23797607421875,159.41000366210938,66.45736694335938,89.02156066894531,138.48098754882812,42.488365173339844
2017-01-20,2.5614614486694336,56.44325637817383,27.658254623413086,41.12485885620117,126.26162719726562,16.315332412719727,14.858804702758789,34.942352294921875,19.245168685913086,139.78575134277344,69.1506118774414,31.156082153320312,66.08706665039062,76.88239288330078,104.59822845458984,160.2100067138672,66.43144226074219,88.98255920410156,138.4461212158203,42.329158782958984
2017-01-23,2.5880579948425293,56.64117431640625,27.676687240600586,41.93228530883789,128.14004516601562,16.594667434692383,14.852581977844238,34.77582550048828,19.093338012695312,138.73890686035156,68.76313781738281,31.239017486572266,66.11866760253906,77.17359924316406,104.2843246459961,158.80999755859375,66.00764465332031,88.79550170898438,138.8038330078125,42.197635650634766
2017-01-24,2.6432230472564697,57.14497375488281,27.651336669921875,42.185546875,128.5773468017578,16.974000930786133,15.377480506896973,35.143924713134766,19.308195114135742,139.30062866210938,69.47481536865234,31.593416213989258,66.9164047241211,78.18819427490234,104.5602035522461,160.72000122070312,64.73628997802734,87.11952209472656,139.9905548095703,41.93459701538086
2017-01-25,2.6545512676239014,57.288917541503906,28.09156608581543,42.62848663330078,130.67442321777344,16.96466636657715,15.745294570922852,35.187744140625,19.16208839416504,139.7006378173828,68.9212875366211,31.759294509887695,67.95111083984375,78.817626953125,104.81703186035156,164.25,64.73628997802734,87.93023681640625,140.69741821289062,42.488365173339844
2017-01-26,2.700357675552368,57.81968688964844,28.105392456054688,42.55548858642578,131.9664764404297,16.833999633789062,15.876709938049316,35.17021942138672,19.116256713867188,139.64108276367188,68.47846221923828,31.525554656982422,68.51981353759766,78.19757843017578,104.04654693603516,164.9199981689453,64.50276184082031,87.18186950683594,142.01498413085938,42.4122200012207
2017-01-27,2.7525672912597656,59.17814254760742,28.107694625854492,41.96208190917969,131.37013244628906,16.863332748413086,15.996471405029297,35.25784683227539,18.809730529785156,137.9303741455078,68.57337951660156,31.254104614257812,68.66197204589844,78.69550323486328,104.48408508300781,164.39999389648438,65.19466400146484,88.38235473632812,142.2244110107422,41.533111572265625
2017-01-30,2.709470272064209,58.59339141845703,28.03394317626953,40.90934371948242,130.177490234375,16.708667755126953,15.802841186523438,35.25784683227539,19.027450561523438,138.9431915283203,68.59707641601562,31.201322555541992,67.95111083984375,78.6297378540039,103.97042846679688,164.8000030517578,64.60653686523438,88.18746185302734,141.43907165527344,41.83075714111328
2017-01-31,2.6887826919555664,58.16156005859375,27.969406127929688,40.72858810424805,129.52154541015625,16.795333862304688,15.51356029510498,35.15269088745117,19.119121551513672,139.5389404296875,69.26922607421875,31.344594955444336,66.84529876708984,77.69971466064453,101.1452407836914,164.13999938964844,66.62171173095703,88.28099822998047,141.44784545898438,42.30146408081055
2017-02-01,2.8062548637390137,57.19895553588867,29.675003051757812,40.482784271240234,132.4136962890625,16.615999221801758,15.839385986328125,34.91604995727539,18.97301483154297,137.76014709472656,69.05570983886719,31.110837936401367,67.09806060791016,77.44603729248047,99.8801040649414,163.61000061035156,67.11467742919922,88.26541137695312,141.98007202148438,42.1491813659668
2017-02-02,2.84171724319458,56.8300895690918,29.624290466308594,40.63275146484375,130.03834533691406,16.770000457763672,15.867378234863281,35.03874588012695,19.107664108276367,143.1136016845703,69.39573669433594,31.216400146484375,66.813720703125,77.31454467773438,100.01325225830078,163.0,66.93305969238281,88.53044891357422,140.27853393554688,42.1491813659668
2017-02-03,2.8168437480926514,57.288917541503906,29.751060485839844,40.725608825683594,130.177490234375,16.755332946777344,16.031455993652344,35.43313217163086,19.05036735534668,143.25828552246094,69.11897277832031,31.321977615356445,68.85943603515625,80.86558532714844,101.38304901123047,163.94000244140625,66.79470825195312,88.58502197265625,141.2471466064453,41.99688720703125
2017-02-06,2.8890016078948975,57.25291442871094,30.02994155883789,40.79960632324219,131.25086975097656,17.184667587280273,16.06256103515625,35.143924713134766,19.021717071533203,142.16033935546875,69.11106872558594,31.337045669555664,68.53561401367188,80.63070678710938,101.3925552368164,163.4199981689453,67.31359100341797,88.39793395996094,140.06040954589844,41.98305892944336
2017-02-07,2.9338223934173584,57.064002990722656,30.315752029418945,41.177490234375,131.0322265625,17.165332794189453,16.012022018432617,35.11762619018555,19.16208839416504,142.5774383544922,69.59343719482422,31.593416213989258,68.49610900878906,80.58373260498047,101.40208435058594,162.92999267578125,67.20120239257812,88.46031188964844,140.07781982421875,41.92074966430664
2017-02-08,2.921016216278076,56.9830322265625,30.433292388916016,41.20977020263672,133.37774658203125,17.472000122070312,16.088224411010742,35.07380676269531,19.425640106201172,143.7294921875,69.84646606445312,31.68389320373535,67.89582824707031,79.93550872802734,101.51622772216797,162.8699951171875,67.55577087402344,88.39793395996094,139.88583374023438,41.89305877685547
2017-02-09,2.8660974502563477,57.630775451660156,30.65320587158203,41.21870803833008,133.318115234375,17.946666717529297,15.967697143554688,35.25784683227539,19.78946876525879,145.8971405029297,70.11530303955078,31.103303909301758,68.875244140625,80.39583587646484,102.06793212890625,164.0399932861328,67.20120239257812,88.9280014038086,139.99932861328125,42.114566802978516
2017-02-10,2.7981269359588623,57.576812744140625,30.583763122558594,41.45656967163086,133.36782836914062,17.948667526245117,15.981693267822266,35.74863815307617,19.48579978942871,146.7846221923828,69.56177520751953,30.598115921020508,68.71726989746094,80.69644927978516,102.0394058227539,164.00999450683594,67.2790298461914,89.83226776123047,140.26980590820312,41.82383346557617
2017-02-13,2.6690821647644043,58.22453308105469,30.85460090637207,41.66066360473633,133.2286834716797,18.706666946411133,16.07423210144043,36.01155471801758,19.4141845703125,146.75057983398438,69.83064270019531,30.628265380859375,69.62562561035156,81.20375061035156,103.0001449584961,165.85000610351562,67.71437072753906,90.3311538696289,141.351806640625,41.886138916015625
2017-02-14,2.6789326667785645,58.4417610168457,31.255062103271484,41.71379470825195,133.02992248535156,18.73200035095215,15.96692180633545,36.02033233642578,19.669139862060547,148.1757049560547,69.47481536865234,30.56039810180664,70.73929595947266,81.58892059326172,103.5708999633789,166.9499969482422,68.61991119384766,90.705322265625,142.34658813476562,42.10072326660156
2017-02-15,2.6843504905700684,58.405555725097656,31.36849594116211,41.5792236328125,132.62242126464844,18.650667190551758,16.018239974975586,36.292015075683594,19.6777400970459,149.34487915039062,72.05262756347656,30.49254608154297,71.55284881591797,82.39363861083984,104.31287384033203,167.27999877929688,69.87371826171875,91.360107421875,143.35879516601562,42.675270080566406
2017-02-16,2.6412534713745117,58.39649963378906,31.331453323364258,41.820064544677734,133.01995849609375,17.93000030517578,16.188541412353516,36.449771881103516,19.729307174682617,149.98489379882812,71.79168701171875,31.06559181213379,71.50543212890625,82.27130889892578,103.97042846679688,167.74000549316406,69.69086456298828,92.04611206054688,142.80030822753906,42.55760192871094
2017-02-17,2.6407599449157715,58.48701477050781,31.4171085357666,42.037559509277344,132.7118682861328,18.148666381835938,16.361953735351562,36.86167907714844,19.87253761291504,150.07879638671875,72.02891540527344,31.08821678161621,71.26850891113281,82.3183364868164,104.08454895019531,168.57000732421875,69.99559783935547,92.65413665771484,137.53854370117188,42.75833511352539
2017-02-21,2.735327959060669,58.36933898925781,31.643970489501953,42.17263412475586,132.90072631835938,18.492666244506836,16.54391098022461,37.04573059082031,20.468399047851562,151.00047302246094,72.48755645751953,31.261646270751953,71.88458251953125,82.7513198852539,104.78849029541016,168.9199981689453,69.969482421875,93.27775573730469,140.11273193359375,42.79986572265625
2017-02-22,2.7311370372772217,58.251686096191406,31.738866806030273,42.27641296386719,135.28599548339844,18.233999252319336,16.65355682373047,37.25606155395508,20.54288673400879,150.6334991455078,72.3056869506836,31.367204666137695,71.92405700683594,82.63836669921875,104.1036148071289,169.61000061035156,70.58767700195312,93.16862487792969,140.11273193359375,42.47452163696289
2017-02-23,2.4778971672058105,58.48701477050781,31.604598999023438,42.258541107177734,134.53067016601562,17.06599998474121,16.37516975402832,37.65044021606445,20.428295135498047,150.07032775878906,72.0605697631836,31.41244888305664,71.97936248779297,82.99601745605469,105.34021759033203,170.14999389648438,71.87632751464844,94.86797332763672,141.88414001464844,42.876007080078125
2017-02-24,2.5018157958984375,58.48701477050781,31.634693145751953,42.100135803222656,134.61016845703125,17.133333206176758,16.358842849731445,37.83448028564453,20.73768424987793,151.52955627441406,71.99729919433594,31.50293731689453,71.34750366210938,83.23135375976562,105.5875244140625,170.22000122070312,72.15494537353516,96.303955078125,142.2854766845703,42.9798469543457
2017-02-27,2.574556827545166,58.1340217590332,31.69720458984375,42.19249725341797,135.57421875,16.415332794189453,16.585124969482422,37.422576904296875,20.55147361755371,151.580810546875,71.87077331542969,31.41998291015625,71.4264907836914,82.8266372680664,105.17848205566406,170.6300048828125,72.32036590576172,96.0450210571289,144.30992126464844,43.069828033447266
2017-02-28,2.502307891845703,57.907752990722656,31.711097717285156,41.95711898803711,134.7095489501953,16.666000366210938,16.402385711669922,37.326168060302734,20.319435119628906,151.20523071289062,72.01309204101562,31.63865089416504,71.57654571533203,82.7701187133789,105.07388305664062,171.4199981689453,72.10270690917969,95.89593505859375,144.30992126464844,42.806793212890625
2017-03-01,2.5346107482910156,58.776641845703125,32.3592529296875,42.54407501220703,136.57803344726562,16.667999267578125,16.729764938354492,37.61538314819336,20.181926727294922,151.78558349609375,72.47962951660156,31.789464950561523,73.9302978515625,83.75840759277344,106.83365631103516,177.27999877929688,73.00823974609375,97.1906509399414,146.54376220703125,43.492088317871094
2017-03-02,2.4411568641662598,57.934898376464844,32.167110443115234,42.20143127441406,135.92208862304688,16.698667526245117,16.896949768066406,37.58909606933594,20.27073097229004,151.88796997070312,71.88658905029297,32.0232048034668,72.77713775634766,83.32542419433594,105.90145874023438,175.88999938964844,72.18977355957031,97.01017761230469,145.99404907226562,43.78282165527344
2017-03-03,2.4271013736724854,58.15212631225586,32.3569221496582,42.16320037841797,136.32957458496094,16.771333694458008,16.977046966552734,37.413814544677734,20.061607360839844,145.29971313476562,71.5623779296875,32.030738830566406,73.29842376708984,83.5701675415039,106.29146575927734,175.67999267578125,72.9472885131836,97.13570404052734,146.77066040039062,43.84510803222656
2017-03-06,2.4083616733551025,58.17021560668945,32.25507354736328,42.07331848144531,136.57803344726562,16.747333526611328,16.947500228881836,37.30863952636719,20.018640518188477,142.2872314453125,71.45960235595703,31.804540634155273,72.60335540771484,83.71134185791016,105.92997741699219,175.39999389648438,72.99082946777344,97.07293701171875,147.2069854736328,43.990482330322266
2017-03-07,2.4347453117370605,58.28789138793945,32.296749114990234,42.26598358154297,136.45877075195312,16.57266616821289,17.04936981201172,37.33493423461914,20.01578140258789,142.51766967773438,71.39630889892578,31.661272048950195,72.20051574707031,83.82430267333984,105.54948425292969,175.3000030517578,72.041748046875,97.16709899902344,146.85797119140625,44.087398529052734
2017-03-08,2.430307149887085,58.8219108581543,32.17637634277344,42.38963317871094,136.87620544433594,16.45800018310547,17.07891845703125,37.34370040893555,20.14274787902832,141.8690643310547,71.27769470214844,31.661272048950195,72.04255676269531,83.73015594482422,105.5685043334961,174.97000122070312,72.62513732910156,97.37895965576172,147.06373596191406,44.39889144897461
2017-03-09,2.4298133850097656,58.58656692504883,32.102298736572266,42.59819412231445,137.3930206298828,16.32666778564453,17.26399040222168,37.1947021484375,20.160062789916992,141.46800231933594,71.43585205078125,31.69143295288086,72.326904296875,83.87135314941406,105.38777160644531,175.3699951171875,73.61775207519531,98.83061981201172,147.1513214111328,44.64808654785156
2017-03-10,2.444115400314331,58.76759719848633,32.20878982543945,42.77547073364258,137.93963623046875,16.246000289916992,17.601478576660156,37.405059814453125,20.22932243347168,141.1266326904297,72.01309204101562,31.88749122619629,72.0978775024414,84.45489501953125,105.78730010986328,174.97999572753906,73.45230102539062,99.03465270996094,148.87673950195312,45.60335159301758
2017-03-13,2.5114333629608154,58.56846618652344,32.22268295288086,42.932884216308594,138.7446746826172,16.411333084106445,17.609251022338867,37.317413330078125,20.18603515625,140.42686462402344,72.202880859375,31.971155166625977,72.16104888916016,84.81255340576172,106.09169006347656,175.38999938964844,73.2607421875,99.40345764160156,149.07815551757812,45.582584381103516
2017-03-14,2.5097060203552246,58.29695129394531,32.1740608215332,42.998931884765625,138.46641540527344,17.200000762939453,17.445955276489258,37.50144577026367,20.40823745727539,141.01568603515625,71.9577407836914,31.925525665283203,72.27953338623047,84.28548431396484,105.1023941040039,174.72999572753906,73.53938293457031,99.69375610351562,148.0709228515625,45.4579963684082
2017-03-15,2.5286929607391357,58.60467529296875,32.51434326171875,43.1220817565918,138.86392211914062,17.048667907714844,17.56881332397461,37.72930908203125,20.36784553527832,142.12506103515625,72.27406311035156,32.03962326049805,72.45327758789062,84.63373565673828,106.55780029296875,174.6699981689453,74.77572631835938,101.1925277709961,150.4532470703125,46.067138671875
2017-03-16,2.559762477874756,58.5051155090332,32.56757354736328,43.20203399658203,139.13229370117188,17.469999313354492,17.36962890625,40.078086853027344,20.327444076538086,142.56886291503906,72.3056869506836,32.13850402832031,72.38218688964844,84.7466812133789,107.17610931396484,174.0800018310547,74.00084686279297,100.80017852783203,150.03282165527344,45.61720275878906
2017-03-17,2.6154892444610596,58.713294982910156,32.405540466308594,43.31971740722656,138.98318481445312,17.433332443237305,17.277454376220703,40.01674270629883,20.168724060058594,143.20889282226562,71.9577407836914,31.971155166625977,71.62393188476562,84.93492126464844,107.32832336425781,172.82000732421875,73.10400390625,100.48628234863281,148.63148498535156,45.471832275390625
2017-03-20,2.698834180831909,58.76759719848633,32.745826721191406,43.09824752807617,139.08261108398438,17.461332321166992,17.282136917114258,39.639888763427734,20.194690704345703,142.8931427001953,72.1317138671875,32.08525085449219,71.11051940917969,83.93722534179688,106.92877197265625,172.07000732421875,73.19108581542969,100.49414825439453,147.1425323486328,45.547969818115234
2017-03-21,2.611544370651245,58.115928649902344,32.37082290649414,42.21583557128906,137.66136169433594,16.711999893188477,16.87437629699707,39.298091888427734,20.171606063842773,142.3299102783203,72.10798645019531,32.32867431640625,69.02531433105469,82.88306427001953,105.3116683959961,169.47000122070312,72.90375518798828,99.85071563720703,146.8798065185547,45.23646926879883
2017-03-22,2.664806604385376,58.85810470581055,32.736576080322266,42.19895553588867,138.73475646972656,17.000667572021484,16.983741760253906,39.25426483154297,20.272613525390625,143.09800720214844,71.94983673095703,32.23738479614258,69.1358871459961,83.31603240966797,106.01557922363281,169.3000030517578,73.45230102539062,99.0738754272461,146.29296875,45.354148864746094
2017-03-23,2.6406409740448,58.713294982910156,32.62083053588867,41.694923400878906,138.67510986328125,16.985332489013672,16.93999671936035,39.39448928833008,20.160062789916992,142.4322967529297,71.7758560180664,32.0776481628418,69.02531433105469,83.63606262207031,106.15825653076172,169.88999938964844,73.5045394897461,98.79139709472656,144.76901245117188,45.44414138793945
2017-03-24,2.6500110626220703,58.8128547668457,32.556007385253906,41.47097396850586,139.4801483154297,17.54400062561035,17.104812622070312,39.13157272338867,20.087921142578125,141.68136596679688,71.61773681640625,32.03962326049805,68.94630432128906,83.94666290283203,106.51972961425781,168.66000366210938,73.29556274414062,98.46183776855469,144.51502990722656,45.42338180541992
2017-03-27,2.6692452430725098,58.92145919799805,32.611568450927734,41.63831329345703,139.46026611328125,18.014667510986328,17.111066818237305,39.298091888427734,20.102352142333984,141.79226684570312,71.5544662475586,32.191749572753906,68.90682983398438,83.72074890136719,106.48170471191406,167.44000244140625,73.34781646728516,98.71290588378906,144.16461181640625,45.75564193725586
2017-03-28,2.6554365158081055,59.09342956542969,33.287506103515625,41.74359130859375,140.8914337158203,18.496667861938477,17.259485244750977,39.166622161865234,20.292808532714844,142.32138061523438,71.76797485351562,32.27542495727539,69.9810562133789,83.88075256347656,106.9858627319336,168.30999755859375,73.79185485839844,98.6030502319336,144.821533203125,45.672576904296875
2017-03-29,2.646806001663208,59.25634002685547,33.36157989501953,42.202430725097656,141.77597045898438,18.492000579833984,17.28761100769043,39.01763916015625,20.41401481628418,142.8846435546875,71.64144134521484,32.2678108215332,69.72038269042969,83.93722534179688,106.59586334228516,166.58999633789062,73.52195739746094,98.02239990234375,143.14865112304688,45.527198791503906
2017-03-30,2.6976006031036377,59.473567962646484,33.317604064941406,42.18306350708008,141.5374755859375,18.527999877929688,17.188398361206055,39.15786361694336,20.6593074798584,143.27719116210938,71.32513427734375,32.40474319458008,70.3206787109375,83.77725982666016,107.17610931396484,167.36000061035156,73.80057525634766,97.8183822631836,144.5062713623047,45.312625885009766
2017-03-31,2.6860125064849854,59.60934066772461,33.255104064941406,42.09963607788086,141.17967224121094,18.553333282470703,17.104036331176758,39.09650802612305,20.80070686340332,143.10647583007812,71.04838562011719,32.283023834228516,69.38074493408203,83.64544677734375,106.9858627319336,166.67999267578125,73.23460388183594,97.73210144042969,143.6479034423828,45.10496139526367
2017-04-03,2.672450065612793,59.32875442504883,33.26434326171875,42.54407501220703,141.40826416015625,19.90133285522461,17.09153938293457,39.09650802612305,20.728559494018555,142.2616424560547,70.9139633178711,32.26021957397461,69.12796783447266,84.10664367675781,106.76704406738281,166.8699951171875,73.53065490722656,97.8419189453125,145.03173828125,45.01496505737305
2017-04-04,2.485048532485962,59.49165344238281,33.51204299926758,42.33649826049805,140.8616180419922,20.246667861938477,17.104036331176758,39.078983306884766,20.7805118560791,142.73106384277344,71.0958251953125,32.46559143066406,69.35836029052734,83.56076049804688,106.62438201904297,166.86000061035156,74.95858001708984,97.83407592773438,144.4887237548828,45.070335388183594
2017-04-05,2.4665544033050537,59.337806701660156,33.33843231201172,42.154754638671875,140.98089599609375,19.666667938232422,16.961082458496094,38.9913330078125,20.676618576049805,142.51766967773438,71.14328002929688,32.38191604614258,68.4686508178711,83.79602813720703,106.81499481201172,165.8300018310547,74.55807495117188,97.9282455444336,144.83909606933594,44.96650695800781
2017-04-06,2.4845547676086426,59.49165344238281,33.255104064941406,41.96556091308594,140.30502319335938,19.913333892822266,16.989986419677734,38.71965408325195,20.613134384155273,145.09495544433594,70.69255828857422,32.457977294921875,68.69905853271484,83.8525161743164,107.15811157226562,166.47000122070312,74.32299041748047,98.12440490722656,144.81277465820312,45.04958724975586
2017-04-07,2.473951816558838,59.4464225769043,33.18101501464844,41.816585540771484,139.91744995117188,20.16933250427246,17.048582077026367,38.81605911254883,21.03734016418457,145.60693359375,70.55814361572266,32.41234588623047,68.46073913574219,83.5230941772461,106.9770278930664,166.1699981689453,74.28815460205078,98.02239990234375,145.40835571289062,45.36800003051758
2017-04-10,2.410827398300171,59.31064987182617,33.14166259765625,41.79672622680664,140.17584228515625,20.826000213623047,17.03061294555664,38.7280387878418,21.08350944519043,146.11900329589844,70.76371002197266,32.47319793701172,68.2223892211914,83.63606262207031,107.05326843261719,166.35000610351562,74.41876220703125,97.5672836303711,144.93544006347656,44.973426818847656
2017-04-11,2.419456720352173,59.265403747558594,32.78518295288086,41.70634460449219,139.06271362304688,20.58066749572754,16.9938907623291,38.87767028808594,21.190288543701172,145.61549377441406,71.00886535644531,32.45037841796875,68.10324096679688,83.62662506103516,106.85311889648438,165.6999969482422,74.81930541992188,97.47310638427734,145.24200439453125,44.86855697631836
2017-04-12,2.3994855880737305,59.03913116455078,32.82453536987305,41.78480911254883,138.7248077392578,19.78933334350586,16.341636657714844,38.886474609375,21.193172454833984,145.22293090820312,71.41212463378906,32.66336441040039,67.84110260009766,83.46661376953125,106.24314880371094,165.11000061035156,75.09791564941406,98.39904022216797,145.00552368164062,45.00139236450195
2017-04-13,2.3546063899993896,58.78568649291992,32.65092468261719,41.72124481201172,138.53598022460938,20.266666412353516,16.50723648071289,38.7280387878418,21.109481811523438,144.087890625,71.19074249267578,32.54927444458008,67.04666900634766,83.64544677734375,106.00484466552734,162.89999389648438,74.77572631835938,98.07732391357422,144.47998046875,44.83360290527344
2017-04-17,2.4468278884887695,59.265403747558594,32.83147430419922,42.463626861572266,140.55352783203125,20.09600067138672,16.70642852783203,38.98329162597656,21.207603454589844,144.82186889648438,71.47538757324219,32.76225662231445,68.20650482177734,84.53020477294922,107.38687133789062,164.35000610351562,71.72830963134766,98.65015411376953,146.42437744140625,44.95944595336914
2017-04-18,2.4483072757720947,59.18394088745117,32.685638427734375,42.40701675415039,140.0963592529297,20.016666412353516,16.64628028869629,39.18574523925781,21.323030471801758,145.18881225585938,71.79961395263672,33.07414245605469,67.65042877197266,84.45489501953125,107.24388885498047,163.69000244140625,70.70087432861328,95.58987426757812,147.65928649902344,44.498050689697266
2017-04-19,2.4579238891601562,58.86715316772461,32.56526565551758,42.53215026855469,141.39833068847656,20.368000030517578,16.687681198120117,38.8952751159668,21.37497901916504,145.1290740966797,71.39322662353516,32.88396072387695,67.0943603515625,84.47370910644531,107.02467346191406,162.75999450683594,70.43095397949219,95.23678588867188,148.2373504638672,44.35823440551758
2017-04-20,2.4968836307525635,59.28349685668945,32.97267532348633,42.70943069458008,142.91897583007812,20.167333602905273,17.045448303222656,39.194541931152344,21.585634231567383,145.2058563232422,71.17810821533203,32.77747344970703,67.96025085449219,85.79144287109375,109.21682739257812,164.97999572753906,71.34520721435547,95.62911224365234,150.2430419921875,44.588924407958984
2017-04-21,2.5072414875030518,60.09807205200195,32.93334197998047,42.653316497802734,142.79966735839844,20.373332977294922,17.00248908996582,39.10652542114258,21.626039505004883,145.73501586914062,70.61238861083984,32.76225662231445,67.14200592041016,85.79144287109375,108.9118423461914,163.41000366210938,71.30166625976562,95.54280853271484,149.91026306152344,44.61689376831055
2017-04-24,2.5385560989379883,61.12083053588867,33.250465393066406,43.64547348022461,144.57872009277344,20.53533363342285,17.282136917114258,39.467403411865234,21.57986831665039,147.06625366210938,71.35340118408203,32.92201614379883,69.50931549072266,86.45026397705078,110.27478790283203,165.77999877929688,72.63383483886719,96.42949676513672,150.93499755859375,45.204139709472656
2017-04-25,2.5826938152313232,61.47380447387695,33.45648193359375,44.13758087158203,145.59246826171875,20.91933250427246,17.435243606567383,39.36177444458008,21.65778350830078,147.3649444580078,71.71195220947266,32.79269027709961,70.113037109375,86.69499969482422,110.68465423583984,167.52999877929688,70.70087432861328,96.85323333740234,152.4326629638672,45.511749267578125
2017-04-26,2.5649404525756836,61.392356872558594,33.25971603393555,44.15247344970703,145.6620330810547,20.67799949645996,17.316499710083008,39.335365295410156,21.767444610595703,150.88099670410156,69.9111557006836,32.89158630371094,70.24810028076172,86.4220199584961,110.7227554321289,167.6300048828125,70.49190521240234,96.91600036621094,152.73045349121094,45.46979904174805
2017-04-27,2.604886293411255,61.79058837890625,33.285179138183594,44.266685485839844,146.79505920410156,20.575332641601562,17.426651000976562,39.40578079223633,21.770326614379883,151.4356689453125,69.87135314941406,32.716617584228516,69.59668731689453,86.2149658203125,111.6091537475586,166.5500030517578,70.81404113769531,97.09647369384766,152.94944763183594,46.189876556396484
2017-04-28,2.5718448162078857,61.96257781982422,33.25279235839844,45.90936279296875,149.32940673828125,20.937999725341797,17.248554229736328,39.573020935058594,21.695301055908203,151.4954376220703,69.58448028564453,32.8231086730957,69.11211395263672,85.85733032226562,110.86570739746094,165.2100067138672,71.44969177246094,96.88462829589844,153.16839599609375,46.09899139404297
2017-05-01,2.629544973373413,62.822418212890625,33.9310302734375,46.32151412963867,151.52589416503906,21.52199935913086,17.288389205932617,39.6522331237793,21.709728240966797,151.78558349609375,69.39326477050781,32.87635803222656,69.15975189208984,85.89495086669922,110.91336059570312,165.44000244140625,71.24070739746094,96.7826156616211,152.9144287109375,46.47650909423828
2017-05-02,2.5516245365142822,62.72285461425781,34.14630889892578,46.53355026245117,151.84393310546875,21.25933265686035,17.611003875732422,39.7226448059082,21.793415069580078,152.40850830078125,68.70006561279297,33.005672454833984,68.71490478515625,87.0997085571289,112.58132934570312,166.0500030517578,71.13621520996094,97.0650863647461,152.520263671875,46.58136749267578
2017-05-03,2.5706117153167725,62.523719787597656,34.042144775390625,47.0976676940918,150.8699188232422,20.73466682434082,17.568038940429688,39.51140594482422,21.862674713134766,153.4582977294922,68.86737060546875,32.95241928100586,69.11211395263672,87.00559997558594,111.82833862304688,166.72999572753906,70.74440002441406,96.77476501464844,151.11891174316406,46.65827178955078
2017-05-04,2.560749053955078,62.27935028076172,33.919456481933594,47.409019470214844,149.92575073242188,19.69733238220215,17.450864791870117,40.02192306518555,22.030048370361328,155.7026824951172,68.88330841064453,33.211063385009766,69.19154357910156,87.17499542236328,112.39068603515625,166.33999633789062,72.30296325683594,97.26126861572266,152.4151611328125,47.00083541870117
2017-05-05,2.560994863510132,62.45131301879883,34.481956481933594,47.188533782958984,149.3195037841797,20.55666732788086,17.689115524291992,40.118736267089844,22.076221466064453,153.78253173828125,68.92314910888672,33.2338752746582,69.11211395263672,86.67617797851562,111.99040222167969,166.5500030517578,71.84152221679688,96.91600036621094,152.50274658203125,46.83305358886719
2017-05-08,2.534118175506592,62.397003173828125,35.41948318481445,47.60615158081055,150.1344451904297,20.479333877563477,17.58209800720215,40.10112762451172,21.9665584564209,153.28530883789062,68.96300506591797,33.38600540161133,69.19154357910156,86.51615142822266,111.14212036132812,165.02000427246094,70.23941802978516,96.71197509765625,152.78302001953125,46.28774642944336
2017-05-09,2.5383098125457764,62.487518310546875,35.64631652832031,47.50783157348633,149.55801391601562,21.417333602905273,17.846128463745117,40.030731201171875,22.139711380004883,153.3207550048828,68.84347534179688,33.096946716308594,68.91353607177734,86.5914535522461,110.9515151977539,163.4600067138672,70.34391021728516,96.68061065673828,151.73202514648438,46.25979232788086
2017-05-10,2.990786552429199,62.73188400268555,35.47734832763672,47.414974212646484,149.36915588378906,21.681333541870117,18.070316314697266,40.07471466064453,22.282060623168945,152.581787109375,68.91519165039062,33.1425895690918,69.4537124633789,86.82674407958984,111.18025207519531,163.72000122070312,70.57027435302734,96.36672973632812,151.86338806152344,46.126953125
2017-05-11,3.119255304336548,61.96257781982422,35.78416442871094,47.46710968017578,149.12071228027344,21.540000915527344,18.05156898498535,39.74905776977539,22.116472244262695,152.50161743164062,68.66023254394531,33.21865463256836,69.23920440673828,86.68557739257812,111.06587219238281,163.27000427246094,70.2986068725586,96.6727523803711,151.8020782470703,45.65156555175781
2017-05-12,3.1535305976867676,61.89014434814453,36.28392791748047,47.42987060546875,149.40895080566406,21.65399932861328,18.431989669799805,39.678646087646484,21.994457244873047,152.16323852539062,68.67615509033203,33.157814025878906,69.04854583740234,87.27855682373047,111.63774108886719,163.32000732421875,70.27232360839844,97.01799774169922,150.47955322265625,46.18288803100586
2017-05-15,3.311835765838623,61.9354133605957,36.19094467163086,47.632469177246094,149.26980590820312,21.058666229248047,18.67180824279785,39.88987731933594,22.162948608398438,152.7776641845703,68.7876968383789,33.26430130004883,69.38219451904297,87.74915313720703,112.66708374023438,163.8000030517578,70.36874389648438,99.64667510986328,150.23428344726562,46.609336853027344
2017-05-16,3.373481512069702,63.182518005371094,36.137474060058594,47.90012741088867,148.8623046875,21.134000778198242,18.800689697265625,39.86348342895508,21.820148468017578,152.2700958251953,68.71598052978516,33.3555793762207,69.59668731689453,87.673828125,112.93397521972656,163.61000061035156,69.2207260131836,100.25873565673828,147.24766540527344,46.73517608642578
2017-05-17,3.149338483810425,61.425662994384766,34.924137115478516,46.78581237792969,143.96250915527344,20.407333374023438,18.058603286743164,38.93049240112305,21.82305335998535,150.62271118164062,68.73191833496094,33.41643524169922,66.94342041015625,86.5188217163086,111.32319641113281,161.25999450683594,68.4758529663086,99.39558410644531,147.8957977294922,45.70050048828125
2017-05-18,3.281259536743164,61.63503646850586,35.456424713134766,47.199459075927734,146.7552947998047,20.87066650390625,18.564786911010742,38.87767028808594,22.526086807250977,152.02076721191406,68.4211654663086,33.31755065917969,66.6971435546875,86.47166442871094,110.78945922851562,161.6199951171875,68.61607360839844,99.63099670410156,150.1642608642578,45.88226318359375
2017-05-19,3.3570406436920166,61.6168098449707,35.57727813720703,47.405540466308594,147.15286254882812,20.722000122070312,18.286693572998047,39.00090026855469,22.88341522216797,152.8399658203125,68.71598052978516,33.39362335205078,67.34854888916016,87.19766235351562,112.06661224365234,163.24000549316406,68.17790222167969,99.654541015625,151.1627197265625,45.847320556640625
2017-05-22,3.428624153137207,62.308616638183594,35.793460845947266,47.873313903808594,147.33175659179688,20.690000534057617,18.621023178100586,39.28256607055664,22.819499969482422,153.5167236328125,68.69207763671875,33.60660934448242,67.2850112915039,87.98026275634766,113.42007446289062,165.1300048828125,67.45934295654297,99.85856628417969,153.0107421875,45.74944305419922
2017-05-23,3.382465124130249,62.51799774169922,35.74930953979492,48.195091247558594,147.16278076171875,20.257333755493164,18.477298736572266,39.22093963623047,22.802072525024414,153.5790557861328,68.58848571777344,33.7663459777832,68.12706756591797,88.49885559082031,113.99191284179688,165.47999572753906,68.34441375732422,100.06254577636719,153.46621704101562,46.02908706665039
2017-05-24,3.420478343963623,62.59990692138672,35.64238357543945,48.54567337036133,149.12071228027344,20.681333541870117,18.716325759887695,39.45859146118164,22.703298568725586,154.05990600585938,68.92314910888672,34.25318145751953,68.08734893798828,89.39460754394531,115.04032135009766,164.92999267578125,68.31812286376953,100.05472564697266,153.7902069091797,46.09200668334961
2017-05-25,3.4128258228302,63.373653411865234,35.76557540893555,49.253292083740234,151.02894592285156,21.121999740600586,18.814746856689453,39.78425216674805,22.749780654907227,155.59152221679688,69.21001434326172,34.542236328125,67.80134582519531,89.61145782470703,116.20314025878906,165.3000030517578,68.651123046875,100.73403930664062,155.94485473632812,46.364654541015625
2017-05-26,3.5011956691741943,63.683170318603516,35.70514678955078,49.32331085205078,151.19790649414062,21.676000595092773,18.842090606689453,39.837066650390625,22.69748306274414,158.37872314453125,69.520751953125,34.52701187133789,67.8093032836914,89.26260375976562,115.9267349243164,165.69000244140625,68.3969955444336,100.25220489501953,155.46310424804688,46.18288803100586
2017-05-30,3.5759878158569336,64.09278869628906,35.719085693359375,49.46731948852539,151.44638061523438,22.34000015258789,18.7335147857666,39.977901458740234,22.703298568725586,159.32257080078125,69.64028930664062,34.55744552612305,66.64949035644531,89.30974578857422,115.94578552246094,165.11000061035156,68.65990447998047,100.40225219726562,154.66610717773438,46.154911041259766
2017-05-31,3.563152551651001,63.573909759521484,35.5075569152832,49.01642608642578,150.5320281982422,22.733999252319336,18.706954956054688,39.951507568359375,22.834026336669922,160.6671600341797,70.19007110595703,34.5878791809082,65.25932312011719,89.79061126708984,117.11812591552734,165.27999877929688,69.72899627685547,101.30274963378906,153.43109130859375,46.154911041259766
2017-06-01,3.56339955329895,63.810585021972656,35.60519027709961,49.07601547241211,150.60159301757812,22.691333770751953,18.324975967407227,40.3035774230957,23.185543060302734,160.84530639648438,70.2219467163086,34.831295013427734,65.98219299316406,89.95091247558594,117.61372375488281,166.66000366210938,70.09706115722656,101.72138214111328,157.28489685058594,46.63729476928711
2017-06-02,3.5456268787384033,65.32164001464844,36.13282775878906,49.46483612060547,152.66885375976562,22.656667709350586,19.882583618164062,40.189151763916016,23.13034439086914,161.14804077148438,70.58847045898438,34.907352447509766,65.64855194091797,90.65806579589844,119.32935333251953,166.2899932861328,70.21974182128906,102.74822235107422,157.11849975585938,47.01482009887695
2017-06-05,3.653496265411377,65.79499816894531,35.77951431274414,49.850181579589844,152.688720703125,23.154666900634766,19.701353073120117,40.417991638183594,23.316268920898438,162.13648986816406,70.70799255371094,34.98343276977539,65.76773071289062,91.03523254394531,119.99649810791016,166.52000427246094,69.53620910644531,102.96941375732422,157.10092163085938,47.196590423583984
2017-06-06,3.636958122253418,66.0134506225586,35.9003791809082,49.492645263671875,151.87374877929688,23.523332595825195,19.830244064331055,40.14513397216797,22.92989158630371,161.5754852294922,70.75577545166016,34.97582244873047,65.90276336669922,90.31863403320312,119.36743927001953,166.1300048828125,69.308349609375,103.34064483642578,158.37095642089844,47.448265075683594
2017-06-07,3.6808953285217285,65.89513397216797,36.114227294921875,49.731990814208984,152.1818389892578,23.976667404174805,19.86305046081543,39.960304260253906,22.993806838989258,162.24334716796875,70.73188018798828,34.61830139160156,66.6574478149414,90.60150146484375,119.31978607177734,166.5,69.5712661743164,103.2774658203125,160.46421813964844,48.06346893310547
2017-06-08,3.9479780197143555,65.49459838867188,36.02590560913086,49.87004089355469,153.7621307373047,24.666667938232422,19.915393829345703,39.977901458740234,22.92989158630371,161.53985595703125,69.99884796142578,34.32925033569336,67.48358154296875,90.60150146484375,118.90997314453125,166.94000244140625,70.19345092773438,103.11946868896484,159.1329345703125,48.070465087890625
2017-06-09,3.692744016647339,64.01083374023438,34.628944396972656,48.173744201660156,148.6834259033203,23.821332931518555,19.00847816467285,39.6346321105957,23.07224464416504,160.62266540527344,70.245849609375,34.47377395629883,69.08031463623047,89.15888214111328,117.27062225341797,170.0,71.01717376708984,103.89356994628906,158.9314727783203,48.7066535949707
2017-06-12,3.7018773555755615,63.5192985534668,33.801448822021484,47.761085510253906,147.530517578125,23.93400001525879,18.956140518188477,39.476192474365234,23.019954681396484,159.9636993408203,70.30955505371094,34.48139190673828,69.09623718261719,88.159423828125,115.09751892089844,170.5,70.8945083618164,104.12264251708984,156.995849609375,48.608787536621094
2017-06-13,3.737175703048706,64.31124877929688,34.073402404785156,48.19261169433594,149.7567901611328,25.06333351135254,18.97722816467285,39.59062576293945,23.101293563842773,160.73843383789062,70.16617584228516,34.535064697265625,69.32659912109375,89.64917755126953,116.58438873291016,171.47000122070312,71.20121765136719,104.28060913085938,158.5723876953125,48.7066535949707
2017-06-14,3.74507474899292,63.965335845947266,33.74102783203125,48.06499481201172,149.32940673828125,25.37733268737793,18.78976058959961,39.44098663330078,23.211694717407227,161.77139282226562,70.46894836425781,34.74213409423828,69.18358612060547,89.87548065185547,116.75594329833984,171.4499969482422,71.50792694091797,104.87303161621094,159.7197265625,49.30088424682617
2017-06-15,3.7611186504364014,63.628509521484375,33.53879165649414,47.680145263671875,148.88218688964844,25.022666931152344,18.66973304748535,39.32657241821289,22.92408561706543,160.3376922607422,71.21792602539062,34.70378875732422,68.7705078125,88.7911605834961,115.72657775878906,170.5500030517578,71.90228271484375,105.08629608154297,158.63800048828125,49.35683059692383
2017-06-16,3.7426061630249023,63.71956253051758,33.069278717041016,47.6026725769043,149.717041015625,24.760000228881836,18.533227920532227,39.68744659423828,21.857913970947266,148.80616760253906,71.44105529785156,34.74980926513672,68.46073913574219,88.7911605834961,116.24124908447266,170.47999572753906,71.7533187866211,106.12104797363281,159.73733520507812,49.67141342163086
2017-06-19,3.8833060264587402,64.51150512695312,34.01530075073242,48.42699432373047,151.9333953857422,24.65333366394043,18.917619705200195,40.25075912475586,21.933454513549805,146.33956909179688,71.60040283203125,34.80350112915039,69.96210479736328,89.3757553100586,117.3182601928711,171.5500030517578,72.15641021728516,105.89987182617188,160.95980834960938,49.87415313720703
2017-06-20,3.8776278495788574,63.63763427734375,33.70615768432617,48.11763000488281,151.31716918945312,24.81599998474121,18.826631546020508,40.347591400146484,21.945068359375,145.05722045898438,71.41712188720703,34.979888916015625,69.52516174316406,88.98917388916016,117.16576385498047,170.5500030517578,72.51570129394531,106.01836395263672,161.1796417236328,49.790260314941406
2017-06-21,3.9363768100738525,63.965335845947266,33.906044006347656,48.59434127807617,152.96701049804688,25.093332290649414,19.229063034057617,40.77887725830078,22.14842414855957,145.2799072265625,71.23387145996094,34.680789947509766,69.20745849609375,89.14002227783203,117.32781982421875,169.6199951171875,72.4193115234375,106.56342315673828,162.63075256347656,49.87415313720703
2017-06-22,3.9092235565185547,63.95625686645508,33.85026550292969,48.49650955200195,152.46014404296875,25.507333755493164,19.14434242248535,44.273189544677734,21.93925666809082,142.28793334960938,70.93905639648438,34.56574249267578,69.12797546386719,88.58372497558594,117.5184326171875,168.32000732421875,73.88276672363281,107.46385192871094,164.02035522460938,51.16050338745117
2017-06-23,3.7971584796905518,64.82099914550781,34.00135040283203,48.966766357421875,154.1199188232422,25.56333351135254,19.240049362182617,44.84531784057617,21.741710662841797,139.91929626464844,71.24982452392578,34.70378875732422,69.00090789794922,90.12062072753906,118.19512176513672,167.22000122070312,73.51473236083984,107.76399230957031,162.9209747314453,50.782989501953125
2017-06-26,3.755688428878784,64.20199584960938,33.89442825317383,48.27156448364258,152.64895629882812,25.166000366210938,19.04313850402832,44.7661018371582,21.933454513549805,142.65301513671875,71.20199584960938,34.84185028076172,69.30276489257812,89.78118133544922,117.72808074951172,167.49000549316406,73.85648345947266,107.69290924072266,162.8066864013672,50.8528938293457
2017-06-27,3.6181976795196533,63.000465393066406,33.408626556396484,47.07978820800781,149.6574249267578,24.158000946044922,18.461057662963867,44.66929244995117,22.081607818603516,141.81597900390625,70.60440063476562,34.55040740966797,69.94623565673828,89.4794692993164,116.98470306396484,167.35000610351562,72.76985168457031,106.64237976074219,162.34934997558594,50.60820388793945
2017-06-28,3.7458152770996094,63.537513732910156,33.896751403808594,47.72135925292969,152.30111694335938,24.749332427978516,18.90978240966797,44.774898529052734,22.22686004638672,142.6262969970703,70.41317749023438,34.75748825073242,71.3522720336914,90.73348236083984,118.95763397216797,169.88999938964844,72.82241821289062,105.70240783691406,163.31675720214844,50.97874069213867
2017-06-29,3.620666265487671,62.34504699707031,33.39700698852539,46.56980514526367,150.1145782470703,24.049999237060547,18.35985565185547,44.1851806640625,22.05837059020996,141.29949951171875,69.31359100341797,34.38167953491211,72.40882110595703,89.02685546875,115.8123779296875,169.3000030517578,72.47187805175781,104.7703628540039,162.9385986328125,50.671146392822266
2017-06-30,3.5683367252349854,62.74556350708008,33.476043701171875,46.165592193603516,150.05496215820312,24.107332229614258,18.28219985961914,44.13236618041992,21.985740661621094,142.41259765625,69.44109344482422,34.39702224731445,72.60742950439453,88.42343139648438,115.75517272949219,169.3699951171875,72.1213607788086,104.493896484375,163.0705108642578,50.69211196899414
2017-07-03,3.4392380714416504,62.05376052856445,33.35516357421875,45.6580924987793,147.52056884765625,23.507999420166016,18.024106979370117,43.445823669433594,21.892778396606445,141.4241943359375,69.9111557006836,34.32799530029297,74.08515167236328,88.01798248291016,115.11658477783203,171.8000030517578,72.47187805175781,104.97571563720703,164.15223693847656,50.62919998168945
2017-07-05,3.5310630798339844,62.882102966308594,33.492305755615234,46.293704986572266,149.4188690185547,21.805999755859375,18.169233322143555,43.533843994140625,21.881153106689453,140.7117919921875,69.85540771484375,34.37400436401367,74.82798767089844,88.64030456542969,116.47248840332031,171.85000610351562,72.47187805175781,105.56021881103516,165.55941772460938,50.671146392822266
2017-07-06,3.5416769981384277,62.41783905029297,33.17619705200195,46.0667724609375,147.90818786621094,20.588666915893555,18.43830680847168,42.99692153930664,21.92473030090332,139.88365173339844,69.61637878417969,34.05189514160156,74.58837127685547,87.92369079589844,115.34576416015625,170.1999969482422,71.50792694091797,104.67555236816406,164.4072723388672,50.146812438964844
2017-07-07,3.6226415634155273,63.2280158996582,33.513221740722656,46.71827697753906,150.5121612548828,20.881332397460938,18.79759979248047,43.437015533447266,21.884063720703125,137.2300262451172,69.8394775390625,34.04423141479492,74.96379852294922,88.55545806884766,116.68253326416016,171.13999938964844,72.11258697509766,104.69134521484375,165.30435180664062,50.356544494628906
2017-07-10,3.793949842453003,63.701358795166016,33.717769622802734,47.22429275512695,152.55950927734375,21.06999969482422,18.966264724731445,43.674659729003906,21.273990631103516,134.46072387695312,69.39326477050781,34.036556243896484,74.43661499023438,89.65858459472656,117.1885986328125,170.25,72.10382843017578,103.90936279296875,164.41607666015625,50.21671676635742
2017-07-11,3.8477604389190674,63.710453033447266,33.82701873779297,47.34992980957031,154.31866455078125,21.814666748046875,18.89723014831543,43.903533935546875,21.343713760375977,134.5586700439453,69.1382827758789,33.99821853637695,74.1490478515625,89.96031951904297,118.62088012695312,169.24000549316406,72.1651611328125,103.6566390991211,163.53660583496094,50.22370910644531
2017-07-12,4.011415958404541,64.7663803100586,33.87583923339844,48.05158615112305,157.9264373779297,21.968000411987305,19.33104705810547,44.40522766113281,21.480257034301758,135.12860107421875,69.28968048095703,34.13624954223633,73.89344787597656,90.68633270263672,119.62348937988281,169.9199981689453,73.17294311523438,104.44647216796875,164.1873779296875,50.7033805847168
2017-07-13,3.9650111198425293,65.33076477050781,34.34769058227539,48.110679626464844,158.28421020507812,21.560667037963867,19.400867462158203,44.31721115112305,21.802717208862305,136.77593994140625,69.08250427246094,34.07490158081055,74.36470031738281,90.46004486083984,119.8049087524414,169.69000244140625,73.62863159179688,104.15422821044922,163.12327575683594,51.232418060302734
2017-07-14,4.071644306182861,66.2501449584961,34.64287185668945,48.51091384887695,158.9898681640625,21.851999282836914,19.63463592529297,44.502052307128906,22.177480697631836,136.24166870117188,69.40125274658203,34.266639709472656,73.6857681274414,91.39348602294922,121.2753677368164,169.47000122070312,73.91783142089844,104.73875427246094,164.37210083007812,51.57100296020508
2017-07-17,4.0543646812438965,66.76898193359375,34.76374816894531,48.46373748779297,158.75132751464844,21.30466651916504,19.535015106201172,44.56388473510742,22.18619155883789,136.09922790527344,69.7597885131836,34.304988861083984,72.99883270263672,91.29920959472656,121.67637634277344,170.16000366210938,73.2956314086914,104.38328552246094,163.88839721679688,51.28179168701172
2017-07-18,4.096575736999512,66.72350311279297,34.88461685180664,49.00947570800781,161.8621826171875,21.882667541503906,19.68092155456543,44.572731018066406,22.136804580688477,134.90594482421875,70.62831115722656,34.25896072387695,72.74324798583984,92.00638580322266,121.96283721923828,170.30999755859375,73.34819030761719,106.20793151855469,164.32810974121094,50.95027542114258
2017-07-19,4.075346946716309,67.23323059082031,35.103118896484375,49.298484802246094,163.1343231201172,21.68400001525879,19.957050323486328,45.05864715576172,22.04093360900879,134.6744384765625,70.94953918457031,34.38167953491211,72.84705352783203,92.63813018798828,122.25884246826172,171.1999969482422,73.81266784667969,106.80032348632812,166.3861083984375,51.3311653137207
2017-07-20,4.134589672088623,67.56092834472656,34.94505310058594,49.269683837890625,163.52194213867188,21.994667053222656,19.88096046447754,45.17351150512695,22.08451271057129,134.45181274414062,71.15027618408203,34.37400436401367,72.84705352783203,92.50611114501953,122.66944122314453,171.3300018310547,74.26834106445312,107.87459564208984,168.41766357421875,52.20587158203125
2017-07-21,4.149400234222412,67.1695327758789,34.92877960205078,49.351619720458984,163.4225616455078,21.893333435058594,19.85586166381836,44.8819465637207,22.12228012084961,133.96205139160156,71.1583251953125,34.535064697265625,72.59945678710938,93.9110107421875,123.43331909179688,171.33999633789062,74.18949890136719,106.87934112548828,168.6639404296875,52.6431999206543
2017-07-24,4.101266860961914,66.99658203125,35.35182571411133,49.57358932495117,164.98292541503906,22.834667205810547,19.849580764770508,44.84660720825195,22.337255477905273,134.46072387695312,70.81301879882812,34.38936233520508,72.91098022460938,94.63702392578125,123.67206573486328,171.3699951171875,74.25959777832031,105.06258392333984,167.8811798095703,52.13531494140625
2017-07-25,4.081517696380615,67.53363037109375,35.50292205810547,48.11961364746094,164.267333984375,22.639999389648438,19.94921112060547,45.20884323120117,22.810789108276367,136.39303588867188,71.58393096923828,34.696128845214844,74.12508392333984,94.27872467041016,124.11125946044922,172.94000244140625,72.02496337890625,104.1700210571289,167.45022583007812,51.154815673828125
2017-07-26,4.128666400909424,67.40620422363281,35.670284271240234,47.93488693237305,164.59530639648438,22.92333221435547,20.16179847717285,45.20884323120117,22.921180725097656,135.4313201904297,71.71244812011719,35.079593658447266,73.43014526367188,95.08960723876953,125.0757064819336,173.02000427246094,71.71824645996094,103.4354476928711,167.75808715820312,51.20420455932617
2017-07-27,3.99241042137146,66.5960464477539,34.99618911743164,47.29927062988281,169.39572143554688,22.297332763671875,19.68641471862793,44.572731018066406,23.17682647705078,135.81422424316406,72.82064819335938,35.37102127075195,73.12664794921875,93.88272857666016,123.10870361328125,173.0500030517578,72.75230407714844,103.34064483642578,166.15740966796875,50.597572326660156
2017-07-28,4.057822227478027,66.48680877685547,34.74980926513672,47.58828353881836,171.39341735839844,22.33799934387207,19.640911102294922,44.440185546875,23.185543060302734,136.14370727539062,72.44319152832031,35.286659240722656,72.91098022460938,93.48672485351562,122.13471984863281,174.0,72.82241821289062,104.14634704589844,168.10984802246094,49.687618255615234
2017-07-31,4.011415958404541,66.17729949951172,34.570831298828125,46.951171875,168.2130126953125,21.564666748046875,19.349872589111328,44.11330032348633,23.237831115722656,141.14817810058594,72.93305969238281,35.156288146972656,73.32633209228516,93.87327575683594,122.02970123291016,174.97000122070312,72.43683624267578,104.83353424072266,168.6903076171875,49.313758850097656
2017-08-01,4.060291290283203,66.06809997558594,34.87765121459961,47.003807067871094,168.81927490234375,21.30466651916504,19.485578536987305,44.31651306152344,23.38599395751953,142.22561645507812,73.15792083740234,35.04890441894531,74.30879974365234,95.10845947265625,123.64338684082031,176.2899932861328,72.18270874023438,104.66764831542969,169.0596466064453,49.64529800415039
2017-08-02,4.057822227478027,65.77679443359375,36.5256462097168,47.05744171142578,168.26271057128906,21.72599983215332,19.875471115112305,43.9719352722168,23.394710540771484,143.61474609375,73.1097412109375,34.96454620361328,74.3727035522461,95.49503326416016,124.71284484863281,177.85000610351562,71.70072174072266,104.39119720458984,169.7368927001953,49.87807083129883
2017-08-03,4.109412670135498,65.67666625976562,36.16072463989258,46.692955017089844,167.5570526123047,23.139333724975586,19.63463592529297,44.37835693359375,23.49348258972168,140.61383056640625,72.96517944335938,35.02590560913086,73.88545989990234,94.8444595336914,124.02532958984375,178.99000549316406,71.79711151123047,105.3311538696289,171.2935028076172,50.07557678222656
2017-08-04,4.127432823181152,66.15911865234375,36.351314544677734,46.965579986572266,168.5807342529297,23.79400062561035,19.546777725219727,44.13980484008789,23.380184173583984,139.3048553466797,72.81261444091797,34.89552688598633,74.81201934814453,95.1273193359375,123.95850372314453,179.9199981689453,72.13013458251953,105.1968765258789,171.3902587890625,50.07557678222656
2017-08-07,4.254307746887207,65.90422058105469,36.9138298034668,46.96358108520508,170.92628479003906,23.67799949645996,19.803295135498047,43.85708236694336,23.612592697143555,139.75904846191406,73.43096923828125,35.002899169921875,75.09957885742188,95.69306182861328,124.4931869506836,178.0399932861328,71.91980743408203,104.94412231445312,171.30227661132812,50.23780822753906
2017-08-08,4.203704357147217,66.25924682617188,37.20902633666992,46.8861198425293,170.1808624267578,24.347999572753906,19.718576431274414,43.379981994628906,23.702648162841797,140.47134399414062,73.54339599609375,34.97220993041992,74.82798767089844,95.49503326416016,123.97762298583984,176.42999267578125,71.83216857910156,104.47806549072266,171.40782165527344,50.41416931152344
2017-08-09,4.248384952545166,65.96794891357422,37.43681716918945,46.682029724121094,170.13119506835938,24.235332489013672,19.546777725219727,43.34466552734375,23.85758399963379,139.67884826660156,73.81641387939453,34.96454620361328,74.70817565917969,95.20274353027344,123.86302947998047,178.05999755859375,72.35796356201172,105.2363510131836,171.34629821777344,50.80213928222656
2017-08-10,4.06646203994751,65.00306701660156,36.244380950927734,45.86317443847656,166.37432861328125,23.69333267211914,18.883106231689453,42.496498107910156,23.57987403869629,139.48297119140625,73.67190551757812,35.079593658447266,73.63782501220703,93.80728912353516,121.90557861328125,176.36000061035156,71.90228271484375,105.12579345703125,169.3586883544922,49.687618255615234
2017-08-11,3.8497350215911865,65.9952621459961,36.74842834472656,46.18595504760742,167.05018615722656,23.857999801635742,19.15453338623047,42.62018585205078,23.503862380981445,139.49185180664062,73.35064697265625,34.96454620361328,73.02277374267578,94.37299346923828,122.74579620361328,175.33999633789062,71.56712341308594,105.13371276855469,169.75448608398438,49.82164764404297
2017-08-14,4.156805038452148,66.98747253417969,37.30147171020508,46.62492370605469,169.70384216308594,24.253332138061523,19.68327522277832,43.15911102294922,23.59156036376953,140.61383056640625,73.59960174560547,35.125606536865234,73.87747192382812,96.05135345458984,125.17115783691406,177.2899932861328,71.86701965332031,105.43384552001953,170.36129760742188,49.95566940307617
2017-08-15,4.121753215789795,67.00579071044922,37.7098388671875,46.58271408081055,169.95230102539062,24.155332565307617,19.901355743408203,43.141448974609375,23.612028121948242,139.6967315673828,74.041259765625,35.42470932006836,74.06917572021484,96.76792907714844,125.63903045654297,177.47000122070312,72.06103515625,105.35488891601562,171.05606079101562,49.6170654296875
2017-08-16,4.0765814781188965,67.3992919921875,37.55816650390625,46.890098571777344,168.95843505859375,24.194000244140625,19.88018035888672,43.51251220703125,23.673416137695312,142.71609497070312,74.2340087890625,35.43238830566406,73.55794525146484,97.57540893554688,126.39335632324219,178.5399932861328,71.16149139404297,105.97887420654297,170.41404724121094,49.67351150512695
2017-08-17,3.985743761062622,66.2553482055664,36.837100982666016,46.06528091430664,165.88735961914062,23.461332321166992,19.372621536254883,42.89406967163086,23.299222946166992,141.6529998779297,73.93685150146484,35.17162322998047,72.40775299072266,96.47988891601562,124.97067260742188,177.16000366210938,68.61274719238281,105.08629608154297,169.47299194335938,49.271427154541016
2017-08-18,3.986485004425049,66.33773803710938,36.75309371948242,45.991790771484375,166.38430786132812,23.163999557495117,19.56245994567871,42.955902099609375,23.18520736694336,140.32199096679688,74.25809478759766,35.02590560913086,72.47962188720703,96.81040954589844,125.21890258789062,177.55999755859375,67.96896362304688,104.76243591308594,167.81961059570312,49.34903335571289
2017-08-21,3.9284772872924805,66.0265884399414,36.6854248046875,45.72810745239258,166.75201416015625,22.52400016784668,19.582075119018555,43.203285217285156,23.302148818969727,140.31304931640625,74.5712661743164,35.03357696533203,72.39176940917969,97.48095703125,125.98277282714844,178.33999633789062,68.24232482910156,105.41012573242188,168.8837432861328,49.87100601196289
2017-08-22,4.015936374664307,66.95086669921875,37.28513717651367,46.69792175292969,168.60064697265625,22.75666618347168,20.019023895263672,43.52134704589844,23.39276885986328,141.76919555664062,74.51507568359375,34.97220993041992,73.13462829589844,98.28369140625,127.7587890625,180.4499969482422,69.0184555053711,106.39749145507812,171.3110809326172,50.611671447753906
2017-08-23,4.096230983734131,66.54820251464844,37.33180618286133,46.806175231933594,167.67633056640625,23.51799964904785,20.154747009277344,43.35348129272461,23.375234603881836,142.36770629882812,74.2340087890625,34.92620086669922,73.22248840332031,97.44318389892578,127.06175994873047,179.97999572753906,68.92144012451172,104.89671325683594,170.82740783691406,50.44943618774414
2017-08-24,4.081159591674805,66.520751953125,37.166141510009766,46.523624420166016,166.7122802734375,23.528667449951172,20.008041381835938,43.45951461791992,22.901649475097656,135.18544006347656,74.09748077392578,34.82650375366211,73.10265350341797,97.48095703125,126.95674133300781,178.42999267578125,69.54756927490234,104.96781921386719,171.27590942382812,50.86561965942383
2017-08-25,4.0470662117004395,66.63971710205078,37.30381393432617,46.20631408691406,165.3009796142578,23.203332901000977,19.26593589782715,43.503692626953125,22.98642349243164,136.18597412109375,74.29022216796875,34.94921112060547,73.39817810058594,97.60374450683594,126.75621795654297,179.60000610351562,69.4858627319336,104.67372131347656,170.9329071044922,51.12662124633789
2017-08-28,4.075725078582764,66.64889526367188,37.679508209228516,46.088626861572266,166.21533203125,23.04400062561035,19.082366943359375,43.503692626953125,22.811023712158203,136.27528381347656,74.25809478759766,34.834171295166016,73.16658020019531,98.00981903076172,127.80657196044922,178.6999969482422,69.52995300292969,104.72138977050781,171.57492065429688,51.719139099121094
2017-08-29,4.069052696228027,66.85018920898438,38.015541076660156,46.467010498046875,167.0203857421875,23.157333374023438,18.963130950927734,43.68922424316406,23.02735137939453,137.17745971679688,74.13764190673828,34.857177734375,72.7671890258789,98.00039672851562,127.7969970703125,178.6199951171875,69.27417755126953,105.09501647949219,173.01722717285156,52.12120819091797
2017-08-30,4.093265533447266,67.72874450683594,38.11821746826172,46.85831069946289,168.87889099121094,23.545333862304688,19.299659729003906,43.998443603515625,22.96010971069336,137.96363830566406,73.7762680053711,34.811153411865234,72.93492889404297,97.96259307861328,127.7587890625,180.35000610351562,70.9850845336914,104.18879699707031,172.2696990966797,52.14236831665039
2017-08-31,4.186159610748291,68.42424011230469,38.26988220214844,47.43484115600586,170.91636657714844,23.726667404174805,19.77427101135254,44.466697692871094,22.822715759277344,140.0182647705078,74.09748077392578,34.93387222290039,72.59945678710938,97.76428985595703,127.28134155273438,181.16000366210938,71.69062042236328,105.22218322753906,174.9257049560547,53.11581802368164
2017-09-01,4.211358547210693,67.6646728515625,38.28157043457031,47.27345275878906,170.966064453125,23.69333267211914,19.8260498046875,44.72291564941406,22.910411834716797,141.35824584960938,74.3062515258789,35.11027145385742,73.2464370727539,98.1231460571289,127.22407531738281,180.72999572753906,70.6235122680664,104.15702819824219,175.6732177734375,53.200443267822266
2017-09-05,4.098946571350098,67.3626708984375,37.82185745239258,46.751548767089844,169.67401123046875,23.305999755859375,19.537363052368164,44.99681091308594,23.32846450805664,142.1621856689453,74.4588394165039,35.2176399230957,71.49716186523438,97.28266143798828,126.67027282714844,176.97999572753906,70.39421081542969,103.25873565673828,175.28628540039062,53.08053970336914
2017-09-06,4.096477031707764,67.17048645019531,37.78217315673828,46.77836608886719,171.03561401367188,22.968666076660156,19.563249588012695,45.06748962402344,23.410314559936523,141.912109375,74.4588394165039,35.248313903808594,71.97640991210938,97.44318389892578,126.88990020751953,176.7899932861328,71.00273132324219,103.870849609375,174.4683380126953,54.35024642944336
2017-09-07,4.115500450134277,68.03070831298828,37.63050079345703,47.16917037963867,172.14877319335938,23.374000549316406,19.34124183654785,45.70359802246094,23.422006607055664,142.2872772216797,74.65961456298828,35.49372863769531,70.71436309814453,98.7464370727539,130.36557006835938,173.99000549316406,71.91108703613281,105.0791015625,174.94509887695312,57.68673324584961
2017-09-08,4.044100761413574,67.70126342773438,37.01677703857422,46.74807357788086,169.90261840820312,22.893333435058594,19.14982795715332,45.57107925415039,23.05950164794922,140.5274658203125,74.55523681640625,35.50907897949219,70.62650299072266,98.62367248535156,131.02435302734375,175.5,73.12812042236328,104.11724853515625,174.57427978515625,60.19791793823242
2017-09-11,4.175288200378418,68.4150619506836,37.68650817871094,46.8414306640625,172.44691467285156,24.246000289916992,19.434589385986328,46.375064849853516,23.117979049682617,140.57212829589844,75.47871398925781,35.677799224853516,71.72081756591797,100.24803924560547,135.5789794921875,177.8699951171875,72.87236022949219,105.8899154663086,176.18988037109375,61.36885070800781
2017-09-12,4.190358638763428,68.34185791015625,37.53716278076172,47.00828170776367,171.9002685546875,24.183332443237305,19.387523651123047,46.6224479675293,23.27291488647461,142.96620178222656,75.09329223632812,35.831180572509766,72.59945678710938,100.3046875,135.98959350585938,178.6300048828125,72.4666976928711,105.42884063720703,174.3270721435547,61.897911071777344
2017-09-13,4.209136962890625,68.82688903808594,37.254798889160156,47.19647979736328,171.98974609375,24.415332794189453,19.316925048828125,46.64894485473633,23.345991134643555,145.60150146484375,75.1253890991211,35.946224212646484,72.80711364746094,99.94583892822266,133.77430725097656,178.9199981689453,72.69600677490234,105.28575897216797,175.0863037109375,62.40577697753906
2017-09-14,4.185171127319336,68.42424011230469,36.93510818481445,46.684513092041016,169.91253662109375,25.176000595092773,19.372621536254883,46.64012908935547,23.293373107910156,145.04766845703125,75.1253890991211,35.64474868774414,72.66334533691406,100.18195343017578,135.08251953125,178.57000732421875,73.26043701171875,106.66097259521484,174.55665588378906,62.934810638427734
2017-09-15,4.449772357940674,68.91837310791016,37.30847930908203,46.44417190551758,170.58837890625,25.320667266845703,19.65503692626953,43.06193161010742,23.498014450073242,144.98507690429688,74.90054321289062,35.69886016845703,73.18254089355469,99.44529724121094,135.18753051757812,179.88999938964844,72.70480346679688,106.87556457519531,174.95388793945312,61.62985610961914
2017-09-18,4.633582592010498,68.78114318847656,37.02610778808594,46.1690673828125,168.96835327148438,25.666667938232422,19.677875518798828,42.699710845947266,23.386924743652344,143.74339294433594,74.8041763305664,35.64474868774414,74.22091674804688,99.00142669677734,135.01565551757812,181.47000122070312,72.7753677368164,107.61487579345703,174.9627227783203,60.18380355834961
2017-09-19,4.628642559051514,69.03734588623047,37.04012680053711,46.522132873535156,171.46299743652344,25.00666618347168,19.673147201538086,42.44348907470703,23.40154457092285,144.32403564453125,75.62328338623047,35.54425048828125,75.0356674194336,99.54918670654297,136.0564727783203,183.00999450683594,72.07864379882812,107.4876480102539,171.83761596679688,60.92445373535156
2017-09-20,4.591333389282227,68.57980346679688,36.41939163208008,47.052467346191406,171.11512756347656,24.92733383178711,19.133586883544922,42.38163375854492,23.533092498779297,145.4764404296875,75.80797576904297,35.3896369934082,75.56285858154297,99.13365173339844,135.81776428222656,183.82000732421875,72.33440399169922,105.89786529541016,172.80873107910156,61.6580810546875
2017-09-21,4.465829849243164,67.91175079345703,35.79402160644531,47.0529670715332,170.06161499023438,24.43199920654297,18.934307098388672,42.38163375854492,23.389850616455078,144.2525634765625,74.39461517333984,35.09587860107422,75.90632629394531,99.45477294921875,135.3211669921875,183.16000366210938,73.48973083496094,104.7293472290039,172.33204650878906,61.6580810546875
2017-09-22,4.422348976135254,68.09477233886719,35.44398498535156,46.839942932128906,169.49508666992188,23.4060001373291,18.844505310058594,42.54950714111328,23.24952507019043,144.0828399658203,74.0733871459961,35.16545867919922,75.74655151367188,99.69087982177734,135.48350524902344,181.86000061035156,74.001220703125,104.44315338134766,170.40748596191406,61.70746994018555
2017-09-25,4.224700927734375,67.0423812866211,35.13130187988281,46.39401626586914,161.87210083007812,22.999332427978516,18.550703048706055,42.38163375854492,23.138439178466797,145.01187133789062,74.4588394165039,35.320072174072266,75.17945098876953,97.29207611083984,132.31346130371094,182.52000427246094,74.64502716064453,104.26829528808594,169.27749633789062,61.06553268432617
2017-09-26,4.248419284820557,67.0423812866211,35.73567199707031,46.550437927246094,163.2039031982422,23.016666412353516,18.68932342529297,42.33745193481445,23.20860481262207,146.56626892089844,74.40265655517578,35.22730255126953,74.84395599365234,97.2165298461914,132.1224365234375,181.86000061035156,74.2746353149414,104.08543395996094,170.11611938476562,60.2049674987793
2017-09-27,4.341559410095215,67.5822982788086,35.99003601074219,47.666236877441406,166.6526336669922,22.731332778930664,18.950057983398438,42.54950714111328,23.17936897277832,146.87893676757812,72.97322082519531,34.50837707519531,76.0261459350586,98.11368560791016,133.36367797851562,183.27000427246094,74.65384674072266,103.1395034790039,171.69638061523438,59.78174591064453
2017-09-28,4.340324401855469,67.6006088256836,35.76835632324219,47.910057067871094,167.69619750976562,22.639999389648438,19.135957717895508,42.47882080078125,23.079975128173828,146.41436767578125,72.98925018310547,34.71709442138672,76.1858901977539,98.76536560058594,133.86985778808594,183.2100067138672,74.96250915527344,102.91697692871094,173.11769104003906,62.75141143798828
2017-09-29,4.416665077209473,68.16798400878906,35.96437454223633,48.35251235961914,169.8230743408203,22.739999771118164,19.104442596435547,42.717369079589844,22.84317970275879,146.76278686523438,73.0615463256836,34.79439926147461,76.28971862792969,99.38865661621094,134.8246612548828,183.32000732421875,75.43872833251953,103.34620666503906,172.89700317382812,62.680877685546875
2017-10-02,4.422348976135254,68.27783203125,35.89202117919922,48.04214859008789,168.43165588378906,22.768667221069336,18.941396713256836,43.11494064331055,22.93379783630371,148.19210815429688,73.69596862792969,34.632057189941406,77.3520736694336,99.57750701904297,135.4166717529297,185.41000366210938,76.1530990600586,104.30805969238281,174.3006134033203,63.7601432800293
2017-10-03,4.431488513946533,67.9574966430664,36.04837417602539,48.27106475830078,168.9186553955078,23.209333419799805,18.864986419677734,43.017757415771484,23.158899307250977,147.46852111816406,73.97704315185547,34.93354797363281,77.75943756103516,99.71916961669922,136.5625,185.6699981689453,76.24127960205078,105.0075454711914,175.35116577148438,63.27339172363281
2017-10-04,4.468547344207764,68.35102081298828,35.81499481201172,48.00788497924805,167.38807678222656,23.667333602905273,19.06190299987793,43.203285217285156,23.12089729309082,147.5846710205078,74.21795654296875,35.173194885253906,76.96868896484375,99.45477294921875,135.6744842529297,185.8300018310547,76.6910400390625,105.63553619384766,176.98439025878906,63.414485931396484
2017-10-05,4.466075420379639,69.52238464355469,36.26072692871094,48.92208480834961,170.1908416748047,23.68866729736328,19.19344711303711,43.212120056152344,23.214445114135742,149.24627685546875,73.90474700927734,35.18864822387695,78.00508880615234,100.33306121826172,137.472412109375,187.1199951171875,77.2995834350586,105.87401580810547,174.70669555664062,63.61197280883789
2017-10-06,4.479169845581055,69.5498275756836,36.239715576171875,49.34168243408203,171.17477416992188,23.79199981689453,19.356502532958984,42.761539459228516,23.09458351135254,140.33087158203125,74.14569854736328,35.16545867919922,77.8685073852539,100.79580688476562,137.2524871826172,187.42999267578125,76.7968978881836,105.89786529541016,174.84796142578125,63.83068084716797
2017-10-09,4.580215930938721,69.8152084350586,36.365726470947266,49.2756462097168,171.44309997558594,22.862667083740234,19.410062789916992,42.72621154785156,23.5418643951416,138.11549377441406,73.97704315185547,35.103614807128906,77.45874786376953,101.06024932861328,138.2374725341797,187.5,76.77043914794922,106.08067321777344,173.29425048828125,64.03524017333984
2017-10-10,4.667677879333496,69.8152084350586,36.37973403930664,49.05168533325195,170.53866577148438,23.70599937438965,19.376190185546875,42.761680603027344,24.594276428222656,140.13438415527344,73.57552337646484,35.459224700927734,78.03722381591797,101.34353637695312,139.28941345214844,188.0,75.98551940917969,106.43840789794922,171.86407470703125,64.31033325195312
2017-10-11,4.7173357009887695,69.93416595458984,36.53140640258789,49.93807601928711,171.681640625,23.639999389648438,19.72355842590332,42.82376480102539,25.06201934814453,141.0277099609375,73.44701385498047,35.63701248168945,77.80423736572266,102.41072845458984,140.43699645996094,187.4600067138672,75.89735412597656,108.6243896484375,172.37612915039062,65.16385650634766
2017-10-12,4.719558238983154,70.57475280761719,36.4030647277832,49.93807601928711,171.49281311035156,23.711999893188477,19.592805862426758,42.779422760009766,25.170181274414062,140.4470672607422,74.0011215209961,35.64474868774414,77.12133026123047,102.09907531738281,140.33180236816406,186.3000030517578,76.22366333007812,108.76749420166016,170.31031799316406,64.93656158447266
2017-10-13,4.807511806488037,70.91337585449219,36.634090423583984,50.04831314086914,172.67552185058594,23.704666137695312,19.531368255615234,43.116477966308594,25.322193145751953,142.79644775390625,74.7158432006836,35.69886016845703,77.01687622070312,102.61849975585938,140.90562438964844,187.3699951171875,76.32947540283203,108.44950103759766,169.95726013183594,64.40382385253906
2017-10-16,4.890030384063721,71.0597915649414,37.30847930908203,50.121803283691406,173.4507293701172,23.373332977294922,19.42975425720215,43.33821105957031,25.064937591552734,141.86740112304688,74.79613494873047,36.03898620605469,78.60765075683594,102.27850341796875,139.83453369140625,187.9600067138672,75.80030822753906,108.20307922363281,170.55755615234375,64.6666259765625
2017-10-17,4.885581016540527,71.00487518310547,37.44615173339844,50.203739166259766,175.03097534179688,23.71666717529297,19.11073875427246,43.63093185424805,25.135095596313477,141.48329162597656,74.52310180664062,35.96168899536133,78.43091583251953,101.5607681274414,139.55712890625,187.38999938964844,75.89735412597656,111.91535186767578,179.99472045898438,65.46928405761719
2017-10-18,4.881383419036865,71.0231704711914,37.28046798706055,50.29014205932617,174.9514617919922,23.976667404174805,19.219444274902344,43.97684860229492,25.205259323120117,140.74183654785156,74.49898529052734,35.868927001953125,78.72817993164062,101.80630493164062,139.80580139160156,187.85000610351562,75.60633087158203,111.82789611816406,181.17767333984375,68.21817779541016
2017-10-19,4.886817455291748,71.2977523803711,36.39838790893555,49.74887466430664,173.49050903320312,23.45400047302246,19.242294311523438,43.772830963134766,25.257877349853516,141.55479431152344,74.10257720947266,36.01582336425781,78.8246078491211,101.06967163085938,138.64866638183594,187.2100067138672,76.16192626953125,112.9089584350586,179.42974853515625,68.53072357177734
2017-10-20,4.86458158493042,72.12136840820312,36.461395263671875,49.909271240234375,173.9079132080078,23.00666618347168,19.238344192504883,43.68413543701172,25.561914443969727,143.6183319091797,71.4002914428711,35.85346984863281,79.94939422607422,101.5702133178711,139.0312042236328,189.0399932861328,76.92916870117188,113.19512939453125,183.1728057861328,68.26080322265625
2017-10-23,4.857664108276367,72.1396255493164,36.442745208740234,48.939456939697266,170.2206268310547,22.468000411987305,19.240713119506836,43.73735809326172,25.915634155273438,144.75282287597656,70.63166809082031,35.80707550048828,79.81281280517578,101.55130767822266,139.2033233642578,189.38999938964844,76.88507080078125,114.16493225097656,182.7490692138672,67.13143157958984
2017-10-24,4.908558368682861,72.1671142578125,36.65974807739258,49.0859489440918,170.7473907470703,22.48933219909668,19.509313583374023,44.33164596557617,25.71977424621582,144.9761505126953,70.3727798461914,35.69886016845703,81.08223724365234,102.38240051269531,139.432861328125,189.77999877929688,75.11245727539062,112.59099578857422,183.7554473876953,65.12833404541016
2017-10-25,4.784534931182861,71.95661163330078,36.49874496459961,49.23343276977539,169.55474853515625,21.722667694091797,19.362802505493164,44.083290100097656,25.865938186645508,144.87789916992188,70.27568817138672,35.598365783691406,81.1625747680664,103.40235137939453,139.8536376953125,188.7100067138672,74.8302230834961,113.163330078125,183.23460388183594,65.1851577758789
2017-10-26,4.834689140319824,72.07557678222656,36.73208999633789,49.2314453125,169.58457946777344,21.744667053222656,19.20054054260254,44.4824333190918,25.906871795654297,145.1280517578125,70.7934799194336,35.73750305175781,81.7410659790039,103.69510650634766,140.18833923339844,188.61000061035156,74.22169494628906,112.72611236572266,184.63824462890625,63.61537551879883
2017-10-27,4.987123012542725,76.69697570800781,38.04820251464844,51.329471588134766,176.79013061523438,21.391332626342773,19.92047882080078,45.12994384765625,25.775312423706055,145.0565643310547,70.42131805419922,35.61381530761719,81.76512145996094,103.61012268066406,142.03408813476562,188.58999633789062,73.95713806152344,112.70227813720703,187.6839599609375,65.29881286621094
2017-10-30,5.03603982925415,76.77017974853516,38.90460968017578,51.30266189575195,178.7679443359375,21.338666915893555,20.57662010192871,44.95254135131836,25.41866683959961,143.13600158691406,69.79833221435547,35.45147705078125,81.47590637207031,103.92179107666016,142.4453125,187.85000610351562,72.89000701904297,111.28732299804688,184.8501434326172,64.60981750488281
2017-10-31,5.109417915344238,76.1204605102539,39.445980072021484,51.29819869995117,178.956787109375,22.101999282836914,20.787721633911133,45.147682189941406,25.523906707763672,143.8952178955078,69.85497283935547,35.54425048828125,80.83318328857422,103.86509704589844,142.27320861816406,186.94000244140625,72.26387786865234,110.81834411621094,185.58285522460938,64.10549926757812
2017-11-01,5.119052886962891,76.1204605102539,38.94428634643555,51.77291488647461,181.54086303710938,21.405332565307617,20.423809051513672,44.917057037353516,25.708080291748047,145.33349609375,70.2999267578125,35.40510559082031,81.08223724365234,104.89450073242188,142.387939453125,187.1699981689453,73.10166931152344,111.27145385742188,184.97373962402344,65.66108703613281
2017-11-02,5.087923526763916,76.9166259765625,39.22896194458008,51.79129409790039,177.82374572753906,19.950666427612305,20.440349578857422,44.59775161743164,25.959489822387695,147.3524169921875,69.99248504638672,35.46693801879883,81.62053680419922,104.80950164794922,141.77590942382812,188.61000061035156,73.31332397460938,111.23165893554688,186.35972595214844,64.6524429321289
2017-11-03,5.155864238739014,76.99898529052734,40.253379821777344,52.1398811340332,177.82374572753906,20.4060001373291,21.5533504486084,44.5090446472168,26.21674346923828,148.6834716796875,70.04913330078125,35.53651428222656,81.47590637207031,105.16838073730469,142.77047729492188,187.27000427246094,73.64849090576172,111.35094451904297,187.92227172851562,65.56874084472656
2017-11-06,5.179088592529297,77.30098724365234,40.661766052246094,51.77688980102539,179.06610107421875,20.185333251953125,21.859756469726562,44.70418167114258,25.930248260498047,147.44174194335938,69.62034606933594,35.14999771118164,80.9697494506836,105.69725799560547,143.5355224609375,186.67999267578125,73.145751953125,111.0965576171875,187.2602081298828,66.03044891357422
2017-11-07,5.238380432128906,77.1179428100586,40.79242706298828,52.25905990600586,179.14561462402344,20.40333366394043,21.371397018432617,44.78402328491211,26.003337860107422,148.54049682617188,70.3727798461914,35.51332473754883,79.33880615234375,105.8577880859375,143.4207763671875,186.3000030517578,73.44561767578125,111.10454559326172,187.772216796875,66.74073791503906
2017-11-08,5.167476654052734,77.38333129882812,41.12613296508789,52.55204391479492,178.45985412597656,20.292667388916016,21.456459045410156,44.82836151123047,26.386301040649414,151.01498413085938,70.85820007324219,35.69886016845703,78.44699096679688,106.21665954589844,143.4207763671875,184.60000610351562,74.08940887451172,112.33663940429688,186.06838989257812,67.98377990722656
2017-11-09,5.072606086730957,76.95321655273438,41.0421257019043,52.02716064453125,178.20144653320312,20.19933319091797,20.923988342285156,43.675289154052734,26.397993087768555,151.068603515625,71.0199966430664,35.73750305175781,78.4389419555664,105.90502166748047,142.77047729492188,184.49000549316406,74.07179260253906,111.5655517578125,186.765869140625,68.11164093017578
2017-11-10,5.3399224281311035,76.75191497802734,40.906288146972656,51.84988784790039,177.3666229248047,20.19933319091797,20.87042808532715,43.74623489379883,26.57924461364746,153.0785675048828,71.32746124267578,35.97714614868164,78.34254455566406,105.6594467163086,143.00949096679688,183.67999267578125,73.4544448852539,110.93759155273438,186.33323669433594,67.784912109375
2017-11-13,5.253207206726074,76.80680847167969,40.742366790771484,51.70339584350586,177.6746826171875,21.02666664123535,20.87436866760254,43.817195892333984,26.599706649780273,153.16781616210938,72.00709533691406,36.116294860839844,78.62376403808594,105.20616912841797,143.1530303955078,184.39999389648438,73.07524108886719,111.0965576171875,187.7368927001953,67.564697265625
2017-11-14,5.291498184204102,76.9166259765625,40.126426696777344,51.725250244140625,176.97897338867188,20.579999923706055,20.73651695251465,43.63979721069336,26.628934860229492,153.1499786376953,71.90190124511719,36.6651496887207,78.14970397949219,105.75390625,143.40167236328125,183.33999633789062,73.20835876464844,110.88194274902344,186.89825439453125,67.30191040039062
2017-11-15,5.1877336502075195,76.31880187988281,39.59715270996094,51.465538024902344,176.8596954345703,20.753332138061523,20.92083740234375,43.30274963378906,26.260595321655273,150.9702911376953,71.38410186767578,36.18587112426758,78.88886260986328,104.12008666992188,141.8523712158203,181.80999755859375,72.94212341308594,110.57192993164062,185.26502990722656,66.59868621826172
2017-11-16,5.2280049324035645,76.52112579345703,40.070228576660156,52.06440353393555,178.4896697998047,20.833332061767578,21.43361473083496,43.63979721069336,29.122573852539062,153.19227600097656,72.2093505859375,35.9848747253418,79.11381530761719,105.03305053710938,143.76504516601562,182.0500030517578,74.05145263671875,110.38910675048828,186.38619995117188,67.10299682617188
2017-11-17,5.221827507019043,75.78535461425781,39.847740173339844,51.43971633911133,177.90325927734375,21.003332138061523,21.413925170898438,43.4091796875,28.494047164916992,153.19227600097656,71.54590606689453,35.33552551269531,78.84868621826172,103.89778137207031,142.51222229003906,181.05999755859375,73.56333923339844,109.69749450683594,185.3003692626953,66.49214172363281
2017-11-20,5.289028644561768,75.9049301147461,39.80793762207031,51.37863540649414,177.64486694335938,20.582666397094727,21.651813507080078,43.48015213012695,28.496967315673828,154.3570556640625,71.41644287109375,35.14227294921875,79.54769134521484,104.02074432373047,143.02867126464844,181.6300048828125,73.82072448730469,109.64189147949219,185.60934448242188,66.48504638671875
2017-11-21,5.3376994132995605,76.99939727783203,40.54798126220703,52.1552848815918,180.74575805664062,21.187332153320312,21.786497116088867,43.13422393798828,28.21632194519043,155.37844848632812,71.7805404663086,35.3896369934082,79.48341369628906,105.4398422241211,145.84982299804688,183.17999267578125,74.11357879638672,109.9677505493164,187.6839599609375,67.2521743774414
2017-11-22,5.313717365264893,76.43836975097656,40.974220275878906,52.23572540283203,179.76182556152344,20.84000015258789,21.69040298461914,43.08987045288086,28.184165954589844,154.53627014160156,71.46501922607422,35.43601608276367,79.25041961669922,104.84384155273438,144.6448516845703,182.55999755859375,74.26445007324219,109.13311767578125,186.46568298339844,67.10299682617188
2017-11-24,5.363905429840088,76.5763168334961,40.9765625,52.464149475097656,181.66009521484375,21.036666870117188,22.24256706237793,43.47126770019531,28.24555778503418,153.76571655273438,71.56208801269531,35.46693801879883,78.99332427978516,105.93181610107422,146.06976318359375,182.36000061035156,74.57508087158203,109.70545959472656,187.60446166992188,67.28058624267578
2017-11-27,5.294186115264893,77.13735961914062,40.770450592041016,53.23334503173828,181.90858459472656,21.12066650390625,22.41900634765625,43.355960845947266,28.24555778503418,154.6527862548828,71.97472381591797,35.48240661621094,78.67998504638672,106.31971740722656,146.28973388671875,183.49000549316406,75.26729583740234,110.4492416381836,187.5074005126953,67.77780151367188
2017-11-28,5.209386825561523,78.06626892089844,40.531578063964844,52.800331115722656,181.3023223876953,21.170000076293945,21.850303649902344,43.47126770019531,28.289413452148438,155.5845489501953,72.3307113647461,35.42829895019531,81.43574523925781,107.24685668945312,147.45640563964844,187.5399932861328,75.48030090332031,111.98483276367188,190.8090362548828,67.77780151367188
2017-11-29,4.856095790863037,76.64989471435547,39.69083023071289,51.513702392578125,174.05699157714844,20.502666473388672,21.385574340820312,43.03664779663086,28.520355224609375,159.0609130859375,72.31452941894531,35.173194885253906,83.33988952636719,103.93560028076172,141.8715057373047,189.85000610351562,75.40042877197266,111.81686401367188,196.75912475585938,68.06192779541016
2017-11-30,4.962155342102051,77.41324615478516,40.24587631225586,51.45362091064453,176.0944366455078,20.59000015258789,21.892839431762695,43.515628814697266,28.423879623413086,165.2430419921875,72.80805206298828,35.671993255615234,83.97457885742188,106.51837921142578,143.89891052246094,193.00999450683594,75.1164321899414,111.43301391601562,202.10926818847656,68.84327697753906
2017-12-01,4.887244701385498,77.49606323242188,40.05851745605469,50.90242385864258,174.0271759033203,20.435333251953125,21.390302658081055,44.00346755981445,28.458967208862305,165.8702392578125,73.10740661621094,35.827857971191406,84.19152069091797,104.75870513916016,143.1530303955078,194.55999755859375,75.71992492675781,111.95284271240234,200.8780059814453,68.41706848144531
2017-12-04,4.614798069000244,74.57133483886719,39.76578140258789,50.24694061279297,170.41943359375,20.34666633605957,20.76409149169922,42.93020248413086,28.359569549560547,169.83937072753906,73.95693969726562,36.03049850463867,85.92692565917969,101.63665771484375,137.1663818359375,196.9600067138672,75.9506607055664,111.17705535888672,196.13023376464844,67.63572692871094
2017-12-05,4.64149808883667,75.04037475585938,39.72830581665039,50.63079071044922,171.77108764648438,20.246667861938477,20.609704971313477,42.5665283203125,28.59928321838379,168.28041076660156,73.94886016845703,36.05387878417969,84.93868255615234,102.72462463378906,138.79212951660156,196.07000732421875,76.37666320800781,111.70492553710938,194.95211791992188,67.77069854736328
2017-12-06,4.679078102111816,76.13484191894531,39.580772399902344,51.28229904174805,174.98129272460938,20.884000778198242,20.786144256591797,42.94794464111328,28.438499450683594,167.74278259277344,73.8274917602539,36.201961517333984,84.30399322509766,103.82206726074219,140.98211669921875,196.00999450683594,75.71992492675781,112.81659698486328,194.81927490234375,67.05326843261719
2017-12-07,4.7465715408325195,75.86811065673828,39.65336990356445,51.87074279785156,179.0363006591797,20.749332427978516,20.786144256591797,43.03664779663086,28.441438674926758,166.82891845703125,72.89704895019531,35.67978286743164,84.05492401123047,105.392578125,142.92349243164062,196.33999633789062,76.20801544189453,111.97683715820312,195.00526428222656,66.93962097167969
2017-12-08,4.73421049118042,77.40409088134766,39.66506576538086,52.10959243774414,177.90325927734375,21.0086669921875,20.472646713256836,43.99458694458008,28.37384605407715,168.50437927246094,73.11551666259766,35.3134765625,85.107421875,106.52783203125,143.34425354003906,196.44000244140625,76.7227554321289,112.4406967163086,198.33587646484375,68.15426635742188
2017-12-11,4.812581539154053,78.38818359375,40.437904357910156,52.23820877075195,177.94302368164062,21.92733383178711,20.475797653198242,44.76626968383789,28.485519409179688,169.21217346191406,73.00225067138672,35.329063415527344,84.85835266113281,106.31024932861328,144.29104614257812,196.6999969482422,76.91802215576172,112.8805923461914,197.32606506347656,68.52362823486328
2017-12-12,4.718141078948975,78.71007537841797,40.21074295043945,52.07930374145508,175.8757781982422,22.735332489013672,20.37734031677246,44.6953125,28.41792869567871,168.71041870117188,72.69478607177734,35.29790115356445,85.8465805053711,107.34148406982422,145.84024047851562,199.07000732421875,76.95350646972656,114.04827117919922,197.07801818847656,68.40287780761719
2017-12-13,4.602931499481201,78.4985122680664,40.344234466552734,52.20940399169922,177.20758056640625,22.601999282836914,20.639636993408203,44.39373779296875,28.72944450378418,168.6925506591797,73.52810668945312,35.77330780029297,84.76998138427734,107.19955444335938,145.0656280517578,197.39999389648438,78.00072479248047,114.28019714355469,198.7255859375,69.148681640625
2017-12-14,4.610099792480469,77.89153289794922,40.33251953125,52.511322021484375,177.29701232910156,22.525999069213867,20.427745819091797,44.51791000366211,28.544294357299805,167.12460327148438,73.62519836425781,35.874629974365234,84.08708190917969,106.8305892944336,145.29515075683594,196.66000366210938,76.76714324951172,113.2884750366211,195.9796905517578,68.40287780761719
2017-12-15,4.735939979553223,79.87813568115234,40.742366790771484,53.232845306396484,179.0760498046875,22.89666748046875,20.931081771850586,42.841514587402344,28.53841781616211,172.6796112060547,74.34527587890625,35.99932861328125,85.27613067626953,107.68204498291016,146.7009735107422,197.77999877929688,76.8026351928711,113.9363021850586,196.4845733642578,69.21971893310547
2017-12-18,4.8926849365234375,79.44585418701172,41.31612777709961,53.88286590576172,179.71212768554688,22.591333389282227,20.963584899902344,42.318180084228516,28.770580291748047,172.30325317382812,74.33718872070312,35.79668426513672,85.93497467041016,107.4266128540039,146.4331817626953,199.33999633789062,76.39440155029297,113.40847778320312,197.23745727539062,69.74535369873047
2017-12-19,4.8484320640563965,78.94000244140625,40.87583541870117,53.61918258666992,178.41014099121094,22.073333740234375,20.908878326416016,42.415748596191406,29.035078048706055,168.7373046875,74.17538452148438,35.95257568359375,85.57341766357422,106.09266662597656,145.05609130859375,197.91000366210938,76.95350646972656,113.39244079589844,196.67945861816406,69.55358123779297
2017-12-20,4.865490913391113,78.65489196777344,40.83135223388672,53.31031036376953,176.80010986328125,21.93199920654297,21.062702178955078,42.48671340942383,29.020376205444336,168.0026397705078,74.05402374267578,35.913597106933594,85.27613067626953,106.0737533569336,144.8361358642578,197.7899932861328,76.0926742553711,112.8965835571289,196.9806365966797,69.1913070678711
2017-12-21,4.842992305755615,78.6364974975586,40.98591232299805,53.17573928833008,176.36276245117188,22.110666275024414,20.736818313598633,41.93678283691406,28.817602157592773,167.36648559570312,74.16729736328125,35.53948211669922,86.63394165039062,106.34808349609375,143.95631408691406,198.88999938964844,75.97728729248047,112.81659698486328,196.36940002441406,69.54647064208984
2017-12-22,4.827663421630859,78.64569091796875,40.98591232299805,53.07692337036133,176.1143035888672,21.68000030517578,20.801837921142578,42.007747650146484,28.861684799194336,167.21420288085938,74.53948974609375,35.53169631958008,86.32864379882812,106.6130142211914,144.26235961914062,197.9199981689453,75.49805450439453,112.06478881835938,194.8724365234375,69.75953674316406
2017-12-26,4.881311416625977,78.5445327758789,39.946109771728516,52.927452087402344,174.91175842285156,21.152666091918945,20.46485137939453,42.0698356628418,29.140871047973633,167.14248657226562,74.8226318359375,35.70317077636719,85.983154296875,106.89680480957031,144.67359924316406,197.57000732421875,75.42705535888672,112.04084014892578,194.51812744140625,69.43281555175781
2017-12-27,4.874635219573975,78.82964324951172,39.953125,52.64688491821289,176.53172302246094,20.775999069213867,20.54572868347168,42.02548599243164,29.170255661010742,166.9185028076172,74.51519775390625,35.79668426513672,86.14386749267578,107.87126922607422,144.7882537841797,198.69000244140625,75.56016540527344,112.42472839355469,195.24444580078125,69.67432403564453
2017-12-28,4.88032341003418,78.8388442993164,40.06553649902344,52.435848236083984,176.82992553710938,21.02400016784668,20.6488094329834,42.149662017822266,29.211395263671875,167.20521545410156,74.49091339111328,35.633026123046875,86.60181427001953,108.18347930908203,145.14215087890625,199.55999755859375,75.48030090332031,112.41671752929688,197.32606506347656,69.46121978759766
2017-12-29,4.783905029296875,78.6733169555664,39.632293701171875,52.3092155456543,175.3788299560547,20.75666618347168,20.369699478149414,41.93678283691406,29.020376205444336,166.7572479248047,74.33718872070312,35.757713317871094,85.91889953613281,107.87126922607422,144.75003051757812,198.22000122070312,74.9566879272461,111.74491119384766,195.27989196777344,68.694091796875
2018-01-02,4.928531169891357,79.05036926269531,40.341888427734375,53.292938232421875,180.30845642089844,21.368667602539062,21.17133140563965,41.36024475097656,28.973358154296875,168.72833251953125,73.34204864501953,35.492733001708984,86.73036193847656,108.3348617553711,145.27598571777344,197.22000122070312,75.15190887451172,111.3530044555664,195.8999481201172,69.90161895751953
2018-01-03,5.252898216247559,79.41824340820312,40.3348503112793,54.20216369628906,183.53855895996094,21.149999618530273,21.402856826782227,42.318180084228516,29.226089477539062,170.75323486328125,73.25305938720703,35.414798736572266,86.81873321533203,109.41336059570312,147.10263061523438,199.7899932861328,75.56016540527344,112.41671752929688,197.95494079589844,70.99549865722656
2018-01-04,5.280589580535889,80.11727905273438,40.52220916748047,54.4127082824707,183.20062255859375,20.974666595458984,21.409990310668945,42.73506546020508,29.252538681030273,169.42724609375,73.7708511352539,35.913597106933594,88.06245422363281,109.82017517089844,149.00572204589844,200.69000244140625,75.89743041992188,112.40870666503906,198.81414794921875,70.59062194824219
2018-01-05,5.325337886810303,81.1105728149414,40.98355484008789,55.13422775268555,185.70516967773438,21.10533332824707,21.5368595123291,42.9922981262207,29.425931930541992,168.21768188476562,73.81939697265625,35.90579605102539,87.49712371826172,112.45027923583984,152.0947265625,201.4199981689453,76.82925415039062,113.33648681640625,202.60533142089844,71.81947326660156
2018-01-08,5.488509178161621,81.19332122802734,40.83135223388672,55.32889175415039,187.12640380859375,22.42733383178711,21.588397979736328,43.44465637207031,29.860864639282227,168.87173461914062,74.2077407836914,35.85124206542969,87.62637329101562,112.90438079833984,152.554443359375,202.74000549316406,76.43876647949219,113.48043823242188,199.08876037597656,70.66875457763672
2018-01-09,5.487025737762451,81.1381607055664,40.8266716003418,55.25838088989258,186.7189178466797,22.246000289916992,21.28946876525879,43.685089111328125,29.502336502075195,166.9095458984375,73.66567993164062,36.03049850463867,88.070556640625,112.6867904663086,152.7747802734375,203.02000427246094,76.37666320800781,115.27993774414062,200.080810546875,71.20147705078125
2018-01-10,5.530044078826904,80.77024841308594,40.817298889160156,55.12678909301758,186.68910217285156,22.31999969482422,20.839893341064453,43.45355987548828,29.290746688842773,166.1300811767578,73.1964340209961,35.90579605102539,89.0396728515625,112.56378936767578,153.1195526123047,205.61000061035156,76.41215515136719,115.14397430419922,198.5927276611328,70.81080627441406
2018-01-11,5.539933681488037,81.0093994140625,41.04914093017578,55.22163009643555,186.6195526123047,22.530000686645508,20.89301872253418,43.58712387084961,29.393596649169922,169.67807006835938,72.93750762939453,35.88241958618164,89.51616668701172,113.37739562988281,154.1348419189453,206.69000244140625,76.66951751708984,115.79976654052734,199.64678955078125,71.01829528808594
2018-01-12,5.51273775100708,82.40737915039062,41.4730224609375,56.145263671875,178.27102661132812,22.4146671295166,20.95566177368164,44.08578872680664,29.643396377563477,171.8821563720703,72.5006103515625,35.96814727783203,90.99410247802734,113.61392974853516,155.48538208007812,210.16000366210938,77.19312286376953,116.57555389404297,202.5255889892578,71.78376770019531
2018-01-16,5.441781520843506,81.2577133178711,41.26226806640625,56.14773941040039,177.29701232910156,22.67066764831543,20.87319564819336,44.157020568847656,29.59049415588379,171.60438537597656,72.994140625,36.264312744140625,90.6710433959961,113.89777374267578,155.44705200195312,210.2899932861328,75.69331359863281,117.455322265625,206.29904174804688,73.32186889648438
2018-01-17,5.555754661560059,82.90401458740234,41.943763732910156,56.56487274169922,176.51187133789062,23.143999099731445,21.07617950439453,44.76251220703125,30.181196212768555,172.28529357910156,73.78701782226562,36.490318298339844,91.25254821777344,115.40201568603516,157.39149475097656,214.16000366210938,76.50978088378906,117.55131530761719,211.1974639892578,74.65968322753906
2018-01-18,5.548834800720215,82.86725616455078,41.98122787475586,56.40943908691406,178.69839477539062,22.971332550048828,21.392553329467773,44.726898193359375,30.651397705078125,171.58651733398438,73.51799774169922,36.537105560302734,91.47061920166016,116.4710693359375,158.5025634765625,213.19000244140625,76.16365051269531,117.5032958984375,215.38717651367188,74.26622009277344
2018-01-19,5.68901252746582,82.77527618408203,41.793888092041016,56.78335952758789,180.1792449951172,23.334667205810547,21.12216567993164,45.038551330566406,30.736631393432617,172.28529357910156,74.24356842041016,36.75531768798828,91.26869201660156,116.08316802978516,159.795654296875,213.25,75.87078857421875,117.85521697998047,215.55548095703125,74.8600082397461
2018-01-22,5.77752161026001,84.25603485107422,41.451961517333984,57.80928421020508,184.23423767089844,23.437332153320312,20.782804489135742,45.1543083190918,30.989351272583008,174.15794372558594,74.91204833984375,36.92679214477539,92.33477020263672,117.62528228759766,161.1844940185547,215.97000122070312,75.826416015625,118.47906494140625,215.7415008544922,76.18350982666016
2018-01-23,5.906576633453369,84.52275085449219,41.461326599121094,58.40566635131836,188.1898651123047,23.519332885742188,20.845443725585938,45.51940155029297,31.121597290039062,173.29782104492188,72.59678649902344,36.9813346862793,92.23783874511719,117.92803955078125,160.1405029296875,215.55999755859375,74.92117309570312,113.43244171142578,217.2030792236328,75.38941192626953
2018-01-24,5.829687595367432,84.44918060302734,40.800899505615234,58.1633415222168,185.4070281982422,23.05933380126953,20.366527557373047,45.81324005126953,31.089271545410156,174.0325164794922,71.99351501464844,37.277503967285156,93.41693878173828,117.83342742919922,159.9680938720703,215.61000061035156,74.814697265625,113.62439727783203,216.88417053222656,75.48242950439453
2018-01-25,5.84328556060791,84.91822052001953,40.072566986083984,58.702125549316406,186.33131408691406,22.50933265686035,19.60772132873535,45.946800231933594,31.327316284179688,177.35646057128906,72.0179672241211,37.28528594970703,93.4411849975586,118.46728515625,161.4814910888672,215.10000610351562,75.44481658935547,115.48784637451172,217.17642211914062,77.47840118408203
2018-01-26,6.015851020812988,86.50935363769531,40.16624450683594,58.97126770019531,188.83587646484375,22.856666564941406,19.885236740112305,46.97080993652344,31.85335350036621,178.2166290283203,71.52067565917969,37.82307052612305,93.94190979003906,119.50797271728516,163.1576690673828,217.19000244140625,77.28189086914062,116.2316665649414,220.09068298339844,88.14507293701172
2018-01-29,6.102875709533691,86.38057708740234,39.33486557006836,58.917640686035156,184.84051513671875,23.302000045776367,19.463415145874023,46.24956130981445,32.19426345825195,177.6880340576172,70.81143188476562,37.176177978515625,93.8449935913086,118.10779571533203,161.4431610107422,215.4600067138672,77.74335479736328,114.9120101928711,219.15179443359375,87.501220703125
2018-01-30,6.000771999359131,85.29530334472656,39.10302734375,58.46525573730469,185.97352600097656,23.05466651916504,19.107402801513672,45.376914978027344,31.65939712524414,177.32070922851562,70.8847885131836,36.950157165527344,92.96469116210938,116.88737487792969,160.1405029296875,214.41000366210938,76.40326690673828,113.91230773925781,209.62071228027344,82.90119171142578
2018-01-31,6.07691764831543,87.38309478759766,39.21074295043945,58.70609664916992,185.74493408203125,23.62066650390625,19.666393280029297,45.93790054321289,31.327316284179688,174.59695434570312,70.38751220703125,37.0904541015625,93.41693878173828,117.53069305419922,161.87420654296875,214.3800048828125,72.28536987304688,110.52127838134766,209.73587036132812,80.28278350830078
2018-02-01,5.945886611938477,86.69329071044922,39.2927131652832,58.674808502197266,191.90695190429688,23.28333282470703,18.933746337890625,45.973514556884766,31.009923934936523,173.3426055908203,69.98802947998047,36.9813346862793,94.3861083984375,118.94033813476562,165.63844299316406,217.25,73.13734436035156,111.98483276367188,208.35406494140625,83.23026275634766
2018-02-02,5.773319244384766,84.41236114501953,37.58778762817383,55.576683044433594,189.1141815185547,22.916667938232422,18.67129898071289,44.637855529785156,30.704288482666016,171.1205291748047,68.68365478515625,36.420188903808594,92.29434967041016,114.38972473144531,163.35887145996094,209.1199951171875,72.04573822021484,110.11334228515625,205.39556884765625,82.39323425292969
2018-02-05,5.28330659866333,80.93580627441406,36.648685455322266,52.75564193725586,180.14942932128906,22.208667755126953,18.086135864257812,42.82135009765625,29.414175033569336,163.75576782226562,66.08304595947266,34.98613739013672,87.86865234375,109.99994659423828,157.650146484375,196.8000030517578,68.77093505859375,104.282958984375,194.89015197753906,78.34403228759766
2018-02-06,5.577017784118652,83.99852752685547,38.180294036865234,53.85009002685547,184.17462158203125,22.264667510986328,19.059829711914062,43.98783493041992,29.652210235595703,165.76268005371094,67.1591796875,34.81467056274414,90.54185485839844,113.50041961669922,162.14234924316406,201.24000549316406,69.21466064453125,105.43466186523438,199.46078491210938,79.55307006835938
2018-02-07,5.656625270843506,82.41654968261719,37.36296463012695,52.40903091430664,179.0760498046875,23.0,18.821956634521484,43.51589584350586,30.22528076171875,164.13206481933594,66.71892547607422,34.72895050048828,91.15564727783203,113.19767761230469,161.61553955078125,200.3699951171875,68.08756256103516,105.10676574707031,200.02772521972656,81.28433990478516
2018-02-08,5.377749919891357,78.18586730957031,36.33487319946289,50.04037094116211,170.52874755859375,21.01533317565918,18.20269775390625,41.70829772949219,29.393596649169922,160.02853393554688,65.39826202392578,33.59105682373047,87.12562561035156,107.71987915039062,153.8474578857422,191.4199981689453,65.85999298095703,101.05988311767578,191.7367706298828,77.607177734375
2018-02-09,5.737716197967529,81.10135650634766,36.779293060302734,51.95515823364258,175.03097534179688,20.69466781616211,18.672883987426758,42.50078582763672,29.202587127685547,161.91903686523438,65.1536636352539,33.61443328857422,88.87008666992188,110.04723358154297,158.23435974121094,196.02000427246094,67.65271759033203,103.59517669677734,195.7227783203125,79.62462615966797
2018-02-12,5.637587547302246,81.97511291503906,38.2607307434082,52.366825103759766,175.3291473388672,21.048667907714844,19.378572463989258,42.87477493286133,29.255481719970703,162.22366333007812,66.30316162109375,34.26911163330078,90.24303436279297,112.08129119873047,161.0983428955078,198.88999938964844,67.67044830322266,104.18701934814453,199.91253662109375,80.07532501220703
2018-02-13,5.751315116882324,82.61893463134766,38.643985748291016,52.34596633911133,172.089111328125,21.577333450317383,19.49433708190918,43.177520751953125,29.67572021484375,164.9921417236328,66.4417495727539,34.44057846069336,90.80030059814453,111.96778106689453,162.9469757080078,197.99000549316406,67.63495635986328,103.9390869140625,200.7540283203125,80.02525329589844
2018-02-14,5.968629837036133,83.91259002685547,39.35649871826172,53.26760482788086,178.4200897216797,21.487333297729492,19.63705825805664,44.032352447509766,29.88731575012207,167.85934448242188,65.77326202392578,34.37042999267578,92.90006256103516,114.31401062011719,165.24575805664062,200.5399932861328,68.8714599609375,103.70716857910156,202.64962768554688,80.89804077148438
2018-02-15,6.094222545623779,85.62206268310547,40.67802429199219,54.1942138671875,178.857421875,22.271333694458008,19.967697143554688,45.09197998046875,30.336946487426758,172.01870727539062,67.18362426757812,34.90040588378906,93.28773498535156,115.88723754882812,167.3242645263672,203.89999389648438,69.7566146850586,104.954833984375,200.20480346679688,82.2000732421875
2018-02-16,6.028460502624512,85.0121841430664,40.54634094238281,54.39979934692383,176.27330017089844,22.365999221801758,19.734588623046875,45.1543083190918,30.792457580566406,172.09056091308594,67.33851623535156,35.0562858581543,92.6174087524414,115.47972869873047,168.2437744140625,203.7899932861328,70.60601806640625,106.4903793334961,203.17222595214844,84.8470687866211
2018-02-20,6.158008575439453,85.677490234375,40.40996551513672,54.80152893066406,174.9315948486328,22.31800079345703,19.792470932006836,44.424137115478516,27.65679168701172,169.00021362304688,66.31134033203125,34.284706115722656,92.64164733886719,115.63136291503906,167.9564666748047,203.0500030517578,69.33641815185547,104.6668701171875,200.77175903320312,84.40353393554688
2018-02-21,5.97085428237915,84.54093933105469,40.226539611816406,55.306053161621094,176.8199462890625,22.219999313354492,19.71317481994629,44.01453399658203,26.895641326904297,166.87109375,65.41455841064453,33.77810287475586,93.02931213378906,114.13397216796875,165.05416870117188,201.02000427246094,69.33641815185547,103.89912414550781,199.4165496826172,84.35345458984375
2018-02-22,5.990397930145264,84.76271057128906,40.56279754638672,55.114864349365234,177.89334106445312,23.077999114990234,19.77105712890625,44.157020568847656,27.262989044189453,167.6256866455078,65.90370178222656,33.91839599609375,92.85970306396484,114.08657836914062,165.65762329101562,200.72999572753906,69.01454162597656,103.89912414550781,201.15264892578125,84.10307312011719
2018-02-23,6.083908557891846,86.91573333740234,41.268245697021484,56.01813507080078,182.1669921875,23.469999313354492,20.11676597595215,44.967315673828125,27.298250198364258,170.5184326171875,66.07489013671875,34.323673248291016,94.741455078125,116.5032730102539,168.34910583496094,202.75999450683594,70.4093017578125,105.58662414550781,203.87196350097656,84.95438385009766
2018-02-26,6.099990367889404,88.17243957519531,42.084205627441406,56.793296813964844,183.79696655273438,23.827999114990234,20.05650520324707,45.563907623291016,27.365854263305664,173.2135467529297,66.5477294921875,34.315887451171875,95.92056274414062,118.07647705078125,170.37020874023438,210.6199951171875,71.68787384033203,106.30298614501953,207.32650756835938,86.95037078857422
2018-02-27,6.087127208709717,87.04508972167969,41.947811126708984,55.492759704589844,180.34825134277344,23.39933204650879,19.966114044189453,45.172122955322266,26.895641326904297,170.77896118164062,65.65911102294922,33.99633026123047,94.78181457519531,116.92025756835938,168.5120086669922,209.66000366210938,70.3646240234375,105.98104095458984,205.96240234375,84.60382843017578
2018-02-28,5.986687660217285,86.64773559570312,41.88432312011719,54.81791687011719,177.22747802734375,22.87066650390625,19.541913986206055,45.118690490722656,26.45189094543457,171.49769592285156,64.0123519897461,33.6845817565918,93.2796630859375,116.51274108886719,168.34910583496094,207.1999969482422,68.86254119873047,104.54025268554688,200.32884216308594,82.86540222167969
2018-03-01,5.744500160217285,85.7976303100586,41.15065002441406,53.20355224609375,174.86203002929688,22.062000274658203,19.292142868041992,44.26387023925781,26.1785888671875,169.8177032470703,64.15908813476562,33.8482551574707,91.60791778564453,114.10554504394531,166.17483520507812,201.52999877929688,68.39762878417969,102.44750213623047,198.81414794921875,81.44175720214844
2018-03-02,5.851615905761719,85.98243713378906,41.43519973754883,53.835689544677734,175.53785705566406,22.341333389282227,19.89158058166504,44.80702590942383,26.087486267089844,170.0872039794922,64.81127166748047,34.07426834106445,91.51905059814453,114.4561767578125,167.64031982421875,201.33999633789062,69.0503158569336,103.68707275390625,199.46963500976562,82.30024719238281
2018-03-05,5.8296003341674805,86.52760314941406,41.57863998413086,54.36304473876953,179.294677734375,22.22333335876465,19.583139419555664,45.67076873779297,26.44307518005371,172.01870727539062,65.455322265625,34.20676803588867,92.92430114746094,115.50814819335938,171.00238037109375,203.24000549316406,69.47052001953125,104.46782684326172,202.29530334472656,82.74378204345703
2018-03-06,5.990645885467529,86.23193359375,41.54336166381836,54.667945861816406,178.67849731445312,21.8799991607666,19.89872169494629,45.857757568359375,26.17270851135254,172.0006866455078,65.2352066040039,34.237945556640625,93.00506591796875,114.73101043701172,170.04452514648438,204.5500030517578,69.01454162597656,103.20413208007812,200.3465576171875,81.95684814453125
2018-03-07,5.982729434967041,86.73092651367188,41.15772247314453,55.3701057434082,182.58441162109375,22.15333366394043,19.588695526123047,46.05364990234375,25.784788131713867,168.31747436523438,64.53407287597656,34.15220642089844,92.65780639648438,115.47972869873047,171.6536407470703,204.3000030517578,69.23805236816406,103.86412811279297,201.3120880126953,82.07130432128906
2018-03-08,5.966402530670166,87.25763702392578,41.60686111450195,56.08219909667969,181.22280883789062,21.940000534057617,19.58076286315918,46.418731689453125,25.991729736328125,166.81716918945312,65.19444274902344,34.643211364746094,92.66590118408203,115.83038330078125,171.69198608398438,205.2899932861328,70.53448486328125,106.29492950439453,199.72125244140625,83.70956420898438
2018-03-09,6.069066047668457,89.20736694335938,42.321693420410156,57.6444206237793,184.0950927734375,21.81133270263672,20.122314453125,47.16669845581055,26.22823143005371,169.41343688964844,65.455322265625,34.931583404541016,95.33102416992188,118.00064849853516,175.51376342773438,212.94000244140625,71.1782455444336,107.6954574584961,200.34336853027344,85.3406982421875
2018-03-12,6.178657531738281,89.41989135742188,42.73085021972656,57.89718246459961,183.62796020507812,23.034000396728516,20.840686798095703,47.10437774658203,26.03607749938965,170.12318420410156,65.10477447509766,34.705562591552734,95.02413177490234,117.74478912353516,174.84323120117188,211.82000732421875,70.66860961914062,106.75371551513672,197.97938537597656,84.63246154785156
2018-03-13,6.12794303894043,87.2391357421875,42.3193473815918,56.60508728027344,180.765625,22.78933334350586,20.712236404418945,46.819435119628906,26.104068756103516,168.4073028564453,64.9906234741211,34.73674011230469,93.88538360595703,116.7591323852539,173.37774658203125,209.1300048828125,70.76695251464844,108.13815307617188,201.68531799316406,85.66979217529297
2018-03-14,6.1534247398376465,86.72167205810547,41.95957946777344,57.0510139465332,183.0614776611328,21.775333404541016,20.662282943725586,46.587913513183594,25.91782569885254,165.86492919921875,64.40364837646484,34.422237396240234,92.8354721069336,116.17155456542969,172.52529907226562,206.99000549316406,70.17684173583984,106.50421905517578,200.29891967773438,85.09032440185547
2018-03-15,6.168267726898193,87.026611328125,42.00896072387695,57.136417388916016,182.73350524902344,21.706666946411133,21.230798721313477,46.6324348449707,25.870521545410156,166.6554718017578,64.1346206665039,34.335750579833984,93.06967163085938,116.95816040039062,173.3203125,207.82000732421875,70.4093017578125,107.09983825683594,203.94268798828125,82.22154235839844
2018-03-16,6.196468353271484,87.41471099853516,41.860816955566406,56.33246994018555,183.95594787597656,21.42333221435547,20.208736419677734,46.543399810791016,26.361265182495117,166.97886657714844,64.37919616699219,34.170631408691406,93.2311782836914,118.01961517333984,174.85284423828125,206.9600067138672,71.96501159667969,107.5988540649414,202.50294494628906,81.34874725341797
2018-03-19,5.961950302124023,85.83460235595703,41.221214294433594,54.626739501953125,171.50271606445312,20.90399932861328,19.42218017578125,46.258445739746094,25.852781295776367,165.43370056152344,64.12648010253906,34.01338577270508,92.49626159667969,116.76860809326172,172.9658966064453,203.99000549316406,70.39143371582031,104.83001708984375,200.00567626953125,80.14684295654297
2018-03-20,6.174205780029297,86.0563735961914,41.207115173339844,54.41469955444336,167.11973571777344,20.703332901000977,19.21681785583496,41.89527893066406,26.000598907470703,168.30844116210938,63.84114456176758,33.93476104736328,92.5851058959961,118.37975311279297,174.81451416015625,204.75,70.06957244873047,105.61077880859375,201.5431365966797,80.59040832519531
2018-03-21,6.148971080780029,85.45572662353516,40.27357864379883,54.325313568115234,168.35215759277344,21.101999282836914,19.791248321533203,41.86857986450195,26.068592071533203,167.15858459472656,62.805816650390625,33.80895233154297,92.66590118408203,116.77810668945312,173.12872314453125,204.8300018310547,69.95332336425781,105.59466552734375,198.0238037109375,80.44732666015625
2018-03-22,5.982976913452148,82.97006225585938,39.70451736450195,52.29680633544922,163.87974548339844,20.606666564941406,19.595745086669922,40.86238098144531,25.761138916015625,164.07716369628906,62.29218673706055,33.62025451660156,88.79739379882812,113.7169418334961,168.11923217773438,197.6300048828125,68.42445373535156,102.52799224853516,191.26071166992188,70.1812744140625
2018-03-23,5.763301372528076,80.55829620361328,38.785099029541016,50.975914001464844,158.41342163085938,20.1026668548584,19.508054733276367,39.88289260864258,25.252655029296875,162.46009826660156,61.88457489013672,33.28215789794922,86.42301940917969,110.88327026367188,164.58486938476562,192.4600067138672,66.84190368652344,100.6928482055664,188.89671325683594,69.72340393066406
2018-03-26,6.048039436340332,86.65699768066406,40.62630081176758,52.343482971191406,159.07931518554688,20.278667449951172,19.930429458618164,41.387733459472656,25.86756706237793,168.1916961669922,62.29218673706055,33.56521224975586,89.08814239501953,114.33297729492188,169.69967651367188,199.33999633789062,68.11150360107422,102.53604888916016,194.69114685058594,68.163818359375
2018-03-27,5.5789995193481445,82.67435455322266,39.5845832824707,50.00212860107422,151.287353515625,18.61199951171875,19.660112380981445,40.408267974853516,25.438899993896484,164.5353240966797,63.417232513427734,33.72247314453125,87.35984802246094,111.26239776611328,165.24575805664062,196.14999389648438,67.64659881591797,102.39115905761719,193.70468139648438,65.82445526123047
2018-03-28,5.475840091705322,82.60044860839844,39.147212982177734,49.91473388671875,152.09239196777344,17.185333251953125,19.041433334350586,40.05207443237305,25.947385787963867,164.9485626220703,64.27322387695312,34.06056594848633,87.2225341796875,110.87378692626953,163.1672821044922,196.6699981689453,68.85360717773438,102.58433532714844,194.1845703125,67.44124603271484
2018-03-29,5.729160785675049,84.33763885498047,39.45291519165039,51.50178527832031,158.8109588623047,17.742000579833984,18.958568572998047,40.73771286010742,26.302141189575195,169.27865600585938,64.63191223144531,34.14704513549805,88.81354522705078,113.36630249023438,167.7744140625,199.47999572753906,69.17548370361328,103.14779663085938,190.185302734375,67.71309661865234
2018-04-02,5.468419551849365,81.79651641845703,39.19424819946289,50.28468322753906,154.4379425048828,16.832000732421875,18.317363739013672,40.078792572021484,25.291091918945312,164.17596435546875,63.09927749633789,33.54948806762695,87.10139465332031,112.20061492919922,164.3645477294922,195.0,67.6823501586914,100.25820922851562,193.02928161621094,65.43096923828125
2018-04-03,5.574793815612793,82.8961181640625,39.596351623535156,50.58510971069336,155.1535186767578,17.8353328704834,19.04948616027832,39.97193908691406,25.66062355041504,164.0502166748047,63.963470458984375,34.10773849487305,88.29667663574219,112.96827697753906,165.19784545898438,197.9600067138672,69.32746887207031,103.30878448486328,199.5879669189453,64.8085708618164
2018-04-04,5.596811294555664,85.3171157836914,40.35352325439453,51.132835388183594,154.1497039794922,19.12933349609375,19.066373825073242,40.52400588989258,25.7847900390625,166.6644287109375,64.44444274902344,34.78391647338867,89.6373062133789,113.5463638305664,166.36639404296875,200.11000061035156,70.27519989013672,104.96685791015625,203.32943725585938,66.48977661132812
2018-04-05,5.47658109664917,85.36331939697266,40.63334274291992,51.2783317565918,158.3637237548828,20.381332397460938,19.011669158935547,40.924713134765625,25.959211349487305,167.3202667236328,64.24061584472656,34.90971374511719,90.81427764892578,114.85421752929688,168.38743591308594,200.85000610351562,70.29308319091797,105.20829772949219,203.5783233642578,65.96752166748047
2018-04-06,5.300198554992676,83.3766098022461,39.5940055847168,50.15160369873047,156.23684692382812,19.953332901000977,18.413108825683594,39.918514251708984,25.628103256225586,165.2630157470703,63.9389762878418,34.53230285644531,88.54961395263672,111.54667663574219,162.77609252929688,195.49000549316406,68.71055603027344,103.10752868652344,199.03692626953125,64.2291030883789
2018-04-09,5.328895568847656,83.87562561035156,39.9866943359375,50.65513229370117,156.96237182617188,19.310667037963867,18.88535499572754,39.98084259033203,25.506900787353516,165.66726684570312,63.7188606262207,34.461551666259766,89.61295318603516,112.57970428466797,163.3900146484375,195.3300018310547,69.14864349365234,104.21829986572266,197.94384765625,64.72985076904297
2018-04-10,5.638124942779541,85.82534790039062,40.739166259765625,51.470008850097656,164.02879333496094,20.31333351135254,19.288423538208008,40.800045013427734,25.557157516479492,164.89463806152344,63.89006805419922,34.587364196777344,91.32569122314453,114.40877532958984,167.59127807617188,197.8000030517578,70.82952880859375,104.83808135986328,201.552001953125,66.97626495361328
2018-04-11,5.596811294555664,84.88282775878906,40.54869842529297,50.901920318603516,165.3009796142578,20.062000274658203,19.33428192138672,40.613059997558594,25.39751625061035,165.8828887939453,63.808536529541016,34.587364196777344,89.79154205322266,113.51792907714844,165.32754516601562,195.22000122070312,70.39143371582031,104.33902740478516,197.20623779296875,66.99053955078125
2018-04-12,5.803624629974365,86.47218322753906,40.94844055175781,51.50923538208008,162.865966796875,19.60533332824707,19.262676239013672,40.85347366333008,25.255615234375,169.6290740966797,63.417232513427734,34.618804931640625,92.02373504638672,114.7405014038086,167.6680450439453,198.1300048828125,70.8921127319336,104.98294067382812,199.28579711914062,66.58578491210938
2018-04-13,5.726934909820557,86.0101547241211,41.087188720703125,51.44717025756836,163.51197814941406,20.022666931152344,19.86687469482422,41.03155517578125,25.43003273010254,169.70985412597656,63.89006805419922,34.99619674682617,89.53177642822266,114.437255859375,167.15968322753906,197.0,71.27657318115234,105.1358642578125,199.3213348388672,66.37615203857422
2018-04-16,5.726686954498291,87.01737976074219,41.34348678588867,51.94672393798828,163.8201141357422,19.413999557495117,20.06237030029297,41.174617767333984,25.672454833984375,174.80364990234375,64.08573150634766,35.12986373901367,89.45872497558594,115.50814819335938,166.77598571777344,198.22000122070312,71.63419342041016,106.05345153808594,204.68922424316406,66.9327163696289
2018-04-17,5.876354694366455,88.77306365966797,41.91254425048828,53.59832763671875,167.6266326904297,19.179332733154297,20.25304412841797,41.72003936767578,25.985820770263672,176.07928466796875,63.9389762878418,35.287113189697266,89.45872497558594,117.32780456542969,171.0635986328125,199.27000427246094,71.45539855957031,105.07149505615234,212.00335693359375,67.64832305908203
2018-04-18,5.847409248352051,89.11497497558594,41.8184928894043,53.401187896728516,165.34072875976562,19.55666732788086,20.080074310302734,42.09558868408203,25.888261795043945,176.5374755859375,63.7514762878418,34.99619674682617,88.73631286621094,117.97222137451172,172.13790893554688,199.50999450683594,71.27657318115234,102.80168914794922,210.09255981445312,68.17596435546875
2018-04-19,5.666079998016357,88.81002044677734,40.63334274291992,54.099369049072266,167.070068359375,20.005332946777344,19.538625717163086,41.86310958862305,25.98286247253418,175.24383544921875,61.6673583984375,34.83895492553711,90.6844253540039,117.47940826416016,171.70626831054688,200.3800048828125,71.30339813232422,102.66486358642578,209.5238800048828,67.22909545898438
2018-04-20,5.657915115356445,87.7843246459961,38.968509674072266,53.49702835083008,165.26123046875,19.349332809448242,19.076833724975586,41.335567474365234,25.713838577270508,173.8872833251953,60.72116470336914,34.39078140258789,90.48150634765625,117.70687103271484,169.8550262451172,200.1300048828125,70.68647003173828,101.94847869873047,208.90170288085938,66.9327163696289
2018-04-23,5.53842830657959,88.10773468017578,38.85564422607422,53.32272720336914,164.82391357421875,18.891332626342773,18.781574249267578,40.951087951660156,25.453683853149414,173.69863891601562,60.062965393066406,34.57948684692383,90.04315948486328,117.95325469970703,168.27235412597656,199.4199981689453,71.70571899414062,102.0853271484375,208.26187133789062,67.3447494506836
2018-04-24,5.472128391265869,86.04711151123047,38.3148078918457,50.78175354003906,158.7115936279297,18.8973331451416,18.374481201171875,40.70967102050781,25.58080291748047,172.9440460205078,59.651554107666016,33.86399841308594,89.62109375,114.9300308227539,166.1717071533203,196.8000030517578,71.6073989868164,101.57018280029297,208.1551513671875,66.03644561767578
2018-04-25,5.359817028045654,85.29863739013672,38.481754302978516,50.79913330078125,158.7115936279297,18.71266746520996,18.423561096191406,40.90637969970703,25.770009994506836,174.25564575195312,59.48700714111328,33.360774993896484,89.2801513671875,114.87318420410156,165.43310546875,196.8000030517578,72.54618072509766,102.02896881103516,208.75955200195312,66.40505981445312
2018-04-26,5.571579456329346,87.10053253173828,38.615787506103516,51.80817413330078,173.09295654296875,19.031999588012695,18.53780174255371,41.094154357910156,25.99764060974121,175.41448974609375,59.85725784301758,33.61240005493164,89.36945343017578,120.43631744384766,170.89096069335938,197.02999877929688,73.80684661865234,103.03507995605469,210.65249633789062,70.43116760253906
2018-04-27,5.599038124084473,88.54203796386719,38.169010162353516,51.2192268371582,172.52642822265625,19.60533332824707,18.72766876220703,40.70967102050781,25.805484771728516,176.60035705566406,59.906620025634766,34.05270004272461,88.8012466430664,119.42223358154297,168.76158142089844,197.22999572753906,73.96778106689453,103.24436950683594,213.45193481445312,71.36359405517578
2018-04-30,5.563661098480225,86.4167251586914,38.86033630371094,50.580142974853516,170.94618225097656,19.593332290649414,18.457347869873047,40.83485794067383,26.1513729095459,177.12142944335938,59.519920349121094,33.97406768798828,88.29798889160156,120.24677276611328,170.99642944335938,193.72999572753906,72.48359680175781,101.81163787841797,210.09255981445312,69.78785705566406
2018-05-01,5.619075775146484,87.7843246459961,39.763301849365234,51.68104934692383,172.79478454589844,19.994667053222656,18.534584045410156,41.085208892822266,25.84096336364746,176.5734100341797,59.20725631713867,33.48659133911133,88.29798889160156,120.84382629394531,172.8956756591797,195.11000061035156,70.6954345703125,101.42527770996094,210.4925079345703,73.77778625488281
2018-05-02,5.5985426902771,86.40750885009766,41.51985549926758,50.951080322265625,174.99124145507812,20.07666778564453,18.40264129638672,40.69178009033203,25.524635314941406,174.2825927734375,58.368019104003906,33.06987380981445,87.59990692138672,119.77290344238281,178.2384490966797,193.30999755859375,70.48082733154297,99.40498352050781,207.47976684570312,72.54901123046875
2018-05-03,5.763794898986816,86.92495727539062,41.5950927734375,50.963497161865234,172.9537811279297,18.963333129882812,18.121862411499023,40.28943634033203,25.492109298706055,173.39320373535156,58.713584899902344,32.936214447021484,87.0479507446289,120.53106689453125,178.87144470214844,191.61000061035156,69.7745132446289,99.02669525146484,208.09295654296875,72.48394775390625
2018-05-04,5.913957118988037,87.93218231201172,43.22700500488281,52.190032958984375,175.52793884277344,19.606000900268555,18.545848846435547,40.87062072753906,25.876434326171875,175.35165405273438,59.59395980834961,33.305755615234375,88.01390075683594,121.45984649658203,180.4925537109375,195.63999938964844,70.09636688232422,99.96039581298828,209.64825439453125,72.4044418334961
2018-05-07,6.151940822601318,88.91167449951172,43.539756774902344,52.61014175415039,176.87957763671875,20.184667587280273,18.98430633544922,41.1925048828125,25.26743507385254,173.43809509277344,59.22372055053711,33.13277816772461,88.77690124511719,122.50234985351562,181.3845977783203,197.05999755859375,70.302001953125,99.47744750976562,207.76414489746094,72.01410675048828
2018-05-08,6.1944899559021,88.53280639648438,43.7490348815918,52.56694412231445,177.82374572753906,20.131332397460938,19.216018676757812,41.07626724243164,25.347253799438477,174.71377563476562,58.7794189453125,32.873321533203125,90.09187316894531,123.10887145996094,182.7562713623047,196.24000549316406,70.52555084228516,98.68862915039062,206.20889282226562,71.84786224365234
2018-05-09,6.327582359313965,89.57698822021484,44.05708312988281,54.07453918457031,181.54086303710938,20.456666946411133,19.151655197143555,41.64850997924805,24.55497169494629,176.11524963378906,59.544593811035156,32.849735260009766,92.05622100830078,123.99971771240234,182.85214233398438,199.8699951171875,70.8742446899414,99.41304016113281,203.70272827148438,73.13449096679688
2018-05-10,6.4351959228515625,90.47330474853516,44.68728256225586,54.89488220214844,184.3932647705078,20.334667205810547,19.590917587280273,41.961463928222656,24.599597930908203,176.09722900390625,60.186378479003906,33.16423034667969,92.77053833007812,124.1513671875,185.17343139648438,201.1999969482422,72.29582977294922,100.89407348632812,207.70193481445312,74.34159851074219
2018-05-11,6.296658515930176,90.27925872802734,44.51731872558594,54.791099548339844,185.84432983398438,20.070667266845703,19.580461502075195,41.86310958862305,24.804866790771484,176.3765411376953,60.367374420166016,33.13277816772461,92.42149353027344,124.92847442626953,185.461181640625,199.3000030517578,73.71743774414062,102.41534423828125,211.7633819580078,75.30291748046875
2018-05-14,6.317192077636719,90.58419036865234,44.4134521484375,54.95100021362305,185.4964599609375,19.46466636657715,19.691492080688477,41.86310958862305,25.105327606201172,176.4846649169922,60.2933235168457,33.054161071777344,92.4539566040039,124.35040283203125,184.2813262939453,199.17999267578125,74.27177429199219,101.46553039550781,215.8692169189453,76.53895568847656
2018-05-15,6.074756145477295,89.92811584472656,44.009803771972656,53.871944427490234,183.19068908691406,18.94533348083496,19.435649871826172,41.85417175292969,25.144006729125977,176.12420654296875,60.02180099487305,32.802547454833984,91.74775695800781,124.24613189697266,184.166259765625,197.36000061035156,73.50284576416016,100.71697998046875,212.84759521484375,75.30291748046875
2018-05-16,6.08588981628418,90.16011047363281,44.420528411865234,53.83320617675781,182.07754516601562,19.09866714477539,19.349563598632812,41.782630920410156,25.622966766357422,179.03443908691406,60.49901580810547,32.668888092041016,91.99939727783203,124.04708099365234,184.53082275390625,197.8300018310547,73.0824203491211,100.89407348632812,214.82057189941406,75.92456817626953
2018-05-17,6.12794303894043,89.25991821289062,44.1396369934082,53.69268035888672,182.6341094970703,18.96933364868164,19.264284133911133,41.61274337768555,25.135086059570312,179.83628845214844,60.85283279418945,33.258575439453125,91.69093322753906,123.33516693115234,183.39891052246094,197.49000549316406,73.5145492553711,99.68672943115234,215.92259216308594,76.12694549560547
2018-05-18,6.084155559539795,89.42697143554688,43.9791145324707,53.11565017700195,181.56072998046875,18.454666137695312,18.985919952392578,41.416038513183594,24.88220977783203,179.2596893310547,60.43320083618164,33.16423034667969,90.20550537109375,123.33516693115234,182.6315155029297,196.05999755859375,73.8836441040039,100.0006332397461,217.41558837890625,76.60401153564453
2018-05-21,6.04210090637207,90.57774353027344,44.29070281982422,53.8292350769043,183.35963439941406,18.965999603271484,19.23210334777832,42.211814880371094,25.141035079956055,179.8543243408203,60.935089111328125,33.345069885253906,91.03346252441406,124.02812194824219,183.39891052246094,197.91000366210938,73.66759490966797,99.58209228515625,220.31283569335938,76.78471374511719
2018-05-22,6.004005432128906,90.48493957519531,44.17976760864258,53.397212982177734,182.6738739013672,18.333999633789062,19.187053680419922,41.46073913574219,24.801891326904297,179.2686767578125,60.910404205322266,33.21927261352539,91.73151397705078,124.07559967041016,183.80172729492188,198.1300048828125,74.0186996459961,98.93010711669922,217.89547729492188,76.78471374511719
2018-05-23,6.12752628326416,91.5615005493164,44.4630241394043,53.92606735229492,185.75486755371094,18.60466766357422,19.35359001159668,41.93463134765625,24.694795608520508,178.52085876464844,61.03382873535156,33.33721160888672,91.3094253540039,125.18621826171875,185.11581420898438,195.9499969482422,74.43280029296875,99.36476135253906,217.077880859375,76.3293228149414
2018-05-24,6.131237506866455,91.23666381835938,44.4134521484375,53.90073776245117,184.7908172607422,18.523332595825195,19.59253692626953,41.541221618652344,24.647192001342773,179.19656372070312,60.69650650024414,33.274295806884766,90.28668975830078,125.19569396972656,184.07992553710938,194.8300018310547,74.4598159790039,98.39888000488281,215.71812438964844,74.55120849609375
2018-05-25,6.170595645904541,91.28308868408203,44.514957427978516,53.832706451416016,183.7869873046875,18.59000015258789,20.115468978881836,42.02404022216797,24.531173706054688,178.71905517578125,61.14079284667969,33.33721160888672,89.82403564453125,124.61664581298828,183.37017822265625,194.14999389648438,74.51383972167969,98.49616241455078,217.6911163330078,73.06221008300781
2018-05-29,6.15351676940918,90.95824432373047,44.35444259643555,53.03769302368164,184.6019744873047,18.917333602905273,20.088117599487305,41.36239242553711,24.513324737548828,177.259521484375,60.926876068115234,33.55735397338867,85.98461151123047,123.10736846923828,181.7970428466797,189.8699951171875,74.21675109863281,96.81767272949219,215.220458984375,71.89847564697266
2018-05-30,6.262431621551514,91.83061981201172,44.26002502441406,53.50447463989258,186.52015686035156,19.447999954223633,20.064788818359375,42.0687370300293,25.025009155273438,179.8723602294922,61.61801528930664,33.91117858886719,87.94894409179688,124.0091552734375,183.9361114501953,194.10000610351562,75.49510192871094,98.09075164794922,217.68226623535156,74.45723724365234
2018-05-31,6.242629528045654,91.72856140136719,44.111297607421875,54.623260498046875,190.60498046875,18.98200035095215,20.27958869934082,41.77370071411133,24.55497169494629,178.6109619140625,60.20281219482422,33.80895233154297,86.86125946044922,124.08509826660156,182.36297607421875,191.52999877929688,76.55741119384766,96.99607849121094,214.63394165039062,71.515380859375
2018-06-01,6.377042293548584,93.53822326660156,44.90681457519531,56.361270904541016,192.8014373779297,19.454666137695312,20.623123168945312,42.33699035644531,24.688840866088867,177.61082458496094,60.43320083618164,33.9033088684082,87.98956298828125,124.20848846435547,187.39874267578125,192.22999572753906,76.38636016845703,98.32588195800781,216.2691650390625,70.87208557128906
2018-06-04,6.5560126304626465,94.35490417480469,45.282127380371094,57.25709533691406,192.09579467773438,19.78266716003418,20.786439895629883,42.3101692199707,25.411746978759766,178.953369140625,61.03382873535156,34.1942138671875,88.03011322021484,126.31581115722656,189.6624298095703,191.3000030517578,76.58439636230469,98.88539123535156,217.40673828125,71.63101196289062
2018-06-05,6.561457633972168,94.83750915527344,45.63147735595703,57.15678405761719,191.7578582763672,19.408666610717773,20.85804557800293,42.14029312133789,25.17375373840332,178.2505645751953,60.861045837402344,33.895450592041016,87.53498077392578,126.78089904785156,191.22596740722656,190.77000427246094,76.35933685302734,98.5042953491211,217.22898864746094,71.73222351074219
2018-06-06,6.5634379386901855,95.11592102050781,45.789649963378906,56.95467758178711,190.16766357421875,21.299999237060547,21.200773239135742,42.694644927978516,25.155906677246094,178.08840942382812,61.1737174987793,34.170631408691406,89.58050537109375,129.36285400390625,194.91891479492188,193.99000549316406,77.35862731933594,99.56651306152344,220.97933959960938,72.26710510253906
2018-06-07,6.507742404937744,93.6217269897461,45.666900634765625,56.33246994018555,187.0270233154297,21.07266616821289,21.294092178344727,42.632049560546875,25.271930694580078,182.51222229003906,62.333839416503906,34.154903411865234,89.93763732910156,127.04667663574219,191.39862060546875,195.57000732421875,77.31364440917969,100.00439453125,221.2726287841797,71.79007720947266
2018-06-08,6.492395401000977,94.31778717041016,45.251434326171875,56.247554779052734,187.94140625,21.17733383178711,20.75425910949707,43.07910919189453,25.096405029296875,183.58441162109375,63.502166748046875,34.55589294433594,90.18926239013672,127.90106201171875,191.87826538085938,196.00999450683594,77.49368286132812,100.59632110595703,222.78346252441406,72.59237670898438
2018-06-11,6.451303005218506,93.77953338623047,45.1404914855957,56.65425109863281,190.36643981933594,22.139999389648438,20.984355926513672,43.08806228637695,25.078563690185547,184.2511444091797,63.79014205932617,34.69742965698242,89.96200561523438,127.1131820678711,190.3915252685547,195.3300018310547,77.29561614990234,99.46112060546875,225.53851318359375,72.11531066894531
2018-06-12,6.499821186065674,94.02082061767578,45.38835144042969,57.01625442504883,191.22117614746094,22.851333618164062,21.032625198364258,43.320533752441406,25.019060134887695,184.59349060058594,63.5515251159668,34.91756820678711,89.4425277709961,128.0150146484375,191.964599609375,195.27000427246094,76.96249389648438,99.36381530761719,225.3607940673828,71.49370574951172
2018-06-13,6.495365142822266,93.59390258789062,45.01539611816406,56.819610595703125,191.23109436035156,22.985332489013672,21.205595016479492,43.15959167480469,25.016090393066406,183.89974975585938,62.91800308227539,34.73673629760742,89.2639389038086,127.5782470703125,191.27389526367188,194.5500030517578,77.1695785522461,99.4367904663086,224.7297821044922,70.53233337402344
2018-06-14,6.607005596160889,94.12290954589844,45.039005279541016,57.60817337036133,195.60415649414062,23.847999572753906,21.598207473754883,41.040504455566406,24.926834106445312,184.80972290039062,62.523067474365234,34.570159912109375,87.6891860961914,128.14785766601562,191.1780242919922,192.5,77.73672485351562,99.25839233398438,226.9159698486328,71.37805938720703
2018-06-15,6.566160202026367,92.92572784423828,44.57633590698242,57.56645965576172,194.65003967285156,23.878000259399414,21.7406063079834,41.38027572631836,24.90005874633789,186.7919158935547,63.66671371459961,34.99851989746094,87.58370208740234,128.2427215576172,191.3890380859375,191.75999450683594,78.21383666992188,99.4205551147461,228.29835510253906,71.97076416015625
2018-06-18,6.561953067779541,93.60320281982422,44.55272674560547,58.77363586425781,197.094970703125,24.722000122070312,21.279617309570312,41.59485626220703,24.691816329956055,185.79183959960938,62.39963912963867,34.54635238647461,87.81098175048828,129.2869110107422,192.92376708984375,191.11000061035156,77.52067565917969,98.37454223632812,227.30838012695312,71.18289184570312
2018-06-19,6.440164089202881,93.60320281982422,43.832763671875,58.53081130981445,196.28001403808594,23.503332138061523,21.27553939819336,41.3713264465332,24.873287200927734,186.9811248779297,62.802791595458984,34.58601379394531,87.2995834350586,128.25225830078125,191.54249572753906,190.35000610351562,78.15984344482422,99.38813781738281,225.6584930419922,70.84315490722656
2018-06-20,6.493137359619141,94.54054260253906,44.023963928222656,58.79795837402344,200.76235961914062,24.148000717163086,21.297548294067383,38.28659439086914,24.873287200927734,187.3865203857422,62.40788650512695,34.31631851196289,87.29148864746094,128.6224822998047,193.31700134277344,189.5,77.67373657226562,98.9583740234375,225.47119140625,71.01663208007812
2018-06-21,6.364418983459473,93.863037109375,43.778472900390625,58.071475982666016,200.2654266357422,23.167333602905273,21.16954803466797,38.53693771362305,25.051782608032227,189.17047119140625,62.89333724975586,34.18144989013672,87.2671127319336,127.70171356201172,192.58804321289062,188.86000061035156,77.48466491699219,98.47996520996094,224.65065002441406,69.06502532958984
2018-06-22,6.211935520172119,93.1855697631836,43.65100860595703,58.064029693603516,200.5039520263672,22.242000579833984,21.17444610595703,39.431068420410156,25.233247756958008,190.1975860595703,63.70785903930664,34.30837631225586,85.8385009765625,128.46115112304688,193.25946044921875,188.91000366210938,77.34962463378906,99.60704803466797,226.86248779296875,67.57604217529297
2018-06-25,5.919100761413574,91.31090545654297,43.001853942871094,56.57380294799805,195.14697265625,22.200666427612305,20.580076217651367,39.592018127441406,25.724109649658203,190.78321838378906,64.00407409667969,34.570159912109375,85.05924987792969,124.28441619873047,187.02464294433594,186.72999572753906,77.214599609375,99.40436553955078,223.59828186035156,67.25801849365234
2018-06-26,5.990142822265625,91.9512710571289,43.535335540771484,56.24308776855469,197.78073120117188,22.799999237060547,20.508331298828125,39.7082633972168,25.57834243774414,189.28761291503906,64.1768569946289,34.3718376159668,85.11607360839844,125.82220458984375,188.44432067871094,186.44000244140625,76.62041473388672,99.20973205566406,222.7599334716797,66.58578491210938
2018-06-27,5.834936618804932,90.52210235595703,43.47159194946289,55.46445846557617,194.64010620117188,22.96666717529297,20.14714813232422,38.84988784790039,25.84906005859375,189.2335662841797,63.92179489135742,34.16558074951172,83.80110168457031,124.36984252929688,185.29812622070312,184.91000366210938,76.22429656982422,98.60971069335938,221.33294677734375,66.14485931396484
2018-06-28,5.96217155456543,91.53366088867188,43.787925720214844,55.953086853027344,195.0277099609375,23.32866668701172,19.966964721679688,39.198604583740234,25.542644500732422,188.04425048828125,64.21800231933594,34.48289489746094,85.17289733886719,126.0025634765625,189.05819702148438,187.08999633789062,76.96249389648438,98.9259262084961,218.4165802001953,66.80984497070312
2018-06-29,5.864146709442139,91.51508331298828,43.69585418701172,56.072757720947266,193.12942504882812,22.863332748413086,19.782703399658203,39.39530563354492,25.480165481567383,188.2875213623047,64.22621154785156,34.792266845703125,84.58035278320312,125.72724914550781,188.5018310546875,186.64999389648438,76.81846618652344,98.39076232910156,218.8089599609375,66.96887969970703
2018-07-02,5.996332168579102,92.8143539428711,44.18448257446289,56.71433639526367,196.15078735351562,22.33799934387207,19.73459815979004,40.191078186035156,24.98931121826172,187.3955841064453,64.28382110595703,34.70501708984375,85.29464721679688,125.77474975585938,189.60488891601562,187.8300018310547,77.29561614990234,98.58537292480469,220.7175750732422,67.30137634277344
2018-07-03,5.862662315368652,91.92343139648438,43.41494369506836,55.43168640136719,191.54916381835938,20.724000930786133,19.509578704833984,39.985435485839844,25.120201110839844,186.6117401123047,64.09457397460938,34.895389556884766,84.10142517089844,124.77801513671875,188.28121948242188,186.02000427246094,77.88079833984375,99.50166320800781,220.2716522216797,67.66276550292969
2018-07-05,6.008460521697998,92.58235168457031,43.76429748535156,56.67361831665039,197.23410034179688,20.610666275024414,20.00773048400879,40.602386474609375,25.15888023376465,188.4317169189453,65.17240142822266,35.426876068115234,84.64823913574219,126.5246353149414,190.75595092773438,187.5,77.92578125,101.3585433959961,223.41099548339844,68.29163360595703
2018-07-06,6.122326850891113,93.88162231445312,44.37096405029297,57.358394622802734,201.9848175048828,20.593332290649414,20.193622589111328,41.129913330078125,25.141035079956055,188.86412048339844,65.25470733642578,35.4110107421875,84.92573547363281,127.28402709960938,191.62033081054688,187.55999755859375,78.67298889160156,101.9666976928711,223.64283752441406,70.05529022216797
2018-07-09,6.169853210449219,94.52195739746094,44.987056732177734,57.964210510253906,203.48558044433594,21.233999252319336,20.173236846923828,41.782630920410156,25.5634708404541,190.053466796875,64.06166076660156,35.22062301635742,87.55363464355469,128.64146423339844,192.97450256347656,189.63999938964844,79.10511016845703,102.2099380493164,226.23812866210938,70.14204406738281
2018-07-10,6.268869400024414,94.7725601196289,44.932769775390625,57.95726013183594,202.2928924560547,21.49799919128418,20.42842674255371,42.01511001586914,25.944255828857422,190.73817443847656,65.67430877685547,35.672786712646484,87.01497650146484,129.75209045410156,193.54115295410156,189.89999389648438,79.26716613769531,103.28840637207031,227.90597534179688,71.4430923461914
2018-07-11,6.1272783279418945,94.64261627197266,44.3497314453125,58.171783447265625,201.29901123046875,21.263999938964844,19.847929000854492,42.596282958984375,25.741960525512695,190.06243896484375,65.1312484741211,35.52999496459961,86.8272705078125,131.13796997070312,195.769287109375,189.91000366210938,78.8260269165039,102.3640365600586,227.05870056152344,68.6385726928711
2018-07-12,6.218865394592285,96.69364166259766,45.09328079223633,59.65157699584961,205.65220642089844,21.11400032043457,17.119897842407227,43.05229187011719,25.738988876342773,192.82852172851562,64.90914916992188,35.43479537963867,87.20271301269531,132.79910278320312,199.5532989501953,189.9600067138672,80.04138946533203,103.5965576171875,228.3607940673828,69.814208984375
2018-07-13,6.1715874671936035,97.84437561035156,45.164100646972656,59.808494567871094,206.04977416992188,21.257999420166016,16.506786346435547,43.48147201538086,26.09002685546875,195.0989532470703,65.25470733642578,35.49033737182617,86.80278778076172,132.343505859375,197.75732421875,190.9600067138672,80.76158142089844,102.11266326904297,230.72421264648438,70.55900573730469
2018-07-16,6.143862724304199,97.3617935180664,45.0649528503418,59.415706634521484,205.96031188964844,20.67333221435547,16.57119369506836,43.499427795410156,26.072179794311523,193.57630920410156,65.4356918334961,35.482398986816406,90.24683380126953,131.4322509765625,195.99978637695312,192.0,80.18543243408203,101.10718536376953,229.19029235839844,70.28153228759766
2018-07-17,6.279760837554932,98.32698822021484,45.19243240356445,60.238525390625,208.7034149169922,21.512666702270508,16.983739852905273,43.894386291503906,26.235803604125977,193.7114715576172,65.84709930419922,35.894893646240234,90.18156433105469,132.55233764648438,198.19911193847656,190.41000366210938,80.63554382324219,104.69120025634766,223.22372436523438,69.66817474365234
2018-07-18,6.2305006980896,97.55670928955078,44.944580078125,60.2300910949707,208.0772705078125,21.59000015258789,17.022062301635742,43.6609992980957,26.200101852416992,193.6844482421875,65.59202575683594,35.79177474975586,91.02214050292969,133.7483673095703,200.11036682128906,200.44000244140625,81.04966735839844,103.62898254394531,227.79888916015625,68.93065643310547
2018-07-19,6.2386698722839355,96.88851165771484,45.2939453125,59.54431915283203,206.81503295898438,21.34866714477539,17.15169334411621,43.48146438598633,26.095979690551758,195.99993896484375,65.36537170410156,35.78383255004883,89.6837158203125,133.0174560546875,197.9013671875,197.49000549316406,80.50951385498047,102.12075805664062,225.57821655273438,65.68128204345703
2018-07-20,6.210451602935791,98.62394714355469,45.190067291259766,59.483734130859375,208.65370178222656,20.905332565307617,17.1484375,43.55329513549805,26.19712257385254,197.03607177734375,65.32386779785156,35.9186897277832,90.81812286376953,133.8338165283203,198.525634765625,196.77999877929688,79.64527130126953,102.04777526855469,225.37306213378906,64.921875
2018-07-23,6.173814296722412,100.20165252685547,45.23019790649414,60.1352424621582,209.61776733398438,20.213333129882812,17.66941261291504,43.687923431396484,26.069202423095703,197.17120361328125,65.18273162841797,35.65690612792969,92.50749206542969,132.9225311279297,199.61093139648438,197.85000610351562,80.0143814086914,102.68024444580078,225.4087677001953,65.27967071533203
2018-07-24,6.156486988067627,99.91395568847656,45.55830383300781,62.47659683227539,213.354736328125,19.82866668701172,17.719961166381836,43.687923431396484,26.167375564575195,196.9369354248047,65.58124542236328,35.90281295776367,93.16040802001953,132.9225311279297,201.2820281982422,198.4600067138672,84.03852081298828,104.89393615722656,226.3184356689453,66.84230041503906
2018-07-25,6.234708786010742,102.8558578491211,45.98793029785156,63.36000061035156,216.16738891601562,20.582666397094727,18.423582077026367,43.93926239013672,26.1495304107666,198.84701538085938,65.97977447509766,36.56123352050781,94.0009994506836,135.40003967285156,205.6806640625,197.61000061035156,86.81128692626953,104.29387664794922,227.29953002929688,67.99600219726562
2018-07-26,6.3082275390625,101.73291015625,45.84394454956055,63.83472442626953,175.1800537109375,20.44333267211914,18.196109771728516,43.86744689941406,26.24770164489746,199.76605224609375,66.49449920654297,36.68021011352539,93.73168182373047,135.26715087890625,199.15948486328125,197.4600067138672,85.6859359741211,105.63992309570312,229.2080841064453,68.59477233886719
2018-07-27,6.238422393798828,99.93250274658203,45.08148956298828,62.215396881103516,173.81845092773438,19.812000274658203,18.022443771362305,43.65202713012695,26.217947006225586,197.90098571777344,66.90132904052734,36.656429290771484,94.6947021484375,133.56800842285156,194.9049530029297,197.9499969482422,86.9643325805664,106.66971588134766,228.27162170410156,66.126708984375
2018-07-30,6.043116092681885,97.78871154785156,44.82891082763672,61.08072280883789,170.0119171142578,19.344667434692383,18.3599853515625,42.84415054321289,26.441068649291992,197.41453552246094,66.5858383178711,36.67228698730469,95.26599884033203,129.552734375,190.03565979003906,199.08999633789062,88.24267578125,107.17247009277344,226.3898162841797,66.77657318115234
2018-07-31,6.061185359954834,98.44762420654297,44.918601989746094,60.9406852722168,171.52259826660156,19.875999450683594,18.08115005493164,42.799278259277344,26.545188903808594,197.0541229248047,67.1504135131836,36.989593505859375,93.81330108642578,129.79954528808594,190.16050720214844,197.8699951171875,88.9538803100586,107.45629119873047,225.8368377685547,67.34613800048828
2018-08-01,6.101039886474609,98.63320922851562,47.56476593017578,61.22721481323242,170.59829711914062,20.055999755859375,17.675941467285156,42.503047943115234,26.250675201416016,195.6305389404297,66.9594497680664,36.7992057800293,94.39274597167969,131.23292541503906,193.2338104248047,197.85000610351562,88.8548355102539,107.55355072021484,225.9706268310547,68.57286071777344
2018-08-02,6.203766822814941,99.8304214477539,48.955116271972656,61.63142013549805,175.28939819335938,23.30266761779785,17.639253616333008,42.99674606323242,26.40537452697754,199.22547912597656,68.08029174804688,36.63261413574219,94.79264068603516,131.8688507080078,194.01171875,198.05999755859375,89.54804229736328,106.42648315429688,228.3875274658203,69.45639038085938
2018-08-03,6.2404022216796875,100.2665786743164,49.09674835205078,61.48394012451172,176.6907501220703,23.211332321166992,17.758283615112305,43.50840759277344,26.65526580810547,200.0453338623047,68.3542709350586,36.981651306152344,95.55978393554688,132.72320556640625,193.2338104248047,200.24000549316406,90.54730224609375,106.99405670166016,229.40428161621094,70.48596954345703
2018-08-06,6.288176536560059,100.35011291503906,49.3516960144043,61.4596061706543,184.5522918701172,22.799333572387695,17.68817138671875,43.687923431396484,26.67608642578125,200.6670684814453,68.51201629638672,37.00544738769531,95.58429718017578,132.61875915527344,193.56033325195312,206.05999755859375,91.82567596435547,107.05084991455078,228.9940643310547,70.87297821044922
2018-08-07,6.360457897186279,101.046142578125,48.8890266418457,62.36188888549805,182.68377685546875,25.30466651916504,17.962112426757812,43.517364501953125,26.705835342407227,201.6941680908203,68.61164093017578,36.886474609375,95.93521881103516,133.15985107421875,194.59759521484375,208.72000122070312,91.77166748046875,106.59674835205078,229.7877960205078,68.6823959350586
2018-08-08,6.396845817565918,101.61229705810547,48.92207717895508,62.63450241088867,184.04541015625,24.689332962036133,17.89280891418457,43.43659591674805,26.78913688659668,202.3428497314453,68.3708724975586,36.60882568359375,96.1310806274414,133.53958129882812,194.8280792236328,208.94000244140625,92.0687484741211,106.36160278320312,230.82237243652344,68.44142150878906
2018-08-09,6.34832763671875,101.77932739257812,49.30683898925781,62.7899284362793,181.96820068359375,23.496667861938477,17.658004760742188,43.57124710083008,26.633541107177734,196.63063049316406,67.58213806152344,36.767478942871094,95.38841247558594,132.90354919433594,195.53875732421875,209.10000610351562,91.99673461914062,106.38592529296875,233.30174255371094,69.71197509765625
2018-08-10,6.306990146636963,101.15753173828125,49.159969329833984,62.1965217590332,179.15554809570312,23.69933319091797,17.303342819213867,43.373756408691406,26.983625411987305,198.49566650390625,67.6070556640625,36.55329513549805,94.44986724853516,132.63775634765625,194.62640380859375,206.6300048828125,92.05075073242188,106.02104187011719,232.2047119140625,69.95292663574219
2018-08-13,6.339912414550781,100.42437744140625,49.47739791870117,62.00434875488281,178.94683837890625,23.76066780090332,17.20958709716797,43.095497131347656,26.82204246520996,197.81997680664062,67.6817855834961,36.3549919128418,92.9482192993164,133.09341430664062,194.29986572265625,205.1699981689453,92.22179412841797,105.59126281738281,232.69517517089844,70.66851043701172
2018-08-14,6.471354007720947,101.67723083496094,49.68584060668945,62.476097106933594,180.00035095214844,23.176000595092773,16.901391983032227,43.29296875,27.184101104736328,200.01832580566406,67.50740814208984,36.402584075927734,93.5684814453125,133.61549377441406,195.80770874023438,205.8300018310547,92.73143768310547,105.00743865966797,234.98733520507812,70.04055786132812
2018-08-15,6.413182735443115,100.29844665527344,49.801918029785156,61.18897247314453,178.4300537109375,22.57933235168457,16.842689514160156,42.94288635253906,26.99559211730957,199.7210235595703,68.32937622070312,36.55329513549805,92.79315948486328,132.818115234375,192.31185913085938,204.5,93.53709411621094,105.76154327392578,232.42762756347656,71.15775299072266
2018-08-16,6.372588157653809,100.2798080444336,50.531524658203125,60.78376770019531,173.62962341308594,22.363332748413086,17.014720916748047,43.1762809753418,29.5150203704834,201.09048461914062,69.48341369628906,36.66435241699219,93.6664047241211,133.71177673339844,195.53875732421875,207.55999755859375,94.46946716308594,107.42384338378906,234.64840698242188,71.72000885009766
2018-08-17,6.060196876525879,100.22393035888672,51.54063034057617,60.37608337402344,172.7351531982422,20.366666793823242,17.062009811401367,43.40966033935547,29.278640747070312,203.33395385742188,69.48341369628906,36.965782165527344,93.6664047241211,134.3582000732422,195.16429138183594,208.13999938964844,95.54667663574219,109.0374755859375,233.96165466308594,72.15083312988281
2018-08-20,6.134951114654541,99.5624771118164,51.0384407043457,60.67898941040039,171.44309997558594,20.562667846679688,16.85410499572754,43.46350860595703,28.725086212158203,204.83856201171875,69.44188690185547,37.06892395019531,93.54399108886719,133.9874267578125,196.64328002929688,208.4600067138672,95.79109191894531,110.9916763305664,234.0240936279297,71.28919219970703
2018-08-21,6.270602226257324,98.73329162597656,50.938968658447266,60.45354461669922,171.56236267089844,21.459999084472656,17.163110733032227,43.45454788208008,28.749021530151367,205.9107208251953,69.6577377319336,36.66435241699219,94.11524200439453,133.13177490234375,195.04896545410156,208.49000549316406,95.11217498779297,109.75104522705078,233.3909149169922,71.36949920654297
2018-08-22,6.505763053894043,99.73944091796875,50.94132614135742,60.6690559387207,172.57611083984375,21.44266700744629,16.920963287353516,43.80461883544922,28.626344680786133,206.51441955566406,69.23433685302734,36.43430709838867,93.82962036132812,134.17758178710938,196.220703125,207.3300018310547,95.07596588134766,109.15099334716797,232.5436248779297,71.29650115966797
2018-08-23,6.60527229309082,100.20527648925781,51.04555130004883,60.6397590637207,171.84063720703125,21.34000015258789,16.76197624206543,43.948246002197266,28.47972869873047,206.78468322753906,69.10980224609375,36.25185775756836,93.6337661743164,135.09027099609375,197.09469604492188,207.24000549316406,94.88585662841797,109.55642700195312,233.15011596679688,70.9386978149414
2018-08-24,6.738446235656738,100.98783874511719,51.20425796508789,61.41392135620117,173.57992553710938,21.521333694458008,17.039995193481445,44.21753692626953,28.41090202331543,208.37945556640625,69.20941162109375,36.19633102416992,93.59294891357422,137.08660888671875,201.109130859375,207.97999572753906,95.74583435058594,110.237548828125,235.7008056640625,71.12124633789062
2018-08-27,6.829539775848389,102.10578155517578,51.625911712646484,62.383235931396484,176.37269592285156,21.284666061401367,17.363676071166992,44.28036117553711,28.28822135925293,207.2532196044922,69.27584838867188,36.24392318725586,95.24966430664062,138.22738647460938,203.15484619140625,210.50999450683594,95.14837646484375,110.1314697265625,238.197998046875,71.57396697998047
2018-08-28,6.791914463043213,102.72066497802734,52.04282760620117,61.86629867553711,175.1800537109375,20.790666580200195,17.48271369934082,43.6609992980957,28.746028900146484,207.46046447753906,69.30906677246094,35.99009323120117,94.78448486328125,138.0373077392578,204.2113037109375,210.77000427246094,95.21175384521484,109.64168548583984,239.47337341308594,71.01903533935547
2018-08-29,6.897424221038818,104.36029052734375,52.81978225708008,62.79936218261719,174.822265625,20.333999633789062,17.528371810913086,43.885406494140625,28.61736297607422,207.39735412597656,69.31733703613281,35.95833969116211,94.47437286376953,139.77703857421875,206.07447814941406,211.27000427246094,95.34752655029297,110.08246612548828,239.91036987304688,71.2526626586914
2018-08-30,6.880580425262451,104.29508209228516,53.30539321899414,62.29236602783203,176.55162048339844,20.209999084472656,17.663707733154297,43.427616119384766,28.7550048828125,208.49024963378906,69.25093078613281,35.65690612792969,94.0091552734375,139.50132751464844,205.33497619628906,209.75,95.48332214355469,110.15594482421875,239.36643981933594,70.67583465576172
2018-08-31,6.95166540145874,104.64912414550781,53.92128372192383,61.168113708496094,174.6533203125,20.110666275024414,17.85774803161621,43.60714340209961,28.683195114135742,210.56768798828125,68.86901092529297,35.35548782348633,93.51134490966797,139.64393615722656,207.02525329589844,208.72000122070312,95.63719940185547,109.9437026977539,239.42881774902344,70.0843734741211
2018-09-04,7.026459217071533,104.07151794433594,54.09420394897461,60.150634765625,170.111328125,19.26333236694336,17.890365600585938,43.60714340209961,28.533584594726562,211.9676513671875,68.66145324707031,35.50619888305664,93.97652435302734,140.50901794433594,208.23538208007812,210.0500030517578,94.7048110961914,109.15191650390625,239.47337341308594,69.04749298095703
2018-09-05,6.895689010620117,101.07169342041016,53.74127197265625,59.54431915283203,166.15570068359375,18.715999603271484,18.052614212036133,43.12242126464844,28.910602569580078,212.80770874023438,69.15130615234375,35.99801254272461,93.51949310302734,135.63211059570312,202.79949951171875,212.25999450683594,95.70057678222656,110.89874267578125,238.697509765625,69.50753021240234
2018-09-06,6.754516124725342,101.30457305908203,52.84822082519531,58.79399490356445,161.53419494628906,18.729999542236328,17.608274459838867,42.82619094848633,28.8597412109375,213.77406311035156,68.61994934082031,36.30739974975586,93.11957550048828,137.37179565429688,204.34573364257812,212.8800048828125,95.38375091552734,111.72317504882812,241.301513671875,68.44871520996094
2018-09-07,6.733214855194092,100.81082153320312,52.42183303833008,58.4761848449707,162.04104614257812,17.549333572387695,18.96249771118164,42.915958404541016,28.674219131469727,218.09149169921875,68.00556182861328,36.267723083496094,93.29914855957031,136.1359100341797,202.7322235107422,214.0399932861328,96.88640594482422,112.09049987792969,240.0755157470703,68.7626953125
2018-09-10,6.8042988777160645,101.90081787109375,51.718299865722656,58.35054397583008,163.17405700683594,19.03333282470703,19.6171932220459,43.85848617553711,28.99437713623047,219.64498901367188,68.3957748413086,36.53743362426758,92.80130767822266,136.97254943847656,203.28929138183594,215.11000061035156,96.33422088623047,112.00069427490234,232.42446899414062,68.50716400146484
2018-09-11,6.756497383117676,103.63365173339844,53.02587890625,59.091941833496094,164.92332458496094,18.62933349609375,18.960054397583008,43.9123420715332,28.91658592224121,220.5753631591797,68.08856964111328,36.505699157714844,93.38893127441406,138.31298828125,204.99880981445312,215.10000610351562,95.62816619873047,113.06187438964844,233.59678649902344,68.03981018066406
2018-09-12,6.642568111419678,104.07151794433594,52.36735153198242,58.17873764038086,161.00743103027344,19.369333267211914,18.74318504333496,44.28935241699219,28.716110229492188,218.97666931152344,69.0018539428711,36.68021011352539,92.28717041015625,139.33970642089844,205.55584716796875,214.58999633789062,95.92689514160156,113.75568389892578,235.0553436279297,68.0836410522461
2018-09-13,6.720337390899658,105.189453125,53.63229751586914,58.702125549316406,160.37135314941406,19.297332763671875,19.194049835205078,43.948246002197266,28.46177101135254,217.91989135742188,69.28414154052734,36.66422653198242,92.64623260498047,140.34742736816406,208.61953735351562,214.88999938964844,96.47908020019531,114.18831634521484,237.57888793945312,70.3399429321289
2018-09-14,6.846403121948242,105.61800384521484,53.02350616455078,58.495548248291016,161.3254852294922,19.68000030517578,19.269062042236328,44.208553314208984,28.303180694580078,212.59994506835938,69.41699981689453,36.79222106933594,92.6299057006836,140.54702758789062,209.3302459716797,216.3699951171875,95.74583435058594,113.86180877685547,237.41778564453125,69.86529541015625
2018-09-17,6.784483432769775,104.47209930419922,51.61170196533203,57.594268798828125,159.5961456298828,19.6560001373291,19.145946502685547,44.14572525024414,28.37200164794922,209.54705810546875,69.9483413696289,37.056217193603516,92.90740203857422,138.9689483642578,207.8992462158203,216.2899932861328,95.69151306152344,114.24545288085938,236.12918090820312,69.63895416259766
2018-09-18,6.712409973144531,105.46894836425781,51.69697570800781,57.955772399902344,159.31785583496094,18.997333526611328,19.692197799682617,44.011085510253906,28.554529190063477,211.6696014404297,69.74079895019531,36.74422073364258,93.28282165527344,140.34742736816406,211.3374786376953,218.3000030517578,96.75062561035156,114.71885681152344,235.61016845703125,67.62360382080078
2018-09-19,6.736186981201172,104.06221008300781,51.72776794433594,58.31132125854492,162.0609588623047,19.934667587280273,19.86141014099121,44.3701286315918,28.497678756713867,211.2179718017578,69.74079895019531,36.76822280883789,95.99235534667969,140.1477813720703,209.55111694335938,220.9499969482422,95.71867370605469,114.653564453125,237.4356689453125,66.46260070800781
2018-09-20,6.5950140953063965,105.80430603027344,52.12099075317383,59.17039489746094,165.0028076171875,19.8886661529541,20.119346618652344,45.267784118652344,28.650285720825195,211.28125,70.86992645263672,37.312217712402344,96.81663513183594,141.87802124023438,212.62445068359375,221.67999267578125,96.01740264892578,115.89430236816406,238.3843231201172,67.67469787597656
2018-09-21,6.524923801422119,106.4471435546875,51.55958557128906,58.20455551147461,161.9317169189453,19.940000534057617,20.379737854003906,45.86919403076172,28.69516372680664,212.0399627685547,71.2518310546875,37.264225006103516,96.18006134033203,142.64804077148438,213.11424255371094,220.52000427246094,96.25276184082031,116.62894439697266,238.63485717773438,67.3680191040039
2018-09-24,6.5806498527526855,106.82911682128906,52.301029205322266,58.57400894165039,164.3965301513672,19.978666305541992,20.49062728881836,45.99485397338867,28.401926040649414,210.75735473632812,69.96495056152344,36.85620880126953,95.25785064697266,141.75448608398438,212.5860137939453,218.1300048828125,95.5828857421875,114.66173553466797,239.25221252441406,68.21508026123047
2018-09-25,6.647769927978516,106.62415313720703,52.632659912109375,59.28559875488281,163.89962768554688,20.06599998474121,20.342775344848633,46.42572021484375,28.455785751342773,210.38706970214844,69.01016998291016,36.54422378540039,94.98851013183594,142.20123291015625,213.32553100585938,218.0500030517578,95.68246459960938,113.16797637939453,235.8070068359375,68.4779281616211
2018-09-26,6.610864639282227,106.1863021850586,52.21337890625,59.294044494628906,165.9270782470703,20.6386661529541,20.16041374206543,46.344932556152344,28.303180694580078,211.18185424804688,69.12641143798828,36.680213928222656,93.87042999267578,141.9064483642578,213.45997619628906,216.11000061035156,96.23468017578125,112.77615356445312,235.27012634277344,68.77003479003906
2018-09-27,6.622753620147705,106.5868911743164,53.286460876464844,59.95448684692383,167.80552673339844,20.501333236694336,20.244205474853516,46.39878463745117,28.16554069519043,211.35350036621094,68.7942886352539,36.80821990966797,93.46234130859375,142.61947631835938,213.5080108642578,216.6999969482422,96.57862854003906,112.82514190673828,236.82716369628906,68.74081420898438
2018-09-28,6.960083961486816,106.54962921142578,53.47359848022461,59.940582275390625,163.45236206054688,17.65133285522461,20.267202377319336,46.28209686279297,28.099716186523438,212.14828491210938,69.10150146484375,36.95221710205078,92.09127044677734,142.6860809326172,213.79612731933594,214.11000061035156,97.139892578125,112.78433227539062,238.07102966308594,69.06210327148438
2018-10-01,7.166643142700195,107.7048110961914,53.83363342285156,60.0125846862793,161.4447479248047,20.713333129882812,20.495561599731445,46.497528076171875,28.2463321685791,211.94061279296875,69.46678161621094,36.984222412109375,92.6299057006836,143.35153198242188,214.91018676757812,214.77999877929688,97.40239715576172,114.02506256103516,240.80938720703125,69.36878204345703
2018-10-02,7.095312595367432,107.27629852294922,54.31214141845703,59.9683952331543,158.3538055419922,20.06800079345703,20.379737854003906,45.08824157714844,28.470748901367188,213.47601318359375,70.03968048095703,37.20821762084961,93.01349639892578,142.28680419921875,213.5656280517578,215.2899932861328,97.728271484375,114.669921875,242.1785430908203,68.8065414428711
2018-10-03,7.101505279541016,107.29491424560547,54.973045349121094,60.161556243896484,161.4347686767578,19.65333366394043,20.4881649017334,44.657371520996094,28.1475887298584,210.6309356689453,68.9354476928711,36.69621276855469,93.88675689697266,142.0015869140625,214.2955322265625,216.39999389648438,98.32573699951172,113.48631286621094,242.4200897216797,70.10626983642578
2018-10-04,6.917237758636475,105.0776596069336,54.00657272338867,58.45036315917969,157.8767547607422,18.788667678833008,20.38548469543457,44.40604019165039,28.189477920532227,209.25799560546875,68.01387023925781,36.680213928222656,94.73323059082031,139.52032470703125,207.5918731689453,218.97000122070312,102.28155517578125,113.74755859375,240.11135864257812,68.52173614501953
2018-10-05,6.683682441711426,104.4627685546875,53.13010787963867,57.99153137207031,156.36605834960938,17.463333129882812,20.061847686767578,44.29830551147461,27.920181274414062,197.6426544189453,68.204833984375,36.70421600341797,94.19902801513672,138.18943786621094,205.0535125732422,219.4600067138672,104.11920166015625,113.54345703125,240.89883422851562,68.9160385131836
2018-10-08,6.5823845863342285,103.27031707763672,53.00691223144531,57.40010452270508,156.2865447998047,16.70400047302246,19.82691192626953,44.30729675292969,28.333105087280273,202.258056640625,68.41239166259766,37.18421936035156,94.77434539794922,134.89056396484375,200.2458953857422,222.05999755859375,104.51748657226562,113.78016662597656,240.72879028320312,69.23003387451172
2018-10-09,6.576686859130859,104.58391571044922,53.74127197265625,56.86628723144531,156.93255615234375,17.520000457763672,20.10045051574707,43.86744689941406,29.048240661621094,202.474853515625,68.246337890625,37.112213134765625,94.11685180664062,135.2898712158203,201.6881866455078,223.75999450683594,104.5084228515625,113.62506866455078,241.7131805419922,69.0547866821289
2018-10-10,6.085057735443115,98.90099334716797,51.25163269042969,54.23394012451172,150.4525146484375,17.125333786010742,19.043262481689453,42.547943115234375,28.65327262878418,199.65673828125,67.61534881591797,36.54422378540039,91.6102523803711,128.8347930908203,189.12110900878906,213.10000610351562,102.59839630126953,112.42516326904297,235.4222412109375,67.96678161621094
2018-10-11,5.823516368865967,98.66809844970703,50.7991828918457,54.16343307495117,152.4104461669922,16.815332412719727,18.802587509155273,41.991397857666016,28.102706909179688,200.35226440429688,65.48163604736328,35.71221923828125,88.86532592773438,127.13311004638672,187.0250244140625,205.19000244140625,97.68302154541016,109.24984741210938,230.08885192871094,66.22893524169922
2018-10-12,6.106110095977783,102.07784271240234,52.61370086669922,55.64322280883789,152.7980499267578,17.25200080871582,19.13526725769043,42.529991149902344,28.3690128326416,204.9857635498047,65.63937377929688,35.74420928955078,87.89555358886719,133.15081787109375,196.3614044189453,206.8000030517578,100.00945281982422,109.27434539794922,232.31700134277344,66.93004608154297
2018-10-15,5.82970666885376,100.2425308227539,51.4885139465332,54.744422912597656,152.5793914794922,17.305999755859375,19.095834732055664,42.46689224243164,28.072786331176758,202.7819061279297,66.52774047851562,35.9282112121582,87.39422607421875,130.46044921875,192.61146545410156,205.02999877929688,100.13619995117188,109.33965301513672,232.88975524902344,65.8156509399414
2018-10-16,6.088525772094727,103.41004943847656,52.623172760009766,56.265926361083984,157.80715942382812,18.439332962036133,19.57637596130371,43.46727752685547,28.668235778808594,205.64512634277344,67.25833129882812,36.392215728759766,89.26802062988281,134.7480010986328,199.7843780517578,209.8300018310547,100.50732421875,111.47013854980469,243.91453552246094,67.8304214477539
2018-10-17,6.019920825958252,103.13987731933594,52.395782470703125,55.993309020996094,158.44325256347656,18.118667602539062,19.481914520263672,43.13381576538086,28.89264488220215,206.37677001953125,67.96405029296875,36.688209533691406,90.26242065429688,135.4229278564453,199.39976501464844,210.52000427246094,102.82472229003906,113.83732604980469,239.19857788085938,68.09607696533203
2018-10-18,5.932491779327393,101.08099365234375,51.17109680175781,54.519474029541016,153.97080993652344,17.5939998626709,18.73029327392578,42.70122146606445,28.775951385498047,206.45803833007812,67.20770263671875,36.48822021484375,88.83245086669922,132.41880798339844,195.784423828125,208.6999969482422,102.57122802734375,113.86998748779297,238.76011657714844,66.34700775146484
2018-10-19,5.675904273986816,101.23005676269531,51.950435638427734,54.8804817199707,153.10614013671875,17.333332061767578,18.75165367126465,42.89048385620117,29.06918716430664,207.44253540039062,73.12103271484375,37.06422424316406,88.68453216552734,133.1698455810547,195.24598693847656,209.8300018310547,101.31297302246094,113.5026626586914,237.40882873535156,64.92265319824219
2018-10-22,5.726675510406494,102.13372039794922,52.267845153808594,55.187862396240234,153.83168029785156,17.39666748046875,18.779584884643555,43.20591354370117,29.06619644165039,206.8915557861328,72.53474426269531,36.77621841430664,87.41068267822266,133.70225524902344,196.63059997558594,206.19000244140625,101.41255950927734,113.20062255859375,234.6257781982422,62.192020416259766
2018-10-23,5.475042819976807,100.70833587646484,52.76056671142578,55.363651275634766,153.44406127929688,19.609333038330078,18.81491470336914,43.25096893310547,29.2636775970459,206.611572265625,73.00379943847656,37.08822250366211,86.49842834472656,132.2572021484375,194.6402587890625,204.0,99.92797088623047,113.40469360351562,237.0150909423828,61.225242614746094
2018-10-24,4.938830852508545,95.32357788085938,50.950801849365234,52.49394226074219,145.14520263671875,19.233333587646484,17.96554946899414,42.142452239990234,29.19187355041504,202.1045379638672,74.93025207519531,37.38423538208008,84.88761138916016,127.636962890625,188.15963745117188,199.80999755859375,96.24371337890625,112.21295928955078,229.37295532226562,58.60529708862305
2018-10-25,5.147618293762207,100.89469146728516,52.06650924682617,54.80152893066406,150.025146484375,20.99066734313965,18.255512237548828,43.22394943237305,29.676603317260742,204.48904418945312,74.54492950439453,37.20821762084961,86.17789459228516,133.58815002441406,196.34210205078125,201.97999572753906,97.66492462158203,113.02919006347656,236.4602813720703,60.317474365234375
2018-10-26,4.911090850830078,99.64629364013672,51.2374267578125,53.816322326660156,144.47930908203125,22.059999465942383,17.50882911682129,42.64713668823242,29.60478973388672,197.0736083984375,73.59009552001953,36.736209869384766,84.99446105957031,130.9452667236328,189.8903350830078,198.49000549316406,96.30706787109375,111.80480194091797,231.037353515625,59.62373733520508
2018-10-29,4.5972900390625,96.74893951416016,50.27568054199219,51.38210678100586,141.2194061279297,22.323333740234375,17.373292922973633,42.37675857543945,29.862117767333984,200.89422607421875,73.90837097167969,37.168216705322266,86.16970825195312,127.7035140991211,183.6885223388672,200.0399932861328,97.22134399414062,112.27823638916016,229.55186462402344,60.04441452026367
2018-10-30,5.027745246887207,96.63717651367188,50.52678680419922,52.11604690551758,145.32412719726562,21.99333381652832,18.154476165771484,43.77370834350586,30.646072387695312,205.8619384765625,74.7041015625,38.10422897338867,87.69010925292969,126.21094512939453,180.5059051513672,203.35000610351562,98.07225799560547,114.89028930664062,231.1268768310547,60.214149475097656
2018-10-31,5.2216715812683105,99.50656127929688,51.843849182128906,54.15548324584961,150.8599853515625,22.488000869750977,18.35819435119629,44.017051696777344,30.00574493408203,206.503173828125,74.27693176269531,38.304229736328125,89.59675598144531,131.0498504638672,190.06338500976562,205.27999877929688,98.16277313232422,114.26996612548828,233.87413024902344,57.454002380371094
2018-11-01,5.4019775390625,98.67741394042969,52.639766693115234,53.927059173583984,150.82022094726562,22.95199966430664,18.88309097290039,43.79172897338867,30.09551429748535,207.37936401367188,75.03911590576172,38.192230224609375,89.56387329101562,133.8828582763672,192.02493286132812,205.86000061035156,97.63774108886719,114.94741821289062,233.49826049804688,59.195682525634766
2018-11-02,5.322970867156982,98.90099334716797,49.14812469482422,53.207523345947266,149.42881774902344,23.0939998626709,18.134763717651367,44.008033752441406,30.322917938232422,207.88516235351562,75.22337341308594,38.40022659301758,89.07080078125,132.88467407226562,190.11148071289062,206.57000732421875,96.63294982910156,114.83316802978516,233.56985473632812,58.71598815917969
2018-11-05,5.2449541091918945,100.15869140625,47.752899169921875,52.4249153137207,147.76902770996094,22.760000228881836,18.07890510559082,44.179283142089844,30.792694091796875,211.75994873046875,76.38761901855469,38.95222473144531,89.65426635742188,132.90367126464844,190.36151123046875,216.24000549316406,99.70169830322266,116.07390594482422,233.56985473632812,60.944786071777344
2018-11-06,5.227370262145996,100.35433959960938,48.26930618286133,53.112178802490234,149.02133178710938,22.737333297729492,18.74919319152832,44.38654327392578,30.91836166381836,213.8012237548828,76.64727783203125,39.28823471069336,90.07341003417969,133.84481811523438,191.4864959716797,218.50999450683594,95.8635025024414,116.37593841552734,235.83389282226562,61.74184036254883
2018-11-07,5.294984340667725,104.30440521240234,49.73323059082031,55.032432556152344,150.60159301757812,23.21066665649414,19.254371643066406,45.296817779541016,31.21458625793457,217.10699462890625,76.4630126953125,39.4962272644043,91.61847686767578,137.6380157470703,200.22671508789062,221.24000549316406,99.32148742675781,118.1553955078125,245.75802612304688,64.1772689819336
2018-11-08,5.101799964904785,104.10874938964844,49.5597038269043,54.356590270996094,146.96400451660156,23.426666259765625,19.734912872314453,45.45003128051758,31.382160186767578,216.11114501953125,76.52163696289062,39.464237213134766,92.3581314086914,138.06581115722656,200.82286071777344,222.4199981689453,99.66545104980469,118.60438537597656,247.56561279296875,64.74552917480469
2018-11-09,5.093873977661133,102.07784271240234,48.60411834716797,53.48213195800781,144.0718536376953,23.367332458496094,19.631412506103516,45.612247467041016,31.585615158081055,215.24192810058594,77.40110778808594,39.74423599243164,91.46231842041016,136.8299560546875,197.70750427246094,219.6300048828125,101.57551574707031,118.63697052001953,247.47610473632812,65.52781677246094
2018-11-12,4.6943793296813965,99.5624771118164,46.155731201171875,52.108604431152344,140.6827392578125,22.0853328704834,18.369693756103516,44.359519958496094,31.07994270324707,212.2904510498047,77.64400482177734,39.896240234375,89.53922271728516,132.82762145996094,191.47686767578125,215.4199981689453,102.47164916992188,118.86553955078125,243.7445526123047,66.19204711914062
2018-11-13,4.9363532066345215,99.6276626586914,45.6945686340332,52.03957748413086,141.28900146484375,22.582000732421875,18.46826171875,44.62087631225586,30.801664352416992,211.982666015625,78.28894805908203,39.88823699951172,90.06519317626953,132.82762145996094,190.54421997070312,217.9199981689453,101.73844146728516,118.09823608398438,240.91673278808594,65.1071548461914
2018-11-14,4.883845329284668,98.21483612060547,44.4038200378418,52.36781311035156,143.3363800048828,22.933332443237305,18.5808048248291,44.017051696777344,30.37976837158203,211.2311553955078,78.30570220947266,39.8082275390625,88.20783996582031,132.6089630126953,189.97695922851562,216.02999877929688,99.90339660644531,117.74725341796875,237.10455322265625,65.17355346679688
2018-11-15,5.012638092041016,100.376220703125,45.499656677246094,53.18567657470703,142.96864318847656,23.229333877563477,19.41373634338379,45.63028335571289,29.784324645996094,208.1800994873047,78.5904769897461,39.792236328125,90.4596939086914,135.08517456054688,192.98641967773438,217.3800048828125,102.07778930664062,117.95133209228516,237.08668518066406,66.52411651611328
2018-11-16,4.07247257232666,101.32119750976562,46.003597259521484,53.04762649536133,138.67510986328125,23.62066650390625,19.51805877685547,46.11695098876953,29.23076629638672,209.1578826904297,78.58209991455078,40.13623046875,90.3939437866211,133.5041961669922,191.38067626953125,218.41000366210938,103.56075286865234,119.16756439208984,242.60806274414062,67.54993438720703
2018-11-19,3.5838167667388916,97.88737487792969,44.18037414550781,51.01911544799805,130.74400329589844,23.564666748046875,18.82147789001465,44.65693664550781,28.958473205566406,207.09365844726562,78.13818359375,40.408241271972656,91.08428192138672,128.34231567382812,181.99624633789062,217.94000244140625,105.36211395263672,120.587890625,238.07994079589844,66.03701782226562
2018-11-20,3.6922967433929443,95.16463470458984,42.06953048706055,51.16957473754883,131.61859130859375,23.166000366210938,18.7048397064209,43.557411193847656,28.17452049255371,198.55601501464844,77.14144897460938,39.50423812866211,89.12832641601562,127.01852416992188,179.8617401123047,210.7100067138672,104.37042999267578,119.54308319091797,234.00839233398438,65.0112075805664
2018-11-21,3.58406400680542,96.47454833984375,42.0219841003418,51.81414031982422,133.99395751953125,22.54599952697754,18.8929443359375,43.81877136230469,28.177513122558594,197.8860626220703,76.56354522705078,38.98422622680664,88.46261596679688,128.01852416992188,180.4386444091797,210.86000061035156,102.1050796508789,115.90250396728516,233.158203125,63.57947540283203
2018-11-23,3.5912466049194336,96.43712615966797,40.954681396484375,51.15220260620117,130.9228973388672,21.722000122070312,18.884727478027344,43.890872955322266,28.455785751342773,199.23504638671875,76.67240905761719,39.21623229980469,87.64900970458984,126.5423355102539,175.5733184814453,207.07000732421875,102.6873550415039,116.09838104248047,234.11573791503906,63.19569396972656
2018-11-26,3.790623188018799,99.61833190917969,41.50853729248047,52.43534851074219,135.54443359375,23.066667556762695,19.329124450683594,43.49432373046875,28.470748901367188,198.6827850341797,77.00745391845703,39.09624099731445,89.79399108886719,129.46609497070312,184.4674072265625,210.6300048828125,102.24154663085938,116.13125610351562,238.178466796875,63.645870208740234
2018-11-27,3.807464599609375,100.24516296386719,41.41820526123047,52.25360107421875,134.17286682128906,22.92799949645996,19.371841430664062,42.75529479980469,28.437833786010742,201.9058837890625,77.6607666015625,39.4962272644043,90.17202758789062,129.43756103515625,185.55386352539062,212.52999877929688,103.91555786132812,117.65098571777344,242.64382934570312,64.70861053466797
2018-11-28,3.9644887447357178,103.96907806396484,43.01084518432617,54.215572357177734,135.92208862304688,23.191333770751953,19.321735382080078,43.43123245239258,29.16194725036621,208.54225158691406,77.90365600585938,39.76823425292969,91.17469787597656,134.6470947265625,194.49606323242188,217.5,105.10734558105469,120.29611206054688,251.41355895996094,65.63851165771484
2018-11-29,3.9012691974639893,103.09893035888672,42.6804313659668,54.35411071777344,137.83030700683594,22.744667053222656,19.36773109436035,43.16986846923828,29.111082077026367,209.1397705078125,77.74449920654297,39.49407958984375,90.45145416259766,132.47564697265625,189.09226989746094,217.6999969482422,106.4447250366211,119.81146240234375,252.8453369140625,66.35437774658203
2018-11-30,4.051755905151367,103.75387573242188,42.449859619140625,55.10245132446289,139.74850463867188,23.365333557128906,19.501623153686523,43.94493865966797,29.21879768371582,209.39329528808594,79.16001892089844,40.639068603515625,91.3801498413086,134.9613494873047,193.33258056640625,218.24000549316406,107.93678283691406,120.67399597167969,252.5850067138672,69.57209777832031
2018-12-03,4.215631484985352,104.87665557861328,43.933162689208984,55.43565368652344,140.2255401611328,23.89933204650879,19.884414672851562,44.90928649902344,29.547943115234375,210.11758422851562,78.16331481933594,40.06657409667969,92.24308013916016,138.0946502685547,201.7843475341797,220.80999755859375,107.82764434814453,120.10723876953125,257.0467224121094,69.1219253540039
2018-12-04,3.8950717449188232,101.53638458251953,42.00059509277344,52.759613037109375,137.08489990234375,23.979999542236328,19.06051254272461,43.93593215942383,28.668235778808594,204.9298095703125,78.1549301147461,39.977882385253906,88.12567138671875,132.0375518798828,192.77491760253906,210.1199951171875,106.00804901123047,119.95932006835938,250.06243896484375,66.82670593261719
2018-12-06,3.924325942993164,102.16326904296875,41.532310485839844,53.534767150878906,138.7744903564453,24.20400047302246,18.66623306274414,42.070350646972656,28.511789321899414,211.13162231445312,78.35594177246094,39.81662368774414,86.4490966796875,134.3327178955078,195.17869567871094,207.9600067138672,105.38939666748047,119.86073303222656,248.53628540039062,66.66433715820312
2018-12-07,3.6595470905303955,98.07447814941406,40.051395416259766,51.970550537109375,136.57803344726562,23.864667892456055,18.7746639251709,41.457496643066406,28.03644561767578,203.580810546875,77.43460083007812,39.58277893066406,84.88761138916016,130.5804443359375,188.9384307861328,204.8800048828125,103.33330535888672,119.4664077758789,241.65069580078125,64.1772689819336
2018-12-10,3.7649130821228027,100.6662368774414,40.31525802612305,52.29829406738281,140.98089599609375,24.343332290649414,19.65277099609375,42.06132125854492,28.262083053588867,201.58900451660156,77.92041015625,39.7037353515625,83.3014907836914,131.31373596191406,190.43841552734375,203.25999450683594,103.79727172851562,119.32672119140625,239.27159118652344,64.6569595336914
2018-12-11,3.67392635345459,101.60187530517578,40.08467483520508,52.71889114379883,141.20948791503906,24.450666427612305,20.27623748779297,41.8720588684082,28.23500633239746,205.0656280517578,78.65748596191406,39.94562911987305,82.48786163330078,130.294677734375,190.13072204589844,202.27999877929688,104.17027282714844,120.34536743164062,239.89109802246094,65.07025146484375
2018-12-12,3.6915292739868164,102.06033325195312,40.19639587402344,53.318763732910156,143.61465454101562,24.440000534057617,20.94487953186035,42.64713668823242,28.012374877929688,206.24264526367188,78.75798797607422,39.68761444091797,83.02203369140625,131.237548828125,192.58258056640625,202.47999572753906,104.02471923828125,120.83828735351562,242.96141052246094,65.38758850097656
2018-12-13,3.6912806034088135,102.40653228759766,40.63615036010742,53.309322357177734,144.1215057373047,25.119333267211914,21.21759605407715,42.5660285949707,27.967248916625977,205.0746612548828,80.81843566894531,39.889190673828125,83.10423278808594,130.98992919921875,191.30377197265625,202.4199981689453,104.49781036376953,121.44613647460938,244.31692504882812,64.73076629638672
2018-12-14,3.6307883262634277,99.20663452148438,39.33589172363281,52.22529220581055,143.17735290527344,24.380666732788086,20.932558059692383,41.99823760986328,27.633296966552734,187.46533203125,80.94407653808594,39.78436279296875,82.42210388183594,128.65658569335938,187.8134765625,200.0,101.83213806152344,109.25553894042969,237.91615295410156,63.180965423583984
2018-12-17,3.5596351623535156,96.26872253417969,38.96982955932617,50.93122100830078,139.33106994628906,23.22800064086914,20.875057220458984,41.21415710449219,27.308382034301758,183.09237670898438,77.70264434814453,38.969970703125,81.37016296386719,125.14236450195312,183.12124633789062,197.9199981689453,98.58422088623047,106.08465576171875,231.6769256591797,62.679100036621094
2018-12-18,3.6429364681243896,97.27922058105469,39.476139068603516,51.813140869140625,142.77980041503906,22.468666076660156,20.724811553955078,41.32229995727539,27.401647567749023,183.78048706054688,77.4681167602539,38.9619026184082,80.98387908935547,126.34234619140625,184.23663330078125,196.52000427246094,96.89204406738281,107.13614654541016,227.09849548339844,61.68278503417969
2018-12-19,3.4339404106140137,97.0172119140625,38.244815826416016,51.41836166381836,132.4236602783203,22.197999954223633,20.24502182006836,41.86305236816406,27.242191314697266,182.3499755859375,76.85667419433594,38.62324523925781,79.95660400390625,125.00901794433594,179.91937255859375,195.1699981689453,99.26653289794922,104.82782745361328,224.71054077148438,61.638492584228516
2018-12-20,3.3493990898132324,94.97750091552734,37.27971267700195,50.828433990478516,132.58265686035156,21.025333404541016,20.079002380371094,41.67379379272461,26.25840187072754,178.47499084472656,76.20335388183594,38.33297348022461,79.26624298095703,122.62803649902344,175.67910766601562,193.5800018310547,99.4303207397461,105.3699951171875,217.64541625976562,63.00382995605469
2018-12-21,3.212299346923828,91.90861511230469,35.8297004699707,49.22300720214844,124.18444061279297,21.31800079345703,20.329692840576172,39.654991149902344,26.213272094726562,176.11199951171875,76.1949691772461,38.35715103149414,77.39246368408203,118.34237670898438,168.448486328125,192.10000610351562,99.54859161376953,105.22210693359375,213.96469116210938,62.67170715332031
2018-12-24,3.1505675315856934,88.07243347167969,34.90264129638672,48.896263122558594,123.29988861083984,19.69266700744629,19.4074649810791,38.474361419677734,25.819154739379883,172.0106964111328,73.17131042480469,37.05896759033203,75.7241439819336,115.93286895751953,167.92922973632812,187.75999450683594,97.11946868896484,100.9094009399414,209.11697387695312,62.11082077026367
2018-12-26,3.2998149394989014,94.08863067626953,37.360538482666016,52.03361892700195,133.35787963867188,21.73933219909668,20.597806930541992,40.186729431152344,27.200071334838867,179.83306884765625,75.45791625976562,37.84917068481445,78.86353302001953,124.0280532836914,179.25595092773438,197.57000732421875,101.06793212890625,104.08848571777344,218.4623565673828,65.71231842041016
2018-12-27,3.251966714859009,94.66873931884766,37.11807632446289,52.284385681152344,133.69581604003906,21.075332641601562,20.822763442993164,40.52920150756836,27.555078506469727,182.0511932373047,77.07444763183594,38.32490539550781,79.75112915039062,125.72327423095703,181.42898559570312,200.1199951171875,102.70553588867188,104.66354370117188,220.8144073486328,66.35437774658203
2018-12-28,3.313450574874878,93.92958068847656,37.1370964050293,51.975521087646484,132.38389587402344,22.257999420166016,21.050207138061523,40.39401626586914,27.7175350189209,182.92034912109375,76.3708724975586,38.058815002441406,79.57853698730469,124.7042465209961,178.996337890625,202.0800018310547,103.8973388671875,104.54850006103516,221.0567626953125,67.24738311767578
2018-12-31,3.309732437133789,95.03366088867188,37.49603271484375,51.890113830566406,130.2868194580078,22.18666648864746,21.10748291015625,40.69143295288086,28.0244083404541,184.43231201171875,76.99069213867188,38.17975616455078,80.22779846191406,125.65662384033203,181.39053344726562,204.17999267578125,105.28024291992188,106.01074981689453,223.64222717285156,68.03705596923828
2019-01-02,3.377166509628296,94.61261749267578,37.53882598876953,52.37278366088867,134.84869384765625,20.674667358398438,21.043567657470703,40.7545166015625,28.081565856933594,185.3829803466797,76.45463562011719,37.84111404418945,81.61669921875,126.59001159667969,182.4385986328125,202.8000030517578,104.51600646972656,104.94283294677734,218.58804321289062,65.85255432128906
2019-01-03,3.1731278896331787,91.13201141357422,33.79966354370117,50.92228317260742,130.93284606933594,20.02400016784668,19.171720504760742,40.357967376708984,27.937162399291992,181.45362854003906,75.91860961914062,37.60726547241211,80.45679473876953,122.02806091308594,174.2080078125,191.66000366210938,101.26807403564453,103.2752456665039,212.6270751953125,63.68279266357422
2019-01-04,3.376422166824341,95.3704833984375,35.242557525634766,53.53426742553711,137.10479736328125,21.179332733154297,19.360149383544922,42.097389221191406,28.111663818359375,186.722900390625,77.4681167602539,38.35715103149414,83.42286682128906,127.28521728515625,182.45779418945312,195.1999969482422,104.31586456298828,105.0085220336914,215.11380004882812,65.73445892333984
2019-01-07,3.5551722049713135,95.49211883544922,35.16411590576172,53.42750930786133,137.2041778564453,22.33066749572754,19.754444122314453,42.764312744140625,28.442590713500977,187.41099548339844,77.15821075439453,37.85723114013672,83.4808578491211,129.5804443359375,183.86160278320312,196.91000366210938,104.87991333007812,104.3349609375,215.52679443359375,66.69386291503906
2019-01-08,3.466665744781494,96.18448638916016,35.8344612121582,53.89677047729492,141.65673828125,22.356666564941406,19.59589385986328,43.15184020996094,28.641155242919922,188.81431579589844,77.44298553466797,38.28458786010742,83.32344818115234,130.28517150878906,185.200439453125,196.30999755859375,105.84429168701172,106.75828552246094,218.40843200683594,67.00383758544922
2019-01-09,3.5348432064056396,97.55989837646484,36.442996978759766,53.712039947509766,143.3463134765625,22.568666458129883,20.443410873413086,43.06171417236328,28.547895431518555,190.03648376464844,76.1782455444336,37.55083465576172,83.1825942993164,131.81854248046875,188.5619354248047,196.3699951171875,106.63580322265625,105.91216278076172,218.72267150878906,64.8045654296875
2019-01-10,3.6005420684814453,96.93299102783203,36.55947494506836,53.57200622558594,143.31651306152344,22.99799919128418,20.71236228942871,43.097774505615234,28.568954467773438,190.70648193359375,76.36251068115234,37.95399856567383,83.17431640625,132.06607055664062,189.69845581054688,196.5800018310547,105.4803695678711,106.55290985107422,219.82688903808594,65.0923843383789
2019-01-11,3.6897928714752197,96.18448638916016,36.20051956176758,52.858924865722656,142.91897583007812,23.150667190551758,20.79952049255371,43.521358489990234,28.53285026550293,190.5887908935547,76.86505889892578,38.17169952392578,82.776611328125,131.4851531982422,188.6871337890625,196.2899932861328,105.69871520996094,106.58576965332031,222.34054565429688,65.17355346679688
2019-01-14,3.729708433151245,95.48275756835938,35.65617370605469,52.21536636352539,144.4991912841797,22.293333053588867,20.824426651000977,43.42221450805664,28.56594467163086,189.2216796875,76.34574127197266,38.018497467041016,83.62998962402344,130.57089233398438,188.2344207763672,195.77999877929688,104.33406066894531,105.37818908691406,222.69065856933594,63.32087326049805
2019-01-15,3.7155776023864746,98.25227355957031,36.38594436645508,53.9533805847168,148.03738403320312,22.961999893188477,21.290937423706055,43.77509689331055,28.95705223083496,191.05963134765625,77.06608581542969,38.35715103149414,84.24311065673828,130.7994384765625,189.28433227539062,196.94000244140625,106.5266342163086,106.26539611816406,230.5996551513672,63.87369918823242
2019-01-16,3.6900415420532227,98.59844970703125,36.8304443359375,54.10234832763672,146.6360321044922,23.06999969482422,20.89332389831543,43.485557556152344,28.98714256286621,190.29002380371094,76.53001403808594,37.833038330078125,84.9224853515625,130.7994384765625,190.4883270263672,198.41000366210938,106.26277923583984,105.18104553222656,234.7201690673828,63.911041259765625
2019-01-17,3.7614424228668213,99.29084014892578,37.04913330078125,54.579566955566406,147.39138793945312,23.15399932861328,21.194644927978516,43.956058502197266,29.104467391967773,191.44891357421875,76.5190658569336,37.9459228515625,85.27044677734375,130.7423095703125,191.9716033935547,198.77999877929688,108.4098892211914,106.04359436035156,233.20301818847656,65.1436996459961
2019-01-18,3.890608310699463,100.77851104736328,37.277339935302734,54.985755920410156,149.12071228027344,20.150667190551758,21.650367736816406,44.580379486083984,29.402315139770508,193.37738037109375,77.17750549316406,38.3894157409668,86.65406036376953,131.90423583984375,194.5625762939453,204.47999572753906,106.07173156738281,107.35795593261719,238.34706115722656,66.86193084716797
2019-01-22,3.6883060932159424,98.87915802001953,36.440608978271484,53.56207275390625,146.66586303710938,19.92799949645996,21.440349578857422,44.28179931640625,29.330108642578125,192.29995727539062,76.35020446777344,38.478111267089844,85.28702545166016,131.47561645507812,192.11607360839844,200.72000122070312,106.5266342163086,105.80537414550781,238.51760864257812,66.2343978881836
2019-01-23,3.701197862625122,99.84286499023438,36.58797836303711,53.849098205566406,143.4158935546875,19.172666549682617,21.376436233520508,44.55323791503906,29.6971435546875,192.01927185058594,80.06470489501953,38.92158889770508,85.07159423828125,130.485107421875,191.0469512939453,201.14999389648438,108.07325744628906,105.80537414550781,239.71153259277344,66.0775146484375
2019-01-24,3.9131693840026855,99.36571502685547,36.29798889160156,53.82874298095703,144.93650817871094,19.43400001525879,21.87697410583496,44.51704788208008,29.591848373413086,190.40774536132812,79.6088638305664,38.453922271728516,85.12129974365234,131.14230346679688,192.4339141845703,201.02000427246094,104.61607360839844,104.35136413574219,238.9126434326172,64.1575698852539
2019-01-25,3.9704387187957764,100.27326965332031,37.50078582763672,54.6982421875,148.09703063964844,19.80266761779785,22.24138832092285,45.05995178222656,29.164640426635742,189.2851104736328,79.01788330078125,38.195884704589844,85.65985107421875,132.06607055664062,195.46795654296875,202.75,104.59788513183594,105.33712768554688,240.63624572753906,60.168270111083984
2019-01-28,3.421544075012207,98.31776428222656,37.15373229980469,53.6231575012207,146.5664520263672,19.7586669921875,22.214820861816406,44.80659103393555,29.20073890686035,190.82421875,78.95037078857422,38.03462600708008,86.06582641601562,129.51377868652344,192.79031372070312,200.9499969482422,104.65248107910156,105.9614486694336,239.48709106445312,57.62826156616211
2019-01-29,3.262627363204956,96.31547546386719,36.768646240234375,53.13650894165039,143.3065185546875,19.83066749572754,22.106908798217773,44.888031005859375,29.095443725585938,190.40774536132812,78.96724700927734,38.2200813293457,86.30607604980469,128.57090759277344,191.90415954589844,202.0500030517578,105.27113342285156,107.06222534179688,239.99880981445312,57.87479019165039
2019-01-30,3.4061732292175293,99.53410339355469,39.28121566772461,54.5234489440918,149.49839782714844,20.584667205810547,22.48045539855957,45.5666389465332,28.520816802978516,191.3493194580078,79.79456329345703,38.59099197387695,86.50494384765625,131.04705810546875,196.50819396972656,205.9600067138672,106.39018249511719,108.13836669921875,242.71890258789062,59.062625885009766
2019-01-31,3.563849687576294,97.70957946777344,39.564090728759766,55.90889358520508,165.66871643066406,20.468000411987305,22.26711654663086,45.44901657104492,28.8306941986084,194.3188934326172,81.4407730102539,38.80869674682617,85.75099182128906,128.58042907714844,203.3564453125,205.5399932861328,109.04673767089844,109.32124328613281,242.56637573242188,59.981502532958984
2019-02-01,3.588146448135376,96.16578674316406,39.58309555053711,55.547882080078125,164.69471740722656,20.81399917602539,22.147586822509766,45.97380828857422,28.23801612854004,190.37156677246094,82.28498840332031,39.268314361572266,86.06582641601562,133.47561645507812,205.89920043945312,209.19000244140625,109.98379516601562,110.24132537841797,241.2377166748047,60.13837814331055
2019-02-04,3.6984705924987793,98.9352798461914,40.70745086669922,56.68007278442383,168.2130126953125,20.859333038330078,22.588363647460938,46.17286682128906,28.511789321899414,191.19540405273438,82.75772857666016,39.71179962158203,86.37237548828125,134.7613525390625,206.99720764160156,208.52000427246094,109.32876586914062,109.15697479248047,240.7798614501953,58.66668701171875
2019-02-05,3.717559814453125,100.32005310058594,41.40394973754883,57.19899368286133,170.111328125,21.42333221435547,22.412385940551758,46.36287307739258,28.761497497558594,191.584716796875,82.25967407226562,39.71986389160156,85.99124908447266,135.7423095703125,207.91226196289062,207.82000732421875,109.5653076171875,109.15697479248047,239.07424926757812,59.53327941894531
2019-02-06,3.7931759357452393,99.20663452148438,41.41820526123047,55.75992202758789,169.4454345703125,21.148000717163086,22.927865982055664,46.38097381591797,28.77353286743164,191.57565307617188,82.66488647460938,39.71986389160156,85.94982147216797,134.75181579589844,207.3728485107422,206.00999450683594,108.50995635986328,109.25553894042969,241.93795776367188,59.07756805419922
2019-02-07,3.654836416244507,98.49554443359375,40.633766174316406,54.91673278808594,165.360595703125,20.500667572021484,22.336849212646484,45.439964294433594,29.101459503173828,189.77822875976562,82.00641632080078,39.848876953125,84.82304382324219,133.49464416503906,206.09185791015625,201.72999572753906,106.89965057373047,108.47513580322266,241.48904418945312,59.1447868347168
2019-02-08,3.673431158065796,98.86978149414062,40.681522369384766,54.7414436340332,166.3047637939453,20.386667251586914,22.74939727783203,46.17286682128906,28.755481719970703,188.59805297851562,82.48757934570312,39.913368225097656,83.97798156738281,133.69467163085938,208.60574340820312,200.9199981689453,108.81018829345703,108.76266479492188,235.11520385742188,59.51832580566406
2019-02-11,3.6307883262634277,98.47682189941406,40.44757080078125,54.72853469848633,164.77420043945312,20.856000900268555,22.887197494506836,46.35382080078125,28.942012786865234,189.4785919189453,82.96034240722656,40.002071380615234,83.58029174804688,134.09469604492188,209.10659790039062,203.0500030517578,107.36363220214844,108.43406677246094,230.842041015625,59.593017578125
2019-02-12,3.7478065490722656,100.01129913330078,40.79611587524414,55.99281311035156,164.02879333496094,20.78733253479004,23.191837310791016,46.344783782958984,29.173662185668945,192.36544799804688,83.79610443115234,40.042381286621094,85.00531005859375,135.22802734375,210.84991455078125,206.14999389648438,108.71011352539062,110.20845031738281,236.55152893066406,59.71257400512695
2019-02-13,3.790200710296631,99.93643951416016,40.62660217285156,56.044952392578125,163.06475830078125,20.544666290283203,23.3520450592041,46.5257453918457,29.465496063232422,193.18251037597656,83.77922821044922,40.14720916748047,85.41128540039062,136.65655517578125,212.4199676513672,205.8000030517578,108.85566711425781,110.4466781616211,236.82089233398438,60.355037689208984
2019-02-14,3.8311078548431396,100.02064514160156,40.77462387084961,56.07325744628906,162.94546508789062,20.251333236694336,23.366987228393555,46.58003616333008,29.63999366760254,194.1265869140625,83.1207504272461,36.760623931884766,84.856201171875,136.5802459716797,211.716796875,202.77999877929688,110.45185852050781,110.33167266845703,238.1943817138672,60.15332794189453
2019-02-15,3.900773048400879,101.25569152832031,40.683902740478516,55.59803009033203,161.50437927246094,20.525333404541016,23.40268325805664,46.79719161987305,30.082246780395508,196.51412963867188,83.13762664794922,36.47841262817383,87.44942474365234,138.24984741210938,213.93209838867188,205.2899932861328,112.0343246459961,112.03211975097656,243.40127563476562,60.39984893798828
2019-02-19,3.8834187984466553,101.20893096923828,40.80565643310547,55.93967819213867,161.295654296875,20.375999450683594,23.380268096923828,47.068634033203125,30.74712371826172,198.0120849609375,84.41238403320312,36.14780807495117,87.14289855957031,137.8014373779297,212.46807861328125,205.69000244140625,111.71414184570312,111.4653091430664,242.7548828125,60.15332794189453
2019-02-20,3.9307706356048584,100.68270874023438,41.06825637817383,55.64570617675781,161.5640106201172,20.17066764831543,23.5263614654541,46.84242630004883,30.049144744873047,197.09512329101562,83.81299591064453,36.365509033203125,87.56543731689453,138.07810974121094,212.96893310546875,206.16000366210938,112.19895935058594,112.00745391845703,241.9469757080078,59.75739288330078
2019-02-21,3.861849546432495,102.80632781982422,40.83669662475586,54.832313537597656,159.0594482421875,19.415332794189453,23.320499420166016,47.15007400512695,29.90172576904297,195.38844299316406,84.2350845336914,36.97832489013672,87.38316345214844,137.38165283203125,211.23526000976562,205.3300018310547,112.25382995605469,111.24349975585938,239.1549835205078,58.831031799316406
2019-02-22,3.946638584136963,104.27214050292969,41.29265594482422,55.445579528808594,160.89813232421875,19.6473331451416,22.951940536499023,47.48486328125,29.94985580444336,196.35069274902344,84.63187408447266,36.51065444946289,86.99373626708984,139.1656951904297,215.0975799560547,201.91000366210938,113.4246826171875,112.21285247802734,239.79234313964844,59.779788970947266
2019-02-25,3.9342427253723145,104.85472869873047,41.59344482421875,55.483821868896484,163.61138916015625,19.917999267578125,23.126256942749023,47.5572395324707,29.820493698120117,197.0407257080078,84.05780029296875,36.23649978637695,87.90509796142578,139.346923828125,215.0975799560547,202.30999755859375,113.32405090332031,112.62629699707031,237.5390625,59.981502532958984
2019-02-26,3.8948235511779785,105.5782470703125,41.61732864379883,55.71622085571289,163.12437438964844,19.857332229614258,22.82742691040039,47.59342575073242,29.691133499145508,197.54910278320312,84.2773208618164,36.03493118286133,87.23401641845703,140.2819366455078,215.75253295898438,201.89999389648438,114.03752899169922,112.55188751220703,236.08474731445312,60.14585876464844
2019-02-27,3.8529245853424072,105.39972686767578,41.746238708496094,55.75992202758789,161.8124542236328,20.982667922973633,22.53606605529785,47.394378662109375,29.51663589477539,197.94850158691406,83.50064086914062,36.23649978637695,87.12631225585938,140.45361328125,216.3015594482422,202.2899932861328,114.9614028930664,112.35343933105469,224.50404357910156,59.3241081237793
2019-02-28,3.828355550765991,105.26815795898438,41.335628509521484,55.9416618347168,160.4608154296875,21.325332641601562,22.857309341430664,47.16816711425781,29.781383514404297,198.57485961914062,83.19672393798828,36.55903625488281,86.46348571777344,141.312255859375,216.49417114257812,201.3000030517578,115.51939392089844,112.9901351928711,217.44786071777344,59.19709396362305
2019-03-01,3.8827054500579834,105.73799133300781,41.770111083984375,57.03263473510742,161.28570556640625,19.652666091918945,22.640655517578125,47.511985778808594,29.46248435974121,199.21035766601562,83.10388946533203,36.59128189086914,86.52149200439453,142.6002655029297,218.8828887939453,203.1300048828125,117.85189819335938,114.40415954589844,220.97593688964844,59.839569091796875
2019-03-04,3.8908960819244385,105.48428344726562,41.980201721191406,57.27596664428711,166.3445281982422,19.02400016784668,22.818296432495117,47.086734771728516,29.438413619995117,198.27532958984375,83.46688079833984,36.809017181396484,86.3226547241211,141.15968322753906,217.958251953125,201.80999755859375,116.58958435058594,114.51166534423828,211.88197326660156,59.361446380615234
2019-03-05,3.884443521499634,104.95807647705078,41.903804779052734,58.059059143066406,170.21070861816406,18.43600082397461,22.994277954101562,47.37627410888672,29.585838317871094,199.55532836914062,83.65260314941406,36.76869201660156,86.25637817382812,141.1501007080078,217.8907928466797,201.47000122070312,117.53175354003906,114.75148010253906,216.73863220214844,58.95055389404297
2019-03-06,3.773508310317993,105.00505828857422,41.662689208984375,57.84801483154297,171.45303344726562,18.416000366210938,22.52444839477539,47.367218017578125,29.561771392822266,199.0197296142578,83.51753234863281,36.64773941040039,85.93327331542969,141.01654052734375,216.20521545410156,200.6699981689453,115.87611389160156,115.0160903930664,214.6201171875,58.33796691894531
2019-03-07,3.7042675018310547,103.72714233398438,41.18046188354492,57.14834213256836,168.09375,18.439332962036133,22.0396728515625,47.57533645629883,29.318077087402344,196.80467224121094,83.19672393798828,36.51065444946289,85.31188201904297,140.08157348632812,214.22108459472656,199.3000030517578,115.56510925292969,114.31321716308594,212.492431640625,58.45003890991211
2019-03-08,3.738516092300415,103.83991241455078,41.27834701538086,57.10464859008789,168.56085205078125,18.94266700744629,21.93010139465332,47.74724578857422,29.360191345214844,206.8178253173828,83.07855224609375,36.155879974365234,85.34500885009766,140.57765197753906,213.70095825195312,198.6999969482422,115.89439392089844,114.16437530517578,213.8351593017578,57.95697784423828
2019-03-11,3.999101400375366,106.01988220214844,42.708309173583984,58.559112548828125,171.01573181152344,19.39466667175293,22.334354400634766,47.64772033691406,29.627952575683594,208.5154571533203,84.06625366210938,37.236351013183594,86.4552001953125,143.74505615234375,217.3321990966797,202.08999633789062,112.96733093261719,114.57780456542969,219.11595153808594,58.33051300048828
2019-03-12,4.033349514007568,106.76221466064453,43.18815612792969,59.45245361328125,170.8666534423828,18.890666961669922,22.381669998168945,47.774383544921875,29.594860076904297,211.48399353027344,84.46302795410156,37.131534576416016,86.19837188720703,144.75637817382812,218.5843048095703,202.5,112.96733093261719,115.09053039550781,221.57608032226562,58.82356262207031
2019-03-13,4.1847357749938965,107.58908081054688,43.37914276123047,59.54233169555664,172.3077850341797,19.263999938964844,22.51282501220703,48.009647369384766,29.793418884277344,214.58868408203125,85.41700744628906,37.268611907958984,86.48835754394531,145.46240234375,220.0868377685547,204.05999755859375,113.7082290649414,115.28070068359375,227.31642150878906,58.96549606323242
2019-03-14,4.108793258666992,107.67364501953125,43.86136245727539,59.21806716918945,169.1273956298828,19.33066749572754,22.262968063354492,48.0005989074707,29.708728790283203,212.28286743164062,85.53519439697266,37.17100524902344,87.27543640136719,147.11285400390625,221.0596466064453,203.3800048828125,112.5831527709961,114.13133239746094,228.23561096191406,59.72749710083008
2019-03-15,4.214267730712891,108.91399383544922,44.43192672729492,59.107330322265625,164.96304321289062,18.36199951171875,24.096635818481445,47.90106964111328,29.769224166870117,212.0650177001953,86.48069763183594,36.84565353393555,88.27794647216797,148.3149871826172,222.6586151123047,204.30999755859375,113.36980438232422,113.78399658203125,226.55044555664062,60.76589584350586
2019-03-18,4.192924976348877,110.47378540039062,44.885498046875,59.02043151855469,159.48683166503906,17.965999603271484,24.391315460205078,48.37157440185547,30.1442928314209,214.7793426513672,85.69558715820312,36.93512725830078,88.80818176269531,147.83792114257812,221.90725708007812,206.67999267578125,114.55892181396484,113.42842102050781,229.79464721679688,60.25043487548828
2019-03-19,4.360691547393799,110.54894256591797,44.529815673828125,59.7111701965332,160.58009338378906,17.83133316040039,24.845369338989258,48.8963737487793,30.201753616333008,215.19692993164062,86.02483367919922,37.05712890625,88.48506927490234,147.48487854003906,222.50442504882812,205.14999389648438,115.79380798339844,114.47859191894531,231.71405029296875,60.37744140625
2019-03-20,4.328182220458984,110.42680358886719,44.91893005371094,60.90145492553711,164.42636108398438,18.239999771118164,24.373857498168945,47.6296272277832,29.835771560668945,215.13340759277344,85.87287139892578,37.032737731933594,86.59606170654297,146.6835479736328,221.42564392089844,203.27000427246094,117.22989654541016,113.52762603759766,225.73944091796875,60.08610916137695
2019-03-21,4.564939022064209,112.96385955810547,46.57331085205078,61.38313293457031,165.06243896484375,18.26799964904785,24.85709571838379,48.8963737487793,29.962800979614258,217.45736694335938,86.52291107177734,37.01646041870117,85.22901153564453,148.63929748535156,227.1855010986328,204.42999267578125,117.36711120605469,114.19744873046875,227.10916137695312,60.69121551513672
2019-03-22,4.405116081237793,109.98518371582031,45.60884094238281,59.968894958496094,163.33309936523438,17.635332107543945,24.509532928466797,47.74724578857422,29.72687530517578,215.659912109375,85.82221221923828,37.358089447021484,82.65235137939453,146.0347900390625,222.2636260986328,200.5500030517578,117.3579330444336,113.21340942382812,222.66650390625,59.5855598449707
2019-03-25,4.3127946853637695,110.55836486816406,45.05739974975586,59.45890808105469,165.27113342285156,17.3613338470459,24.468494415283203,47.72010803222656,29.6936092376709,215.12432861328125,86.07546997070312,37.439422607421875,81.96469116210938,145.99661254882812,221.93617248535156,199.44000244140625,118.79405212402344,112.96536254882812,222.459228515625,59.39878845214844
2019-03-26,4.389481067657471,110.79328155517578,44.59187316894531,59.08448791503906,166.6526336669922,17.851333618164062,24.876359939575195,48.208702087402344,29.738981246948242,217.0307159423828,86.97034454345703,37.935569763183594,82.784912109375,148.16226196289062,224.7005157470703,200.6199951171875,119.84597778320312,114.58612823486328,219.33216857910156,60.3326301574707
2019-03-27,4.38029670715332,109.7220687866211,44.99293518066406,58.497039794921875,164.85372924804688,18.32200050354004,24.78758430480957,47.78343963623047,29.403226852416992,217.33934020996094,86.86902618408203,37.91117858886719,82.50321960449219,147.1319580078125,223.95884704589844,199.2100067138672,117.78787231445312,114.6935806274414,217.81829833984375,59.682674407958984
2019-03-28,4.398910999298096,109.87239074707031,45.0526237487793,58.21200180053711,164.5356903076172,18.57466697692871,25.047208786010742,48.12726974487305,29.379037857055664,218.98252868652344,87.41777038574219,37.886775970458984,83.4394302368164,147.56126403808594,226.2126922607422,200.66000366210938,117.9525146484375,114.84242248535156,218.28688049316406,59.73497009277344
2019-03-29,4.456238746643066,110.82147979736328,45.34624481201172,58.441429138183594,165.66871643066406,18.657333374023438,25.184560775756836,48.5977783203125,29.50002670288086,219.81768798828125,87.8398666381836,38.11452102661133,83.87026977539062,149.01136779785156,226.781005859375,200.88999938964844,118.69343566894531,115.59490966796875,222.8196563720703,60.20561981201172
2019-04-01,4.523743152618408,111.83627319335938,45.654212951660156,59.53836441040039,167.6663818359375,19.278667449951172,25.610013961791992,49.38496398925781,29.587738037109375,221.6787109375,87.49376678466797,38.000640869140625,86.69548797607422,150.0321807861328,230.2484130859375,205.0,118.04399871826172,114.92507934570312,221.26968383789062,60.347557067871094
2019-04-02,4.541611671447754,111.99602508544922,46.31787109375,59.86410903930664,173.1326904296875,19.058666229248047,25.38053321838379,48.99589538574219,29.32155990600586,218.32891845703125,87.58660888671875,37.87864685058594,87.10974884033203,150.5283203125,230.45069885253906,203.8800048828125,118.29098510742188,113.87496185302734,220.2513885498047,62.05831527709961
2019-04-03,4.681086540222168,112.72893524169922,46.635372161865234,60.12580490112305,172.47674560546875,19.45400047302246,25.476850509643555,48.914466857910156,29.39719009399414,220.12637329101562,87.53595733642578,37.5614128112793,87.28372955322266,151.1770477294922,230.1328125,203.6699981689453,116.21453857421875,113.42842102050781,221.54002380371094,62.06581497192383
2019-04-04,4.672151565551758,112.15576171875,46.716548919677734,60.554847717285156,174.9415283203125,17.851999282836914,25.292600631713867,48.697303771972656,29.675457000732422,221.86936950683594,87.31645202636719,37.8054313659668,88.12693786621094,150.39474487304688,227.36854553222656,204.10000610351562,114.89737701416016,112.10533905029297,222.9368133544922,61.864105224609375
2019-04-05,4.7389116287231445,112.65375518798828,47.029273986816406,60.157588958740234,174.6433563232422,18.33066749572754,25.483545303344727,48.79684066772461,29.893238067626953,223.20382690429688,87.50220489501953,37.797306060791016,87.91822052001953,150.404296875,227.91749572753906,205.3300018310547,116.15967559814453,112.6097640991211,224.1894073486328,62.34220886230469
2019-04-08,4.7597575187683105,112.69135284423828,47.76933288574219,60.00017166137695,173.8582000732422,18.213333129882812,25.500301361083984,48.6068229675293,30.01422691345215,223.7938995361328,88.61654663085938,37.86235809326172,88.20206451416016,150.49972534179688,227.88856506347656,205.25,116.31517791748047,112.57667541503906,224.16238403320312,62.7381477355957
2019-04-09,4.696969032287598,112.08058166503906,47.6260871887207,59.72258377075195,176.49200439453125,18.15399932861328,25.414033889770508,48.706356048583984,29.850893020629883,222.3323974609375,88.35484313964844,37.9599723815918,87.55087280273438,150.25164794921875,227.5413360595703,204.9199981689453,116.38837432861328,112.10533905029297,224.19842529296875,61.774436950683594
2019-04-10,4.767451286315918,112.93562316894531,47.89346694946289,59.909305572509766,176.7305145263672,18.40399932861328,25.75406265258789,49.051727294921875,30.126134872436523,222.96780395507812,88.34640502929688,37.935569763183594,87.94325256347656,151.2724609375,228.6505584716797,204.52000427246094,116.34262084960938,112.11360931396484,221.71127319335938,61.96869659423828
2019-04-11,4.753553867340088,113.06719207763672,47.49479675292969,60.065223693847656,176.4224090576172,17.89466667175293,25.91318702697754,48.888118743896484,30.489099502563477,219.00071716308594,88.43083953857422,37.99250030517578,88.68628692626953,150.60459899902344,227.66673278808594,206.6699981689453,114.47660064697266,111.8076400756836,212.14999389648438,61.087158203125
2019-04-12,4.715581893920898,113.64977264404297,47.47569274902344,60.71772766113281,178.00267028808594,17.84666633605957,26.551362991333008,49.5334358215332,30.7189884185791,219.64523315429688,88.6925277709961,38.01691436767578,92.84382629394531,152.3028564453125,230.3577423095703,210.55999755859375,112.56483459472656,112.44436645507812,201.15591430664062,61.147708892822266
2019-04-15,4.583802223205566,113.7437515258789,47.56163787841797,60.90642547607422,178.54928588867188,17.7586669921875,26.49860382080078,49.65159225463867,30.982126235961914,223.62142944335938,89.2581558227539,38.22838592529297,91.7835922241211,153.06605529785156,230.6664276123047,209.74000549316406,113.49787139892578,112.89090728759766,207.44598388671875,61.33695983886719
2019-04-16,4.6709113121032715,113.48065948486328,47.56641387939453,61.173583984375,177.7740936279297,18.224000930786133,26.67447853088379,49.6152229309082,31.133371353149414,222.72268676757812,89.84063720703125,38.18772888183594,92.75201416015625,152.86569213867188,231.57308959960938,211.8000030517578,109.72924041748047,114.13133239746094,199.1193084716797,60.71623992919922
2019-04-17,4.6480793952941895,114.42030334472656,48.49267578125,61.5822639465332,177.68463134765625,18.082000732421875,26.844491958618164,49.515254974365234,31.20294761657715,222.9224090576172,89.99026489257812,38.45613479614258,95.42353057861328,153.06605529785156,232.45077514648438,210.3699951171875,106.5643081665039,114.54476165771484,195.4065704345703,59.0281982421875
2019-04-18,4.623509407043457,115.9237060546875,48.66693878173828,61.64830780029297,177.1876983642578,18.21733283996582,26.684528350830078,49.55160140991211,31.20899200439453,223.1493682861328,90.16031646728516,38.618804931640625,94.7222671508789,152.79896545410156,232.34466552734375,209.99000549316406,105.37517547607422,113.71782684326172,199.83119201660156,58.71786117553711
2019-04-22,4.677363872528076,116.29017639160156,48.8268928527832,62.258602142333984,180.32833862304688,17.516666412353516,26.381351470947266,49.64250183105469,30.96398162841797,220.97967529296875,90.12629699707031,38.55373001098633,94.8391342163086,153.02789306640625,234.42808532714844,209.49000549316406,105.62214660644531,113.97416687011719,204.66139221191406,59.156883239746094
2019-04-23,4.731961727142334,117.86876678466797,49.5311279296875,63.094329833984375,182.6539764404297,17.593332290649414,26.43495750427246,49.9333381652832,31.17571449279785,222.94058227539062,87.70332336425781,39.21255874633789,94.95601654052734,154.22994995117188,234.8524932861328,211.61000061035156,107.46987915039062,115.6859130859375,207.78843688964844,59.542964935302734
2019-04-24,4.7443718910217285,117.4647216796875,49.45475387573242,62.57093811035156,181.4613494873047,17.243999481201172,26.325241088867188,50.15146255493164,31.314847946166992,225.10118103027344,88.15393829345703,39.02548599243164,94.7973861694336,154.06781005859375,236.58860778808594,210.57000732421875,107.9364013671875,115.10704040527344,207.58116149902344,59.55051040649414
2019-04-25,4.63864803314209,121.35482788085938,49.00593566894531,62.932945251464844,192.07591247558594,16.5086669921875,26.115026473999023,49.9969596862793,31.311832427978516,222.95872497558594,87.80534362792969,38.911624908447266,94.84747314453125,153.61944580078125,236.8972930908203,211.9499969482422,108.14677429199219,115.4791488647461,207.9776153564453,60.05767059326172
2019-04-26,4.41975736618042,122.0501708984375,48.77198791503906,63.433494567871094,190.31675720214844,15.675999641418457,25.996936798095703,50.360496520996094,30.70990753173828,221.3428192138672,89.99878692626953,39.25322723388672,95.56546020507812,155.44161987304688,237.92933654785156,214.22000122070312,109.64690399169922,116.09110260009766,213.57379150390625,60.3301887512207
2019-04-29,4.45053243637085,121.93743133544922,48.845985412597656,64.3660659790039,193.5865936279297,16.097999572753906,26.19040298461914,50.060577392578125,30.7189884185791,221.76040649414062,89.0805892944336,39.38336944580078,96.94296264648438,156.60549926757812,238.36329650878906,216.5800018310547,109.3999252319336,115.63628387451172,213.9793243408203,60.784366607666016
2019-04-30,4.491978645324707,122.71733856201172,47.90541076660156,59.5373649597168,192.2150421142578,15.912667274475098,26.66610336303711,50.28779220581055,31.106149673461914,222.89515686035156,90.52587890625,39.9039306640625,96.88452911376953,156.87265014648438,245.22117614746094,216.7100067138672,107.05828094482422,116.76091003417969,210.0323028564453,60.09552764892578
2019-05-01,4.478823184967041,120.16151428222656,50.25687026977539,58.2641487121582,191.84732055664062,15.600666999816895,26.707975387573242,49.87879943847656,30.65848159790039,219.3184051513672,89.2081527709961,39.52164077758789,96.14151763916016,155.3080291748047,239.9258575439453,216.7100067138672,108.10103607177734,117.3810806274414,209.0229949951172,59.717044830322266
2019-05-02,4.546327114105225,118.59229278564453,49.92981719970703,57.92597961425781,191.3503875732422,16.273332595825195,26.450027465820312,49.62430953979492,30.594982147216797,220.31698608398438,89.74373626708984,39.35896682739258,96.35021209716797,153.7147674560547,238.4212188720703,215.92999267578125,108.3571548461914,116.8270263671875,209.4735565185547,59.39912033081055
2019-05-03,4.541860580444336,121.11993408203125,50.550514221191406,59.070091247558594,194.27235412597656,17.00200080871582,26.440813064575195,49.7969970703125,30.876266479492188,222.06903076171875,90.18583679199219,39.62738800048828,96.94296264648438,154.59249877929688,239.1542510986328,218.60000610351562,106.93934631347656,117.43069458007812,209.0229949951172,59.58079147338867
2019-05-06,4.463436603546143,120.41519927978516,49.769866943359375,59.26425552368164,192.69210815429688,17.022666931152344,26.094093322753906,49.85152816772461,30.9912109375,221.71499633789062,89.84575653076172,39.424034118652344,96.08307647705078,154.8214874267578,239.8197784423828,213.16000366210938,106.70153045654297,117.4968490600586,216.72787475585938,59.99711990356445
2019-05-07,4.296167373657227,117.94395446777344,48.428226470947266,58.539249420166016,188.60728454589844,16.470666885375977,25.735639572143555,49.07899475097656,30.640336990356445,218.0383758544922,89.01258850097656,39.0417594909668,94.51354217529297,152.8466339111328,236.3667755126953,209.42999267578125,105.13737487792969,115.74375915527344,214.52005004882812,59.0054817199707
2019-05-08,4.316267967224121,117.9345703125,48.437767028808594,58.13801956176758,188.37867736816406,16.32266616821289,25.409019470214844,49.06990432739258,30.337875366210938,219.0914764404297,89.32714080810547,38.91974639892578,94.01264190673828,153.371337890625,236.62716674804688,209.2899932861328,106.33562469482422,115.59490966796875,215.51129150390625,59.03577423095703
2019-05-09,4.223698139190674,117.92515563964844,47.91733169555664,57.99847412109375,187.494140625,16.131999969482422,25.465126037597656,49.30621337890625,30.267932891845703,221.6219940185547,88.62149047851562,38.55373001098633,93.93749237060547,152.4650115966797,236.60787963867188,208.55999755859375,105.92401123046875,114.71839141845703,214.4479522705078,58.97522735595703
2019-05-10,4.189697265625,119.45677947998047,47.253517150878906,57.982093811035156,187.18606567382812,15.968000411987305,25.456748962402344,49.66975021362305,30.988597869873047,224.8534393310547,90.12629699707031,39.196292877197266,93.92916107177734,153.32362365722656,238.65272521972656,209.02000427246094,106.30821228027344,114.98302459716797,216.80894470214844,58.627010345458984
2019-05-13,3.9323413372039795,115.9049301147461,44.507171630859375,56.440223693847656,180.42770385742188,15.133999824523926,24.570669174194336,48.560935974121094,30.374351501464844,220.21107482910156,90.2113265991211,39.082420349121094,91.37449645996094,150.0989532470703,232.81727600097656,205.00999450683594,104.6159896850586,113.45320129394531,215.87173461914062,58.187965393066406
2019-05-14,4.0214362144470215,117.20165252685547,45.211734771728516,55.85774230957031,179.62266540527344,15.487333297729492,25.292600631713867,49.19715118408203,30.49599838256836,220.94839477539062,89.77774810791016,39.60297775268555,92.100830078125,152.8466339111328,237.21559143066406,203.69000244140625,105.13737487792969,113.13899230957031,213.06016540527344,59.37641906738281
2019-05-15,3.9603846073150635,118.85209655761719,45.75334548950195,58.13901138305664,185.1287384033203,15.463333129882812,25.491085052490234,49.587955474853516,30.37131690979004,222.7142791748047,90.71292114257812,40.00153732299805,91.75017547607422,155.3080291748047,240.31166076660156,202.97999572753906,105.75936889648438,113.21340942382812,212.74473571777344,59.6337776184082
2019-05-16,3.9755234718322754,121.5965805053711,45.552040100097656,58.819313049316406,185.84432983398438,15.222000122070312,24.898128509521484,49.660667419433594,30.806156158447266,225.23577880859375,91.91165924072266,40.326881408691406,92.92733001708984,157.5343780517578,244.43020629882812,204.6300048828125,107.37371063232422,114.28839874267578,213.38458251953125,60.178802490234375
2019-05-17,3.884690999984741,120.78553009033203,45.293209075927734,58.03870391845703,184.16468811035156,14.0686674118042,24.278385162353516,49.5334358215332,30.66931915283203,226.06405639648438,91.35054016113281,40.01780319213867,92.47649383544922,156.7890625,243.59107971191406,203.27000427246094,106.71139526367188,114.61915588378906,217.52090454101562,60.148521423339844
2019-05-20,3.7660632133483887,119.04071044921875,43.87690734863281,56.84096145629883,181.60047912597656,13.690667152404785,22.829504013061523,48.769981384277344,30.8699951171875,226.564697265625,91.24853515625,39.733116149902344,92.96072387695312,156.19667053222656,244.4977569580078,202.72999572753906,106.91376495361328,114.46206665039062,221.6752166748047,60.42102813720703
2019-05-21,3.8482093811035156,119.68204498291016,44.71805953979492,57.32661437988281,183.6876220703125,13.67199993133545,23.058977127075195,49.233497619628906,30.748382568359375,227.50225830078125,90.43236541748047,39.52977752685547,93.27796936035156,156.5693359375,246.30140686035156,203.36000061035156,107.23572540283203,114.2139892578125,225.23480224609375,61.22340774536133
2019-05-22,3.777231216430664,120.40823364257812,43.802616119384766,57.39662551879883,184.18453979492188,12.84866714477539,22.547266006469727,49.260765075683594,31.085901260375977,227.11996459960938,90.72992706298828,40.383811950683594,92.51822662353516,156.9324493408203,247.78672790527344,202.60000610351562,108.52347564697266,114.74320220947266,224.694091796875,61.76084518432617
2019-05-23,3.6561217308044434,119.00300598144531,43.05491638183594,56.874732971191406,179.76182556152344,13.03266716003418,21.78261947631836,48.242828369140625,30.973384857177734,226.22789001464844,90.7639389038086,40.546485900878906,90.69827270507812,154.32386779785156,240.87109375,201.3000030517578,107.44729614257812,115.59490966796875,222.13479614257812,61.42779541015625
2019-05-24,3.6022682189941406,119.05958557128906,42.889556884765625,56.54053497314453,179.95065307617188,12.708666801452637,21.43505859375,47.961082458496094,31.21969223022461,225.10829162597656,90.70442962646484,40.35128402709961,91.59156799316406,155.4036102294922,242.5590362548828,201.69000244140625,107.42889404296875,115.60326385498047,223.15310668945312,60.602691650390625
2019-05-28,3.5571000576019287,118.98413848876953,42.71222686767578,56.587711334228516,183.18075561523438,12.579999923706055,21.31278419494629,47.034034729003906,31.143680572509766,224.20713806152344,88.80853271484375,39.936458587646484,90.59809112548828,156.426025390625,244.43984985351562,199.6999969482422,106.48145294189453,114.12130737304688,218.13365173339844,59.066043853759766
2019-05-29,3.4828946590423584,117.83352661132812,42.50852584838867,55.613433837890625,181.07373046875,12.657333374023438,21.282638549804688,46.9795036315918,31.052457809448242,219.0914764404297,88.57901763916016,39.53791427612305,90.34764099121094,155.4895782470703,244.5652618408203,198.52000427246094,106.23307800292969,109.34226989746094,218.4400634765625,59.08876419067383
2019-05-30,3.4563100337982178,118.5785903930664,42.729000091552734,55.68642807006836,181.88870239257812,12.54800033569336,21.492006301879883,47.00676345825195,31.073732376098633,219.86517333984375,89.54820251464844,40.0584716796875,89.37918853759766,155.5182342529297,245.1728973388672,199.74000549316406,106.6102066040039,109.99170684814453,219.4313201904297,58.748138427734375
2019-05-31,3.3656227588653564,116.64519500732422,41.95494079589844,54.9460334777832,176.38265991210938,12.343999862670898,21.074928283691406,45.98883056640625,30.845674514770508,218.0811004638672,87.49079132080078,39.96085739135742,88.46087646484375,154.15187072753906,242.56866455078125,197.4199981689453,106.64702606201172,109.1924057006836,217.8994140625,58.06686782836914
2019-06-03,3.3238816261291504,113.02359771728516,41.530765533447266,51.58123779296875,163.14427185058594,11.9313325881958,21.20391082763672,45.66164016723633,31.00380516052246,219.43734741210938,88.24742126464844,40.65222930908203,88.8782958984375,151.54331970214844,233.66604614257812,198.55999755859375,107.41046905517578,109.43387603759766,213.17733764648438,57.302310943603516
2019-06-04,3.5529613494873047,116.15476989746094,43.050132751464844,52.363346099853516,166.47373962402344,12.90666675567627,22.252466201782227,47.2794303894043,31.186241149902344,223.56993103027344,88.99559020996094,40.668487548828125,91.61661529541016,155.107421875,240.34060668945312,201.58999633789062,108.13716125488281,111.34044647216797,216.96217346191406,58.09713363647461
2019-06-05,3.510225534439087,118.67288970947266,43.74509811401367,51.87422180175781,167.13961791992188,13.105999946594238,22.25413703918457,47.35212326049805,31.751834869384766,225.70909118652344,90.7384262084961,41.302913665771484,91.94218444824219,158.03126525878906,247.16946411132812,203.3000030517578,107.64043426513672,111.88164520263672,218.7734832763672,58.33180618286133
2019-06-06,3.572340726852417,120.54971313476562,44.387351989746094,52.02915573120117,167.2986602783203,13.729999542236328,22.846250534057617,47.7974853515625,31.961645126342773,228.6674346923828,91.29103088378906,41.80722427368164,92.14258575439453,159.49314880371094,248.68370056152344,204.77000427246094,108.08196258544922,113.79656219482422,217.9174041748047,58.339359283447266
2019-06-07,3.61507511138916,123.92605590820312,45.56880187988281,53.05258560180664,172.2879180908203,13.633333206176758,23.02045249938965,48.406436920166016,32.25052261352539,233.03668212890625,92.47277069091797,41.88041687011719,91.13239288330078,162.48394775390625,256.3709716796875,205.80999755859375,108.86383819580078,115.35347747802734,222.3781280517578,58.611873626708984
2019-06-10,3.6878738403320312,125.05784606933594,46.15115737915039,53.76716232299805,173.74888610839844,14.192000389099121,23.467676162719727,49.08807373046875,32.69447708129883,233.8013458251953,92.43025970458984,41.79094696044922,92.1175308227539,163.2196502685547,256.660400390625,207.16000366210938,104.7981185913086,115.74482727050781,223.61268615722656,58.24851608276367
2019-06-11,3.7455155849456787,124.5862808227539,46.6855583190918,53.68174743652344,177.00880432128906,14.473333358764648,23.741539001464844,49.024452209472656,32.822181701660156,234.03797912597656,92.99137878417969,41.75027847290039,92.4013671875,162.7322998046875,254.3070068359375,206.6300048828125,103.21599578857422,116.37753295898438,221.56707763671875,59.17202377319336
2019-06-12,3.632467031478882,124.01097106933594,46.53697967529297,53.58541488647461,173.96755981445312,13.950667381286621,23.42747688293457,48.733619689941406,33.08978271484375,234.147216796875,93.24642181396484,42.00242614746094,91.22423553466797,163.955322265625,254.49024963378906,204.57000732421875,106.00313568115234,117.95944213867188,220.33248901367188,59.47480773925781
2019-06-13,3.683650255203247,124.79377746582031,46.52739334106445,54.17683410644531,176.38265991210938,14.260666847229004,23.584930419921875,48.933563232421875,33.038082122802734,236.4047088623047,94.29212188720703,41.912254333496094,91.44964599609375,161.81503295898438,251.9342498779297,204.99000549316406,102.85725402832031,117.15184783935547,220.74705505371094,59.76245880126953
2019-06-14,3.5937082767486572,124.91636657714844,46.18950271606445,53.94294738769531,180.21900939941406,14.32800006866455,22.271724700927734,48.42461013793945,33.16578674316406,236.80517578125,94.53868103027344,42.0598030090332,91.68338775634766,162.1112823486328,250.87326049804688,205.16000366210938,102.7836685180664,116.6356430053711,222.095703125,59.565643310546875
2019-06-17,3.6033976078033447,125.29361724853516,46.465084075927734,54.31985092163086,187.85194396972656,15.001999855041504,22.275075912475586,48.28828048706055,33.193172454833984,237.97024536132812,94.36014556884766,41.699119567871094,91.1824951171875,162.0156707763672,250.00514221191406,203.47999572753906,104.31060791015625,116.09449005126953,222.6387939453125,59.53539276123047
2019-06-18,3.7984373569488525,127.47222137451172,47.55788803100586,54.883460998535156,187.31527709960938,14.982666969299316,23.286779403686523,48.07923126220703,33.342159271240234,239.1627960205078,93.17839813232422,41.510589599609375,92.42642211914062,161.7481231689453,249.6290283203125,206.00999450683594,105.4604263305664,116.75220489501953,222.39437866210938,59.23258972167969
2019-06-19,3.804401397705078,127.97203826904297,47.418880462646484,54.84720993041992,186.33131408691406,15.095333099365234,23.239877700805664,47.8792839050293,33.333038330078125,240.00027465820312,93.87554931640625,41.904048919677734,91.75853729248047,163.09539794921875,250.65139770507812,206.75,105.99393463134766,116.93536376953125,226.45849609375,58.748138427734375
2019-06-20,3.828749418258667,129.16041564941406,47.7999153137207,55.27873611450195,188.36875915527344,14.641332626342773,23.370527267456055,51.796512603759766,33.545894622802734,243.3590545654297,94.99775695800781,42.346710205078125,91.9923095703125,166.00975036621094,257.325927734375,208.0399932861328,106.29747772216797,118.40072631835938,224.2589874267578,59.300716400146484
2019-06-21,3.7706103324890137,129.17926025390625,47.63695526123047,55.88307189941406,189.96888732910156,14.790666580200195,23.16676139831543,51.00580596923828,33.79218673706055,242.24853515625,94.53868103027344,42.25653839111328,91.36615753173828,165.7230682373047,255.08822631835938,206.2100067138672,106.23307800292969,118.3008041381836,228.35025024414062,59.6337776184082
2019-06-24,3.7929718494415283,129.9431915283203,47.589027404785156,55.452537536621094,191.41995239257812,14.909333229064941,23.607284545898438,51.56930160522461,33.825653076171875,242.83106994628906,95.49937438964844,42.5598258972168,90.71498107910156,166.1148681640625,255.88873291015625,206.85000610351562,106.36186981201172,119.10838317871094,225.960693359375,59.38397979736328
2019-06-25,3.763653516769409,125.84060668945312,46.86769485473633,54.00651550292969,187.6829833984375,14.650667190551758,23.379833221435547,50.960357666015625,33.66752624511719,242.45791625976562,94.98076629638672,42.42867660522461,89.96358489990234,163.65916442871094,250.51637268066406,208.07000732421875,106.11349487304688,120.09083557128906,224.1685028076172,49.732662200927734
2019-06-26,3.956954002380371,126.31217956542969,47.88139343261719,53.64599609375,186.5102081298828,14.618000030517578,23.796676635742188,51.496585845947266,33.49723815917969,240.68295288085938,93.2889404296875,41.904048919677734,90.5647201538086,163.44895935058594,252.03070068359375,208.50999450683594,102.41571044921875,118.10102081298828,220.37591552734375,51.47367858886719
2019-06-27,4.055591106414795,126.5196762084961,47.86701965332031,53.462764739990234,188.33892822265625,14.855999946594238,24.157718658447266,51.59656524658203,33.47898864746094,241.7479248046875,93.33145141601562,41.87126922607422,90.86524963378906,163.6113739013672,251.83773803710938,212.02000427246094,102.5353012084961,117.13521575927734,222.9737091064453,52.98760986328125
2019-06-28,4.080438613891602,126.34046936035156,47.43085861206055,53.76914978027344,191.8175048828125,14.897333145141602,24.339508056640625,51.778343200683594,33.59758758544922,240.54640197753906,93.22090911865234,41.7401123046875,93.3364028930664,165.82821655273438,255.1460723876953,213.1699981689453,101.90980529785156,115.96125030517578,220.86473083496094,55.04655838012695
2019-07-01,4.128640651702881,127.96265411376953,48.300785064697266,54.623260498046875,191.8175048828125,15.14466667175293,25.395578384399414,52.72355651855469,33.63711929321289,239.90005493164062,93.93506622314453,42.29751968383789,94.90592956542969,166.20077514648438,257.3066101074219,214.6199951171875,103.70349884033203,116.02789306640625,219.62461853027344,55.561302185058594
2019-07-02,4.0307464599609375,128.81143188476562,48.58355712890625,55.24894332885742,193.80523681640625,14.970000267028809,24.97112464904785,53.13255310058594,33.93511962890625,241.64773559570312,94.7767333984375,42.60902404785156,95.006103515625,167.48123168945312,260.97186279296875,214.5399932861328,105.04647064208984,116.58570861816406,220.82846069335938,56.189571380615234
2019-07-03,4.043666362762451,129.6414031982422,48.986175537109375,55.764888763427734,195.9917755126953,15.65999984741211,24.088388442993164,53.49610900878906,34.154052734375,244.98846435546875,96.9871597290039,42.70737075805664,94.85478210449219,169.0004425048828,263.3928527832031,215.16000366210938,105.24884796142578,118.34243774414062,221.95086669921875,56.742164611816406
2019-07-05,3.981055736541748,129.26412963867188,48.943023681640625,56.24557113647461,195.19667053222656,15.539999961853027,23.89983558654785,53.8778190612793,34.0506591796875,244.17837524414062,96.19650268554688,42.71558380126953,95.41807556152344,168.79978942871094,262.4861145019531,215.25,103.7770767211914,117.03529357910156,223.56204223632812,55.250946044921875
2019-07-08,3.906020402908325,129.1698760986328,47.934104919433594,55.45701217651367,194.56057739257812,15.355999946594238,23.24877166748047,54.10504913330078,34.27568054199219,245.22511291503906,96.961669921875,42.62540054321289,94.89681243896484,168.3507080078125,261.92608642578125,215.1300048828125,102.58129119873047,117.3683090209961,224.33140563964844,53.91111373901367
2019-07-09,3.9085044860839844,128.69830322265625,48.22648239135742,55.829437255859375,197.9894561767578,15.337332725524902,23.296964645385742,54.168670654296875,34.3243408203125,245.74386596679688,95.99246978759766,42.2893180847168,95.30036926269531,169.82217407226562,263.9635925292969,214.75,104.01626586914062,117.73466491699219,222.66592407226562,53.92625427246094
2019-07-10,3.9768311977386475,130.0092315673828,48.70338821411133,56.654747009277344,201.48788452148438,15.928000450134277,23.209877014160156,54.66853713989258,34.35472869873047,247.0639190673828,96.70661926269531,42.47785568237305,95.02288818359375,171.3319091796875,265.93365478515625,214.02999877929688,105.35003662109375,117.56813049316406,224.00555419921875,54.23661422729492
2019-07-11,4.131373405456543,130.52793884277344,48.34871292114258,56.81216049194336,199.99705505371094,15.90666675567627,23.341777801513672,54.523128509521484,34.64057922363281,251.72439575195312,97.24220275878906,42.65819549560547,95.93094635009766,172.69830322265625,268.7727966308594,213.1699981689453,101.01754760742188,116.65231323242188,236.387939453125,53.92625427246094
2019-07-12,4.164417266845703,130.99951171875,48.72016906738281,56.874732971191406,203.61477661132812,16.338666915893555,24.13066291809082,54.359535217285156,34.847354888916016,254.3641815185547,97.76080322265625,42.72377014160156,96.93984985351562,172.30653381347656,269.950927734375,214.10000610351562,99.61019134521484,111.8150405883789,240.6782684326172,54.01079177856445
2019-07-15,4.155970096588135,130.99951171875,49.177879333496094,57.1314582824707,202.66065979003906,16.899999618530273,24.380098342895508,54.10504913330078,34.9629020690918,255.4019012451172,98.17739868164062,42.731971740722656,95.7627944946289,172.53582763671875,269.7867736816406,213.5399932861328,99.77576446533203,112.15638732910156,240.73263549804688,54.00309371948242
2019-07-16,4.151249885559082,129.2830352783203,49.00774002075195,57.27794647216797,202.59109497070312,16.825332641601562,24.024124145507812,53.48451614379883,34.895992279052734,255.46559143066406,98.52596282958984,42.740177154541016,96.78852844238281,171.3319091796875,267.131103515625,212.8800048828125,100.09770202636719,110.31640625,239.55593872070312,53.15007019042969
2019-07-17,4.216592788696289,128.51910400390625,48.732139587402344,56.94425582885742,200.5635986328125,16.99066734313965,24.104448318481445,52.918739318847656,34.847354888916016,256.2939147949219,98.5684814453125,42.77294921875,95.83847045898438,171.17897033691406,265.8370666503906,207.4499969482422,98.50635528564453,109.78356170654297,241.35716247558594,52.504520416259766
2019-07-18,4.228271007537842,128.66053771972656,49.28571701049805,56.96908187866211,199.54983520507812,16.902666091918945,24.501848220825195,53.0373649597168,34.883827209472656,257.52276611328125,98.77897644042969,42.65000915527344,96.4101791381836,172.49755859375,267.2856140136719,207.97999572753906,99.65618896484375,109.95841979980469,235.88108825683594,52.450714111328125
2019-07-19,4.18503999710083,128.8491973876953,48.550010681152344,56.1899528503418,197.1446533203125,17.211999893188477,24.52045440673828,52.50808334350586,34.634490966796875,256.24847412109375,98.41102600097656,42.1253776550293,95.46011352539062,171.26499938964844,266.1461181640625,205.97000122070312,98.23041534423828,108.49305725097656,232.30577087402344,52.673587799072266
2019-07-22,4.256596565246582,130.55616760253906,49.65958023071289,56.57033157348633,201.08041381835938,17.045333862304688,25.04045295715332,52.56283950805664,34.306087493896484,255.02867126464844,98.65918731689453,41.98603057861328,96.07388305664062,172.53582763671875,269.0528869628906,204.83999633789062,98.67194366455078,107.1026611328125,231.1018829345703,52.25858688354492
2019-07-23,4.364426136016846,131.36732482910156,50.04780578613281,57.009300231933594,201.12017822265625,17.344667434692383,25.431936264038086,52.425960540771484,34.0841178894043,254.96493530273438,97.41844177246094,44.535362243652344,97.83106994628906,172.85110473632812,269.40057373046875,206.4600067138672,99.5457992553711,107.2691650390625,230.82127380371094,52.051090240478516
2019-07-24,4.438963413238525,132.7159423828125,50.00706481933594,56.59614944458008,203.4060821533203,17.658666610717773,25.68475341796875,53.02824401855469,34.05674362182617,255.6294708251953,96.3488540649414,44.084510803222656,98.22624206542969,175.17300415039062,270.63665771484375,207.97000122070312,99.82173919677734,108.0517807006836,227.30931091308594,51.843605041503906
2019-07-25,4.3077802658081055,132.21609497070312,49.61164855957031,56.4079475402832,199.48025512695312,15.254667282104492,25.398963928222656,53.19251251220703,34.12364959716797,254.69189453125,96.49431610107422,43.502506256103516,97.28458404541016,173.5104522705078,269.76751708984375,207.89999389648438,99.17786407470703,109.16743469238281,225.10980224609375,51.22879409790039
2019-07-26,4.349767208099365,133.3007049560547,49.78419876098633,61.83452606201172,198.52613830566406,15.202667236328125,25.443775177001953,53.38414764404297,34.36690139770508,256.12109375,98.17145538330078,44.404197692871094,97.71334838867188,175.5170135498047,272.3941955566406,209.89999389648438,99.591796875,108.84272766113281,228.94764709472656,52.07415008544922
2019-07-29,4.3435564041137695,133.00830078125,50.24909973144531,61.66667938232422,194.739501953125,15.718000411987305,25.51310920715332,52.98261260986328,34.13884735107422,254.99227905273438,99.25814819335938,44.25665283203125,97.40228271484375,175.05831909179688,271.7857360839844,208.61000061035156,100.00572204589844,110.74934387207031,229.74415588378906,51.628414154052734
2019-07-30,4.359209060668945,132.36703491210938,50.03342819213867,60.97941589355469,195.83274841308594,16.150667190551758,25.32878303527832,52.46246337890625,34.07497787475586,254.41879272460938,103.03168487548828,44.03533172607422,97.18368530273438,173.45310974121094,268.6183166503906,207.80999755859375,99.97813415527344,109.96672821044922,230.74887084960938,51.628414154052734
2019-07-31,4.191997051239014,128.51910400390625,51.054317474365234,60.49277877807617,193.03997802734375,16.107332229614258,24.519607543945312,51.37651443481445,33.56413269042969,250.8960723876953,101.00373077392578,43.14182662963867,97.52840423583984,170.08016967773438,262.9303283691406,205.42999267578125,100.21729278564453,108.41812896728516,225.39041137695312,51.19804763793945
2019-08-01,4.097581386566162,130.207275390625,49.94954299926758,60.17397689819336,191.54916381835938,15.59000015258789,24.126434326171875,50.993247985839844,33.26005935668945,249.93118286132812,99.88278198242188,42.65000915527344,94.95565795898438,171.19810485839844,264.7554931640625,201.7100067138672,101.65225219726562,108.47639465332031,225.60765075683594,50.567874908447266
2019-08-02,4.004907131195068,129.1132354736328,48.8927116394043,59.40627670288086,187.86187744140625,15.62266731262207,23.550626754760742,50.95674514770508,33.26613235473633,248.04698181152344,99.6346435546875,42.89591979980469,94.947265625,169.52598571777344,260.2071533203125,202.6699981689453,103.40914916992188,109.12580108642578,226.33180236816406,50.2220344543457
2019-08-05,3.7465105056762695,124.69002532958984,46.333282470703125,57.342002868652344,180.61654663085938,15.221332550048828,22.631534576416016,49.05865478515625,32.17755126953125,241.31103515625,96.75957489013672,42.3385009765625,92.12230682373047,161.3468475341797,248.0296173095703,197.72999572753906,99.99652099609375,108.36815643310547,221.81509399414062,50.12982940673828
2019-08-06,3.7852694988250732,127.02894592285156,47.21038055419922,58.15291213989258,183.3795166015625,15.383333206176758,22.52837371826172,49.24116134643555,32.61846160888672,245.14315795898438,97.78640747070312,42.84672927856445,92.84536743164062,164.80581665039062,255.60069274902344,200.5500030517578,102.470947265625,108.87605285644531,224.72970581054688,49.776302337646484
2019-08-07,3.8235323429107666,127.58538818359375,47.69926452636719,58.39276123046875,184.01559448242188,15.561332702636719,22.8336181640625,48.675376892089844,32.901248931884766,249.68545532226562,98.84742736816406,43.59267807006836,90.82752227783203,167.51943969726562,260.0718994140625,198.2100067138672,102.21334075927734,108.4098129272461,223.0732421875,49.5380744934082
2019-08-08,3.9321086406707764,130.9900665283203,48.751304626464844,59.896392822265625,188.99490356445312,15.886667251586914,22.912248611450195,49.87080764770508,33.1609992980957,250.14059448242188,100.49032592773438,44.010746002197266,92.36612701416016,171.89566040039062,268.5024108886719,200.52000427246094,104.83493041992188,109.63369750976562,224.13226318359375,50.298892974853516
2019-08-09,3.8307371139526367,129.87718200683594,48.34959030151367,59.037811279296875,186.6990509033203,15.667332649230957,23.313880920410156,49.186405181884766,32.78207015991211,249.35772705078125,99.92559051513672,43.78940963745117,92.26522827148438,171.08346557617188,265.51849365234375,199.0500030517578,104.65095520019531,109.93338775634766,225.04649353027344,50.398807525634766
2019-08-12,3.7629082202911377,128.0663299560547,48.226898193359375,58.32273864746094,184.23423767089844,15.267333030700684,23.306270599365234,48.59324264526367,32.15259552001953,246.9637451171875,99.28382110595703,43.609073638916016,90.53326416015625,168.49403381347656,260.7381591796875,197.17999267578125,104.49456024169922,109.84184265136719,220.1315460205078,49.591861724853516
2019-08-13,3.877199411392212,130.716552734375,50.26922607421875,59.42662811279297,187.29537963867188,15.666666984558105,23.98777198791504,49.25028610229492,32.82179260253906,251.4695281982422,100.3277359008789,43.854984283447266,91.92890167236328,170.6630401611328,265.11285400390625,198.77999877929688,106.42626190185547,111.08236694335938,225.58050537109375,49.960750579833984
2019-08-14,3.728621482849121,126.78012084960938,48.7729606628418,57.813751220703125,178.60894775390625,14.641332626342773,22.961288452148438,47.74457550048828,32.45205307006836,244.08724975585938,99.07845306396484,43.43694305419922,88.11185455322266,165.78994750976562,257.9860534667969,195.80999755859375,102.01862335205078,108.45142364501953,220.1315460205078,48.80030059814453
2019-08-15,3.6963212490081787,126.49623107910156,48.529998779296875,58.065513610839844,181.47128295898438,14.37600040435791,22.714397430419922,47.990966796875,34.43522644042969,247.15484619140625,100.44754028320312,44.15828323364258,88.44815063476562,168.670166015625,262.5634460449219,198.30999755859375,101.963134765625,108.68455505371094,221.08193969726562,48.400672912597656
2019-08-16,3.9644088745117188,128.81460571289062,49.67506408691406,58.5566291809082,182.57449340820312,14.662667274475098,23.148998260498047,48.90351867675781,34.52690505981445,249.5033721923828,101.97918701171875,44.60093688964844,90.56687927246094,170.545654296875,264.9486083984375,199.72000122070312,102.23135375976562,109.36725616455078,222.3853302001953,49.51500701904297
2019-08-19,4.243180274963379,130.97203063964844,50.601200103759766,59.610862731933594,185.0293426513672,15.121999740600586,23.571767807006836,49.159027099609375,34.777469635009766,250.87783813476562,102.88619995117188,44.8304557800293,91.38243103027344,171.99053955078125,268.5313720703125,200.94000244140625,104.09062194824219,110.1082534790039,221.49830627441406,51.15193176269531
2019-08-20,4.170878887176514,129.88385009765625,50.603607177734375,58.77115249633789,182.68377685546875,15.057332992553711,23.706209182739258,48.346858978271484,34.23966598510742,248.47482299804688,101.7396011352539,44.166481018066406,90.22217559814453,171.5121307373047,267.5367736816406,198.14999389648438,102.68463134765625,108.7344970703125,217.37986755371094,51.036659240722656
2019-08-21,4.254360198974609,131.3316192626953,51.152076721191406,59.170894622802734,182.42539978027344,14.722000122070312,24.309072494506836,48.58412170410156,34.23049545288086,250.94158935546875,101.99628448486328,44.346824645996094,90.47440338134766,173.1387939453125,272.3362121582031,199.24000549316406,103.10086822509766,109.50879669189453,217.55184936523438,51.90507507324219
2019-08-22,4.260571479797363,130.37588500976562,51.10877990722656,59.16791534423828,180.92462158203125,14.8100004196167,24.319217681884766,48.53849411010742,34.19688034057617,254.8011016845703,102.1845474243164,44.666507720947266,91.40766143798828,172.32546997070312,271.1387939453125,201.00999450683594,103.23963928222656,109.29232788085938,210.8446807861328,51.88970947265625
2019-08-23,4.0359649658203125,126.22176361083984,48.74650573730469,57.28390884399414,176.6609344482422,14.09333324432373,23.009483337402344,47.069297790527344,33.86686706542969,249.42147827148438,100.38765716552734,44.05173110961914,89.13758087158203,167.6749725341797,262.5634460449219,197.16000366210938,101.29712677001953,106.34500885009766,208.7809600830078,50.69851303100586
2019-08-26,4.110751628875732,128.1710662841797,49.67264938354492,58.15788269042969,179.25494384765625,14.333333015441895,23.43986701965332,47.571189880371094,34.22133255004883,253.47210693359375,102.0989761352539,44.70750045776367,89.85222625732422,169.93319702148438,266.9476013183594,200.1999969482422,103.39688873291016,107.20060729980469,209.1611785888672,51.07508087158203
2019-08-27,4.02006196975708,128.44552612304688,49.112144470214844,58.1400032043457,180.18919372558594,14.272000312805176,23.300344467163086,47.80846405029297,34.35272216796875,266.1430358886719,103.15147399902344,44.855045318603516,88.90216827392578,170.689208984375,267.1504211425781,198.35000610351562,102.42561340332031,108.7440185546875,201.78421020507812,50.46797180175781
2019-08-28,4.009618282318115,128.27517700195312,49.44170379638672,58.285499572753906,180.64634704589844,14.37266731262207,23.341777801513672,47.40692901611328,34.44440460205078,268.0636291503906,103.87876892089844,45.17473602294922,89.79338836669922,170.96669006347656,268.6955261230469,200.4499969482422,102.64762115478516,107.93877410888672,205.78497314453125,50.77537155151367
2019-08-29,4.153368949890137,130.69764709472656,50.27885437011719,59.30298614501953,184.43301391601562,14.780667304992676,23.959863662719727,47.59857177734375,34.859981536865234,270.5541687011719,103.69054412841797,45.12555694580078,91.8280258178711,173.35887145996094,271.72784423828125,203.1999969482422,103.83162689208984,107.5696792602539,208.74478149414062,50.890655517578125
2019-08-30,4.166052341461182,130.45155334472656,50.213897705078125,59.11874771118164,184.5324249267578,15.040666580200195,23.89813995361328,47.507320404052734,34.91498565673828,268.9029541015625,102.87765502929688,45.11735916137695,92.36612701416016,173.02398681640625,271.7181396484375,203.41000366210938,104.49762725830078,107.67034912109375,211.80418395996094,50.52175521850586
2019-09-03,4.08298397064209,128.72940063476562,49.482608795166016,58.07693862915039,181.2725372314453,15.000666618347168,23.171831130981445,47.3521842956543,35.03110885620117,266.4306640625,103.84455871582031,45.330474853515625,91.27313232421875,171.47378540039062,270.50140380859375,200.89999389648438,105.41336822509766,107.98908233642578,208.74478149414062,50.26047134399414
2019-09-04,4.197141170501709,130.23397827148438,50.32215118408203,58.708580017089844,185.993408203125,14.711999893188477,23.930269241333008,48.337738037109375,35.419185638427734,270.1436767578125,105.42755889892578,45.715755462646484,92.3745346069336,173.93301391601562,276.2859191894531,202.19000244140625,104.75662994384766,108.08975982666016,205.22373962402344,51.01361083984375
2019-09-05,4.470219612121582,132.5238800048828,51.306026458740234,60.1943359375,189.7303466796875,15.305333137512207,24.60670280456543,49.13164520263672,35.27555465698242,270.9190673828125,105.0425033569336,45.18293762207031,94.47644805908203,176.7654266357422,282.0608215332031,204.24000549316406,106.00535583496094,107.85488891601562,207.8124542236328,51.51314163208008
2019-09-06,4.443109035491943,131.62498474121094,51.301212310791016,59.90285110473633,186.3412628173828,15.16333293914795,24.68194580078125,48.5111198425293,35.05860900878906,277.1134338378906,105.13663482666016,45.27309799194336,94.67820739746094,177.73190307617188,281.3847961425781,204.72999572753906,105.49662780761719,107.54451751708984,207.2784423828125,51.9665641784668
2019-09-09,4.489120006561279,130.1298828125,51.52012634277344,59.85070037841797,187.6034698486328,15.452667236328125,24.74113655090332,49.77044677734375,35.54753112792969,272.7709655761719,104.53766632080078,44.691097259521484,97.02394104003906,173.7225799560547,273.639892578125,206.6199951171875,102.7401123046875,106.48760986328125,208.79910278320312,51.25953674316406
2019-09-10,4.555773735046387,128.76731872558594,52.12873077392578,59.8720588684082,185.0293426513672,15.702667236328125,24.89586639404297,50.61911392211914,35.46196365356445,270.9464416503906,102.57815551757812,44.59273910522461,98.25985717773438,168.7467041015625,262.9883117675781,208.30999755859375,102.76786804199219,108.66851806640625,210.4102325439453,52.39692306518555
2019-09-11,4.58437442779541,128.80508422851562,53.786170959472656,60.5821647644043,187.33514404296875,16.47333335876465,25.197725296020508,51.367401123046875,35.45280456542969,265.1899719238281,103.7675552368164,44.896034240722656,98.52890014648438,167.43580627441406,260.6900634765625,210.91000366210938,103.3136215209961,110.02741241455078,211.9943084716797,53.40365982055664
2019-09-12,4.582881450653076,130.1298828125,53.66590118408203,61.325531005859375,186.32138061523438,16.391332626342773,25.415029525756836,49.17727279663086,35.727806091308594,264.4602355957031,105.05107116699219,45.17473602294922,99.13426208496094,170.3064422607422,266.918701171875,211.3699951171875,103.11011505126953,109.40668487548828,208.27410888671875,54.4334831237793
2019-09-13,4.524933815002441,129.9405975341797,52.621883392333984,61.57679748535156,186.04310607910156,16.34666633605957,24.547510147094727,49.04952621459961,35.88365936279297,266.2938537597656,104.49488067626953,44.803165435791016,101.08482360839844,169.62705993652344,266.8414306640625,213.61000061035156,102.5736083984375,109.70026397705078,212.44830322265625,54.18754196166992
2019-09-16,4.481907844543457,129.0038299560547,52.898521423339844,61.15967559814453,185.07904052734375,16.187332153320312,24.407154083251953,48.49286651611328,35.31528854370117,263.3653869628906,102.46693420410156,44.55545425415039,100.18522644042969,168.51705932617188,264.6782531738281,210.3300018310547,101.8706283569336,108.66014099121094,213.1940460205078,54.2413444519043
2019-09-17,4.503297805786133,130.0068359375,53.090965270996094,61.07277297973633,186.92764282226562,16.319332122802734,24.42152976989746,48.24647521972656,35.602535247802734,265.84686279296875,103.67343139648438,44.78664779663086,99.68916320800781,168.8424072265625,266.7737731933594,210.14999389648438,102.78636932373047,108.7691879272461,211.45704650878906,55.02522277832031
2019-09-18,4.476188659667969,131.07615661621094,53.58892059326172,61.210323333740234,186.98728942871094,16.232667922973633,24.32936668395996,47.963600158691406,35.80116271972656,266.7773132324219,103.8873519897461,44.77839660644531,100.68965148925781,167.73243713378906,265.66326904296875,210.89999389648438,104.26637268066406,109.3899154663086,209.72006225585938,54.77159881591797
2019-09-19,4.400582313537598,133.48910522460938,53.15351867675781,61.513240814208984,188.9750518798828,16.440000534057617,24.574569702148438,48.7027473449707,35.785884857177734,262.5808410644531,104.30661010742188,45.01785659790039,100.37018585205078,168.37355041503906,266.445556640625,209.22000122070312,105.77413177490234,109.13825988769531,211.75714111328125,55.07902145385742
2019-09-20,4.294881343841553,131.94668579101562,52.37651443481445,61.0707893371582,188.76629638671875,16.041332244873047,24.25628089904785,48.79401397705078,35.74614715576172,261.2398681640625,104.59756469726562,44.514163970947266,99.96660614013672,166.55543518066406,261.8680419921875,208.1199951171875,107.4483642578125,110.43001556396484,211.79356384277344,55.63233947753906
2019-09-23,4.348353862762451,131.6627960205078,52.61466598510742,61.31162643432617,185.6753692626953,16.082000732421875,24.358678817749023,49.29591369628906,35.94171905517578,262.34368896484375,105.43611907958984,44.70408630371094,99.9498062133789,167.36878967285156,263.7801208496094,207.9600067138672,105.61687469482422,110.50555419921875,208.0467529296875,56.04734420776367
2019-09-24,4.290902614593506,129.99742126464844,52.36448669433594,60.49923324584961,180.1693115234375,14.880666732788086,24.089885711669922,48.68449020385742,36.18006896972656,262.65380859375,105.76982879638672,44.83620071411133,98.64659881591797,166.9573516845703,261.81982421875,206.39999389648438,104.75662994384766,110.34616088867188,204.61827087402344,56.062705993652344
2019-09-25,4.43266487121582,131.87098693847656,53.17034912109375,61.87027359008789,181.67999267578125,15.24666690826416,23.53181266784668,49.13164520263672,36.201454162597656,263.2012023925781,105.26497650146484,44.728843688964844,99.20991516113281,167.722900390625,263.3938903808594,208.11000061035156,103.03611755371094,109.87641906738281,202.0446319580078,55.40178298950195
2019-09-26,4.4105305671691895,132.04129028320312,52.89611053466797,61.689022064208984,179.0064697265625,16.17066764831543,23.629098892211914,49.24116134643555,36.14950942993164,262.9730529785156,106.36878204345703,44.9105110168457,98.39437866210938,168.0768585205078,264.49481201171875,206.89999389648438,103.4338607788086,108.08134460449219,195.9606475830078,56.892696380615234
2019-09-27,4.27175235748291,130.32858276367188,52.63872146606445,60.877620697021484,176.01492309570312,16.142000198364258,23.392724990844727,49.359798431396484,36.195335388183594,260.8657531738281,106.59126281738281,44.84445571899414,98.97451782226562,166.498046875,259.89801025390625,207.4499969482422,103.942626953125,107.87165069580078,195.76052856445312,57.52287673950195
2019-09-30,4.329202175140381,131.5587158203125,53.877586364746094,60.63876724243164,176.98892211914062,16.058000564575195,23.557418823242188,50.217586517333984,36.26563262939453,262.8363342285156,106.42870330810547,44.95178985595703,98.94928741455078,164.5938262939453,262.25439453125,208.02000427246094,103.44313049316406,108.52593994140625,197.63397216796875,58.19148635864258
2019-10-01,4.3274617195129395,129.70407104492188,54.0267333984375,59.88695526123047,174.7328338623047,16.312667846679688,23.45331382751465,49.095149993896484,36.012001037597656,259.0230407714844,105.97518157958984,45.12519454956055,97.15003204345703,166.77554321289062,261.64599609375,206.7100067138672,102.63837432861328,109.03760528564453,197.5338897705078,56.277889251708984
2019-10-02,4.303586483001709,127.41409301757812,52.67239761352539,58.49257278442383,173.53024291992188,16.208667755126953,23.045429229736328,48.50199890136719,35.483360290527344,260.09942626953125,103.60496520996094,43.828826904296875,95.21630859375,162.50778198242188,255.4075469970703,203.10000610351562,98.9753646850586,110.72362518310547,197.11558532714844,55.432525634765625
2019-10-03,4.509265422821045,128.9564971923828,53.119842529296875,59.064125061035156,178.28094482421875,15.535332679748535,23.4174747467041,49.1499137878418,35.541419982910156,263.64813232421875,104.16970825195312,44.45637130737305,95.08069610595703,165.41676330566406,259.0869445800781,204.97999572753906,99.24359893798828,110.04417419433594,195.8515167236328,56.754364013671875
2019-10-04,4.525680065155029,130.69764709472656,54.60887908935547,60.13325119018555,179.34437561035156,15.428667068481445,24.014793395996094,50.317962646484375,36.10672378540039,266.08392333984375,106.10355377197266,45.03437042236328,97.14012145996094,168.3926544189453,264.6589050292969,208.0800018310547,100.08534240722656,112.1160659790039,199.8893585205078,57.37686538696289
2019-10-07,4.58437442779541,129.7513427734375,54.62090301513672,59.99868392944336,178.57908630371094,15.847999572753906,23.558269500732422,50.00770568847656,35.822547912597656,267.6713562011719,105.11097717285156,44.481136322021484,96.92825317382812,167.35919189453125,262.85308837890625,207.24000549316406,99.74310302734375,111.69667053222656,201.19883728027344,57.12323760986328
2019-10-08,4.4077935218811035,128.3793182373047,53.98103332519531,59.09888458251953,176.6609344482422,16.003332138061523,23.067625045776367,49.32329559326172,35.92948913574219,266.28472900390625,103.47662353515625,44.2416877746582,94.76712799072266,164.9862060546875,258.2218017578125,204.08999633789062,99.1511001586914,110.58941650390625,200.17123413085938,56.508445739746094
2019-10-09,4.494342803955078,130.81121826171875,54.61369323730469,59.70819091796875,178.74806213378906,16.302000045776367,23.30825424194336,49.9832649230957,36.34201431274414,270.85528564453125,104.37506103515625,44.4481086730957,95.45360565185547,167.34005737304688,263.2204895019531,206.69000244140625,99.25285339355469,108.39170837402344,201.9627685546875,56.331695556640625
2019-10-10,4.552042007446289,131.62498474121094,55.34979248046875,60.05926513671875,178.92697143554688,16.31599998474121,23.419185638427734,50.86320877075195,36.5498161315918,271.0741271972656,104.34085083007812,44.3077278137207,96.79264831542969,167.34005737304688,264.7577819824219,206.86000061035156,98.9013671875,108.25748443603516,203.46331787109375,57.215457916259766
2019-10-11,4.625659942626953,132.1737823486328,56.8220100402832,60.3691291809082,183.0614776611328,16.525999069213867,23.970420837402344,52.14647674560547,36.74232864379883,271.49383544921875,103.61353302001953,44.010475158691406,98.42832946777344,169.4260711669922,266.7689208984375,208.0800018310547,100.23336791992188,110.16161346435547,201.95367431640625,57.4103889465332
2019-10-14,4.639089107513428,132.05079650878906,56.7402229309082,60.4714241027832,182.15704345703125,17.130666732788086,24.034420013427734,51.75233459472656,36.41536331176758,271.4208679199219,102.7236099243164,44.010475158691406,98.6910400390625,169.7131805419922,267.223388671875,207.91000366210938,99.807861328125,109.64994812011719,200.60777282714844,57.51175308227539
2019-10-15,4.88381290435791,133.96221923828125,56.60791015625,61.68654251098633,187.73269653320312,17.19266700744629,24.77338981628418,51.65149688720703,36.525367736816406,272.21453857421875,100.28495025634766,44.18387222290039,101.66574096679688,171.04324340820312,269.3311462402344,209.3800048828125,101.47286224365234,111.42823028564453,216.97726440429688,58.08875274658203
2019-10-16,4.830094337463379,132.86459350585938,56.37936782836914,61.724281311035156,188.38864135742188,17.316667556762695,24.616378784179688,51.220699310302734,36.49175262451172,272.5702819824219,100.56732177734375,44.16737365722656,101.4284439086914,170.20115661621094,269.05078125,209.2899932861328,99.85409545898438,113.3826904296875,215.52212524414062,58.283668518066406
2019-10-17,4.8320841789245605,132.18325805664062,56.59829330444336,62.21092224121094,189.22349548339844,17.46466636657715,24.697444915771484,50.46906280517578,36.62010192871094,275.8727722167969,100.43470001220703,44.41508102416992,101.99629211425781,170.26817321777344,267.3490905761719,208.6199951171875,100.32585906982422,114.22147369384766,221.5970001220703,58.5877799987793
2019-10-18,4.737576961517334,130.02578735351562,56.8701171875,61.7943000793457,184.71131896972656,17.1299991607666,24.46704864501953,50.001583099365234,36.406192779541016,276.2923889160156,101.1580810546875,45.2325325012207,102.17425537109375,168.13433837890625,261.663818359375,208.75999450683594,100.49237060546875,107.11671447753906,223.11573791503906,59.61698913574219
2019-10-21,4.874861240386963,130.99098205566406,57.85639953613281,61.787845611572266,188.59735107421875,16.899999618530273,24.70939064025879,50.53322982788086,36.58954620361328,274.6685485839844,102.54450988769531,44.77839660644531,104.70828247070312,168.8232879638672,265.2122497558594,211.49000549316406,99.8171157836914,107.38514709472656,221.82435607910156,60.27194595336914
2019-10-22,4.864914417266846,129.0416259765625,57.724098205566406,61.63489532470703,181.22280883789062,17.038667678833008,24.529342651367188,49.598270416259766,36.54064178466797,273.6559143066406,105.21403503417969,44.46462631225586,105.7591552734375,163.493408203125,252.60427856445312,210.6199951171875,101.60237121582031,108.37493133544922,226.88070678710938,60.71638107299805
2019-10-23,4.851980686187744,129.86492919921875,58.49868392944336,62.450775146484375,185.0094757080078,16.978666305541992,23.920074462890625,49.61661148071289,36.47036361694336,271.23834228515625,105.920166015625,45.116939544677734,106.03883361816406,163.93357849121094,252.20787048339844,210.9600067138672,99.34537506103516,108.96209716796875,225.35293579101562,60.622840881347656
2019-10-24,4.896001815795898,132.41983032226562,58.594905853271484,62.52426528930664,185.23809814453125,19.978666305541992,24.089885711669922,49.73576736450195,36.39397430419922,270.99200439453125,107.46160888671875,45.09217071533203,105.96255493164062,168.5648956298828,259.84613037109375,210.25999450683594,99.75236511230469,106.9489517211914,222.3609619140625,59.88209915161133
2019-10-25,5.08700704574585,133.16737365722656,59.316585540771484,62.78199005126953,186.7388153076172,21.875333786010742,24.730724334716797,49.65327072143555,36.37562942504883,270.4903259277344,106.13544464111328,44.382049560546875,106.81005096435547,170.18209838867188,261.2383728027344,211.8000030517578,101.93535614013672,107.66195678710938,222.72471618652344,59.67157745361328
2019-10-28,5.142965793609619,136.4414825439453,59.910770416259766,64.00753784179688,188.2395782470703,21.847333908081055,24.878347396850586,50.084075927734375,36.43063735961914,272.7162780761719,106.33352661132812,44.233421325683594,107.21686553955078,172.0862579345703,266.788330078125,212.86000061035156,104.51611328125,108.35816192626953,224.67086791992188,61.075069427490234
2019-10-29,5.046714782714844,135.15452575683594,58.52515411376953,62.601234436035156,188.15008544921875,21.08133316040039,24.589075088500977,50.23073196411133,35.798095703125,269.906494140625,106.43685150146484,44.1013069152832,107.14906311035156,169.97154235839844,265.2026062011719,213.00999450683594,103.29511260986328,108.3078384399414,229.43618774414062,61.18421936035156
2019-10-30,5.048705577850342,136.83885192871094,58.5179443359375,62.60321807861328,187.09658813476562,21.000667572021484,24.766563415527344,50.276573181152344,36.088401794433594,273.537353515625,107.5907974243164,44.538944244384766,106.5558090209961,171.52169799804688,267.9678649902344,213.25,104.26637268066406,111.42823028564453,231.7188262939453,62.112083435058594
2019-10-31,4.9994611740112305,135.66551208496094,59.84099578857422,62.50886535644531,190.47576904296875,20.994667053222656,24.989276885986328,49.94658660888672,35.83171844482422,271.6356506347656,107.22049713134766,44.94354248046875,105.86933898925781,171.1484832763672,267.63909912109375,212.5800018310547,105.40413665771484,110.75717163085938,229.80905151367188,62.02630615234375
2019-11-01,5.038509368896484,135.9967041015625,61.5393180847168,63.176761627197266,192.43370056152344,20.887332916259766,25.30841827392578,50.414058685302734,35.94171905517578,270.703125,106.66934204101562,44.50590896606445,108.31012725830078,173.1292266845703,269.804931640625,215.8300018310547,104.07213592529297,110.05256652832031,229.36341857910156,63.741661071777344
2019-11-04,5.235233783721924,136.78207397460938,61.943477630615234,64.038818359375,193.5269775390625,21.1646671295166,26.026052474975586,50.826534271240234,35.92643737792969,271.3705139160156,102.53590393066406,43.87836837768555,109.17459106445312,171.2345733642578,267.175048828125,217.97999572753906,104.62712097167969,109.23892211914062,228.4904022216797,64.70853424072266
2019-11-05,5.213100433349609,136.6969451904297,61.854461669921875,64.12968444824219,193.12942504882812,21.148000717163086,26.797447204589844,51.0281982421875,36.32063674926758,273.5281982421875,102.3895034790039,43.28385543823242,109.4118881225586,168.76583862304688,260.08795166015625,220.8800048828125,102.90662384033203,109.3982925415039,227.62646484375,63.811851501464844
2019-11-06,5.163857460021973,136.3184356689453,61.88092803955078,64.10834503173828,190.37640380859375,21.77199935913086,26.722352981567383,51.055694580078125,36.516204833984375,275.7132263183594,103.61231994628906,43.597625732421875,109.58137512207031,169.14865112304688,260.91937255859375,222.0,105.28388214111328,109.85126495361328,227.8265380859375,63.99899673461914
2019-11-07,5.18151330947876,136.50765991210938,62.59510803222656,64.89938354492188,189.25331115722656,22.369333267211914,26.60118865966797,51.31235122680664,36.73927307128906,279.04119873046875,103.009521484375,43.17652130126953,110.17462158203125,170.73703002929688,263.7522277832031,222.74000549316406,104.31261444091797,110.24552154541016,233.2284393310547,63.944400787353516
2019-11-08,5.167586326599121,138.11630249023438,62.76642608642578,65.00167846679688,189.67071533203125,22.47599983215332,26.743688583374023,51.77983474731445,36.49785232543945,276.6732177734375,103.07839965820312,43.110450744628906,110.4966812133789,171.25375366210938,265.7827453613281,221.30999755859375,105.01561737060547,111.56242370605469,233.69227600097656,66.43949890136719
2019-11-11,5.1775360107421875,138.25827026367188,63.26346969604492,64.46935272216797,188.44827270507812,23.006000518798828,26.687374114990234,51.72482681274414,36.37562942504883,275.0459289550781,102.7597885131836,42.80494689941406,110.10682678222656,171.79920959472656,267.82281494140625,220.85000610351562,104.34037017822266,110.70683288574219,231.07313537597656,66.79036712646484
2019-11-12,5.213100433349609,139.16668701171875,63.20553970336914,64.41621398925781,193.27850341796875,23.32866668701172,26.924592971801758,51.87148666381836,36.400081634521484,274.73504638671875,102.70812225341797,42.69759750366211,109.46271514892578,171.99053955078125,267.95819091796875,220.88999938964844,104.6826171875,110.17840576171875,232.12802124023438,67.39855194091797
2019-11-13,5.1872334480285645,139.3937530517578,63.811153411865234,64.36507415771484,192.00633239746094,23.073999404907227,26.76587677001953,51.52317810058594,36.96846008300781,276.9292907714844,103.8965072631836,43.27560043334961,108.88641357421875,171.67478942871094,268.857421875,219.77000427246094,104.33113098144531,110.11128997802734,230.60025024414062,67.57009887695312
2019-11-14,5.217576503753662,140.10345458984375,63.36961364746094,65.00911712646484,191.966552734375,23.290000915527344,26.36481475830078,51.413177490234375,36.86761474609375,278.4742736816406,103.767333984375,43.45726013183594,108.98812103271484,172.28822326660156,270.36566162109375,219.36000061035156,103.62872314453125,109.85126495361328,232.65548706054688,68.32642364501953
2019-11-15,5.078301429748535,141.9108123779297,64.12240600585938,66.22027587890625,193.90463256835938,23.47800064086914,26.701026916503906,51.715660095214844,36.32368850708008,277.6240234375,103.80176544189453,43.49027633666992,109.77630615234375,172.30738830566406,271.4775085449219,219.74000549316406,105.30329895019531,113.18975830078125,244.9962921142578,69.10612487792969
2019-11-18,5.279504776000977,142.26092529296875,64.44570922851562,65.53996276855469,196.19053649902344,23.332666397094727,26.54401397705078,51.50484085083008,36.74537658691406,278.4286193847656,104.96430969238281,43.78753662109375,110.70006561279297,172.2019500732422,271.5549011230469,219.35000610351562,106.12199401855469,113.09747314453125,248.20652770996094,69.18408203125
2019-11-19,5.172809600830078,142.30824279785156,64.25028991699219,65.17994689941406,198.0988006591797,23.968000411987305,27.10975456237793,51.578163146972656,36.63536834716797,276.3258056640625,104.55957794189453,43.828826904296875,110.66618347167969,175.18284606933594,275.8574523925781,219.02999877929688,107.08021545410156,113.08909606933594,249.38877868652344,69.41020202636719
2019-11-20,5.2521467208862305,142.06138610839844,63.5023078918457,64.64712524414062,196.2998809814453,23.481332778930664,26.5952091217041,51.550682067871094,36.403133392333984,274.7990417480469,105.30876159667969,43.94442367553711,109.86104583740234,174.11891174316406,275.9252014160156,217.47999572753906,106.6243667602539,114.0285873413086,250.59828186035156,67.99111938476562
2019-11-21,5.227275848388672,141.92848205566406,63.217620849609375,64.56171417236328,196.71730041503906,23.655332565307617,26.900697708129883,51.54150390625,36.62620544433594,274.5247497558594,103.6295394897461,43.729740142822266,110.11530303955078,172.42239379882812,275.0260009765625,216.6300048828125,106.7546157836914,114.4479751586914,251.49856567382812,67.46092987060547
2019-11-22,5.244934558868408,142.03294372558594,63.16210174560547,64.24043273925781,197.60186767578125,22.202667236328125,26.872539520263672,51.68815994262695,36.47341537475586,273.6470947265625,103.58648681640625,43.78753662109375,110.8441390991211,172.0198516845703,273.2082824707031,217.9600067138672,108.10356140136719,115.81525421142578,251.76231384277344,67.09445190429688
2019-11-25,5.501597881317139,143.590087890625,64.26958465576172,64.83483123779297,198.56590270996094,22.422666549682617,27.27359390258789,51.843994140625,36.33896255493164,273.4092712402344,103.77594757080078,43.94442367553711,111.43738555908203,173.4575653076172,278.08123779296875,219.05999755859375,109.28508758544922,115.86591339111328,257.064208984375,68.42778015136719
2019-11-26,5.396892547607422,144.34962463378906,63.767723083496094,65.20030975341797,197.7509307861328,21.92799949645996,26.987733840942383,51.79816436767578,36.42146682739258,275.4115905761719,105.28291320800781,44.50590896606445,111.58995056152344,174.97198486328125,279.7926330566406,218.89999389648438,108.93158721923828,115.85747528076172,255.90921020507812,68.39659118652344
2019-11-27,5.431736469268799,144.62503051757812,64.62428283691406,65.1571044921875,200.76235961914062,22.086000442504883,27.17290687561035,51.88983154296875,36.290077209472656,274.97271728515625,104.85236358642578,44.54719543457031,111.92047882080078,176.71641540527344,282.03582763671875,220.5,109.25718688964844,116.3473892211914,255.2454376220703,68.8722152709961
2019-11-29,5.394402980804443,143.73245239257812,64.4819107055664,64.75785064697266,200.40455627441406,21.996000289916992,26.982616424560547,51.45901107788086,36.39091110229492,274.1041564941406,105.11071014404297,44.42241668701172,111.66622161865234,176.85060119628906,282.5482482910156,220.3000030517578,109.1734619140625,116.12773895263672,254.5178680419922,68.40438842773438
2019-12-02,5.207986354827881,141.99496459960938,63.73637008666992,64.00157928466797,198.47645568847656,22.32466697692871,26.51414680480957,50.8082160949707,36.448978424072266,271.89166259765625,105.67903900146484,44.71357727050781,111.42045593261719,174.24354553222656,276.97906494140625,220.3300018310547,108.60596466064453,116.01795959472656,254.32687377929688,67.85858917236328
2019-12-03,5.168412685394287,141.76705932617188,62.599952697753906,64.2935562133789,197.60186767578125,22.413333892822266,26.155750274658203,50.03826141357422,36.262577056884766,270.3191833496094,105.87711334228516,44.755157470703125,109.98818969726562,174.3489532470703,277.5784606933594,218.0800018310547,109.41534423828125,115.84900665283203,251.81692504882812,67.0164566040039
2019-12-04,5.212217807769775,142.27981567382812,63.1524658203125,65.49526977539062,197.49252319335938,22.20199966430664,26.428815841674805,49.87326431274414,36.26868438720703,271.09619140625,107.2376937866211,45.162784576416016,112.15776062011719,173.10293579101562,277.3367614746094,218.39999389648438,110.4014892578125,117.7240982055664,254.0177001953125,67.99111938476562
2019-12-05,5.195292949676514,142.3557586669922,64.0789794921875,65.89352416992188,198.13851928710938,22.024667739868164,26.55425453186035,50.12074279785156,36.422149658203125,267.9695129394531,107.31522369384766,45.07959747314453,112.76795959472656,174.33938598632812,280.2470703125,219.60000610351562,111.42483520507812,117.8761215209961,256.4548645019531,67.61686706542969
2019-12-06,5.280661106109619,144.0837860107422,65.31674194335938,66.5107650756836,199.81817626953125,22.392667770385742,26.968965530395508,50.258243560791016,36.76593780517578,269.660888671875,106.94490051269531,45.270931243896484,114.44599151611328,174.60775756835938,280.7789001464844,222.61000061035156,111.30388641357422,118.5687255859375,255.78843688964844,67.81959533691406
2019-12-09,5.280661106109619,143.7135009765625,64.40230560302734,66.68952941894531,200.1063995361328,22.635332107543945,26.826459884643555,50.698219299316406,36.637020111083984,269.85296630859375,107.53052520751953,44.97977828979492,113.91210174560547,175.32662963867188,279.4832458496094,221.3800048828125,111.8620834350586,118.6700668334961,253.36923217773438,67.39855194091797
2019-12-10,5.325710296630859,143.49510192871094,64.7786865234375,66.68457794189453,199.6392822265625,23.256000518798828,26.884485244750977,51.16568374633789,36.56949234008789,270.4197082519531,107.0137939453125,44.7302131652832,113.98837280273438,174.69403076171875,279.0481262207031,221.25999450683594,112.24353790283203,118.23931121826172,255.1768341064453,67.49211883544922
2019-12-11,5.409337043762207,144.0363311767578,65.33122253417969,66.7520980834961,201.02076721191406,23.51333236694336,27.282127380371094,51.614837646484375,36.526527404785156,269.98089599609375,107.34966278076172,44.879947662353516,113.71715545654297,174.4544219970703,280.4403991699219,222.57000732421875,112.36447143554688,119.07550048828125,256.07147216796875,67.60128021240234
2019-12-12,5.576838970184326,145.49855041503906,65.4977035522461,66.96265411376953,195.5445556640625,23.978666305541992,27.971603393554688,51.7614860534668,36.759788513183594,271.8459777832031,107.27217102050781,45.038002014160156,116.9715576171875,175.05824279785156,282.5288391113281,225.9199981689453,113.22035217285156,119.37956237792969,258.91064453125,69.18408203125
2019-12-13,5.574847221374512,146.72337341308594,66.38801574707031,66.88220977783203,192.92071533203125,23.892667770385742,26.915205001831055,49.96491622924805,36.9224739074707,266.8448791503906,108.04717254638672,45.270931243896484,115.94607543945312,177.45448303222656,286.2803039550781,225.3699951171875,113.06220245361328,119.41333770751953,260.6177673339844,68.49015045166016
2019-12-16,5.6037187576293945,147.67279052734375,67.52445983886719,67.56897735595703,196.7073516845703,25.433332443237305,27.573110580444336,49.48827362060547,36.99921417236328,268.3351745605469,108.12468719482422,45.270931243896484,116.39524841308594,178.5087890625,287.1214294433594,226.85000610351562,114.29023742675781,119.75965881347656,266.59735107421875,69.72990417480469
2019-12-17,5.681869029998779,146.87525939941406,67.65714263916016,67.28046417236328,197.1744842529297,25.266000747680664,27.630281448364258,48.434173583984375,37.226348876953125,270.20947265625,107.9094009399414,45.270931243896484,117.10716247558594,177.81869506835938,286.1933288574219,227.0500030517578,116.59744262695312,121.25464630126953,265.1731872558594,70.23670196533203
2019-12-18,5.7122344970703125,146.57147216796875,67.49549102783203,67.13248443603516,201.25929260253906,26.209999084472656,27.940885543823242,48.93830108642578,36.79049301147461,266.8448791503906,106.7899169921875,44.846675872802734,116.9885025024414,177.22442626953125,284.9750671386719,225.00999450683594,120.45826721191406,120.94212341308594,267.39154052734375,69.65191650390625
2019-12-19,5.860321998596191,147.84373474121094,67.56305694580078,67.35743713378906,204.7974853515625,26.93600082397461,27.655881881713867,48.80081558227539,36.8580207824707,268.5271911621094,107.57355499267578,45.187740325927734,116.4037094116211,178.79637145996094,287.67266845703125,225.2100067138672,121.73280334472656,122.76651000976562,268.9617614746094,69.21530151367188
2019-12-20,5.957637310028076,149.45782470703125,67.42311096191406,67.09821319580078,205.0360107421875,27.03933334350586,27.49641990661621,49.13079833984375,36.9224739074707,269.5511169433594,107.95246887207031,45.72846984863281,116.3105239868164,180.19577026367188,288.6782531738281,226.30999755859375,123.20272827148438,123.3662109375,267.1085510253906,69.6207275390625
2019-12-23,5.943948745727539,149.45782470703125,68.52335357666016,67.06891632080078,204.916748046875,27.947999954223633,27.542102813720703,49.23161315917969,36.53572463989258,268.1614074707031,107.55634307861328,45.678558349609375,116.27659606933594,179.31398010253906,287.4212646484375,225.47999572753906,122.01193237304688,123.68716430664062,269.3908386230469,70.36927032470703
2019-12-24,5.938971519470215,149.42938232421875,68.5885009765625,66.76104736328125,203.86325073242188,28.350000381469727,27.625709533691406,48.9841423034668,36.68306350708008,269.00262451171875,107.83189392089844,45.512184143066406,116.59866333007812,179.78363037109375,287.62432861328125,225.47000122070312,121.97472381591797,123.25641632080078,268.8887023925781,70.05736541748047
2019-12-26,5.953158855438232,150.6542205810547,69.94930267333984,67.65685272216797,206.5168914794922,28.729333877563477,27.40850257873535,49.10330581665039,36.68612289428711,270.3740234375,107.83189392089844,45.77006149291992,117.83596801757812,181.3075714111328,289.28729248046875,226.4499969482422,122.00260925292969,123.17193603515625,269.9020690917969,70.04178619384766
2019-12-27,5.895415782928467,150.92955017089844,69.92276763916016,67.2680435180664,206.82498168945312,28.691999435424805,27.283512115478516,49.00246810913086,36.70760726928711,268.892822265625,108.58110046386719,46.04457473754883,117.92073822021484,181.528076171875,290.7762756347656,226.13999938964844,122.35612487792969,123.1043701171875,270.1941833496094,69.55055236816406
2019-12-30,5.782173156738281,149.62876892089844,70.33776092529297,66.52664947509766,203.1575927734375,27.64666748046875,27.018898010253906,48.305843353271484,36.6492919921875,269.8346252441406,107.18603515625,45.97802734375,117.48851013183594,180.03282165527344,287.85638427734375,225.75999450683594,122.1514663696289,122.72429656982422,268.2588195800781,69.02033996582031
2019-12-31,5.856341361999512,149.73321533203125,70.8516845703125,66.5107650756836,203.992431640625,27.8886661529541,27.23955535888672,48.562496185302734,36.4774055480957,268.7191162109375,107.55634307861328,46.04457473754883,118.14106750488281,180.09988403320312,288.6975402832031,226.5,122.27238464355469,123.20572662353516,268.37750244140625,69.03594207763672
2020-01-02,5.971076488494873,152.50570678710938,72.46825408935547,67.9652328491211,208.4946746826172,28.68400001525879,27.78862190246582,49.45161437988281,36.50809860229492,266.49755859375,106.27323913574219,45.7451057434082,119.57333374023438,183.18624877929688,293.3384704589844,228.38999938964844,122.9980697631836,123.29019165039062,267.0263366699219,69.82347106933594
2020-01-03,5.875505447387695,150.6067657470703,71.76371765136719,67.60968780517578,207.3914794921875,29.534000396728516,27.081815719604492,49.2774543762207,36.185813903808594,266.7169189453125,105.55847930908203,45.495540618896484,117.99542236328125,181.72930908203125,290.4765625,226.17999267578125,122.58871459960938,121.86277770996094,264.3241882324219,69.16070556640625
2020-01-06,5.900143623352051,150.9960479736328,72.3355484008789,69.41175842285156,211.29742431640625,30.1026668548584,27.04130744934082,49.534114837646484,36.11214828491211,266.79010009765625,105.70488739013672,45.47890090942383,117.90161895751953,181.33636474609375,291.2501525878906,226.99000549316406,123.04460144042969,121.71073150634766,266.1591491699219,69.70649719238281
2020-01-07,5.9715752601623535,149.61920166015625,71.99536895751953,69.2776870727539,211.7545928955078,31.270666122436523,26.94821548461914,49.64410400390625,35.777557373046875,266.3695983886719,105.0504150390625,45.1295166015625,115.89720153808594,180.8571319580078,290.26385498046875,225.9199981689453,123.2771224975586,122.45399475097656,264.55242919921875,69.308837890625
2020-01-08,5.982774257659912,152.00242614746094,73.15349578857422,69.7707748413086,213.90135192871094,32.80933380126953,26.6120548248291,49.83745574951172,35.65480422973633,269.4232177734375,105.49821472167969,45.21269989013672,116.80130767822266,183.9530029296875,295.3853759765625,225.99000549316406,124.3935546875,122.43711853027344,270.13031005859375,69.8000717163086
2020-01-09,6.048482418060303,153.90139770507812,74.70734405517578,70.50322723388672,216.96250915527344,32.089332580566406,26.398284912109375,50.067626953125,36.023128509521484,273.7476501464844,106.65214538574219,46.03626251220703,117.2278060913086,185.22779846191406,299.2580261230469,228.64999389648438,126.4495849609375,122.80030822753906,268.5966491699219,70.33808135986328
2020-01-10,6.080837249755859,153.1892852783203,74.876220703125,70.95858764648438,216.72393798828125,31.876667022705078,25.791465759277344,50.132076263427734,35.72231674194336,271.75445556640625,106.75548553466797,46.1943244934082,116.05925750732422,185.72625732421875,301.26220703125,226.6199951171875,128.3846435546875,122.52153778076172,269.42730712890625,69.44139099121094
2020-01-13,6.271486282348633,155.0312957763672,76.47592163085938,71.50829315185547,220.55039978027344,34.990665435791016,25.96041488647461,50.25177001953125,35.56884765625,274.1590881347656,107.53911590576172,46.69345474243164,117.0230712890625,187.22145080566406,305.1734924316406,228.4499969482422,129.2591552734375,123.06211853027344,260.9554748535156,69.02033996582031
2020-01-14,6.154508590698242,153.93942260742188,75.44322204589844,71.0395278930664,217.71783447265625,35.861331939697266,26.563785552978516,50.52797317504883,35.66093826293945,274.04937744140625,107.3755111694336,46.58530044555664,118.38776397705078,187.91160583496094,300.7490234375,227.1699981689453,130.84994506835938,123.7547378540039,263.1374206542969,69.69995880126953
2020-01-15,6.111948490142822,154.93638610839844,75.11992645263672,71.46709442138672,219.7950439453125,34.56666564941406,26.129350662231445,50.41748809814453,35.384681701660156,275.02752685546875,108.4691390991211,47.16761779785156,116.6136703491211,191.50595092773438,304.2440490722656,228.35000610351562,131.27793884277344,124.1686019897461,270.5958251953125,70.53765106201172
2020-01-16,6.19557523727417,157.7753143310547,76.06090545654297,72.01133728027344,220.4112548828125,34.232666015625,26.466379165649414,51.03436279296875,35.57498550415039,277.0480651855469,108.56385803222656,47.267452239990234,117.06570434570312,192.608154296875,310.1014099121094,229.72999572753906,131.57562255859375,125.17365264892578,274.5487976074219,70.53765106201172
2020-01-17,6.204285144805908,158.65830993652344,76.90298461914062,73.4692611694336,220.77894592285156,34.03333282470703,26.616363525390625,50.75815200805664,35.286460876464844,278.5565185546875,108.85665130615234,47.36727523803711,117.87602996826172,196.20248413085938,313.3544921875,230.1999969482422,129.85455322265625,125.99299621582031,272.4764404296875,69.54192352294922
2020-01-21,6.17093563079834,158.08865356445312,76.3818130493164,73.60484313964844,220.083251953125,36.47999954223633,26.554296493530273,50.84102249145508,35.47983169555664,286.40093994140625,108.58110046386719,47.55860137939453,116.71601104736328,198.6849822998047,311.6795349121094,228.6300048828125,131.0918731689453,126.07744598388672,274.35711669921875,69.53400421142578
2020-01-22,6.224943161010742,157.32904052734375,76.65445709228516,73.6852798461914,219.96400451660156,37.97066879272461,26.97665786743164,50.38066482543945,35.63636016845703,285.1484375,108.77054595947266,47.924625396728516,116.57955169677734,199.26966857910156,313.9837951660156,229.5399932861328,131.6966094970703,125.21595001220703,274.411865234375,68.91764068603516
2020-01-23,6.2933878898620605,158.29751586914062,77.02360534667969,73.72599029541016,218.41354370117188,38.14666748046875,27.552440643310547,50.62004470825195,35.54735565185547,286.0534973144531,108.27330780029297,48.10765075683594,116.4601058959961,197.94700622558594,314.6324157714844,229.3800048828125,131.37095642089844,125.45244598388672,273.3802795410156,67.3845443725586
2020-01-24,6.234153747558594,156.70237731933594,76.8016357421875,72.80635070800781,216.60472106933594,37.654666900634766,27.927398681640625,49.78219985961914,35.1053581237793,283.88677978515625,108.40325164794922,47.98286056518555,113.56869506835938,196.49002075195312,313.3641662597656,226.86000061035156,129.38009643554688,125.27510833740234,267.3094482421875,66.01741027832031
2020-01-27,5.978295803070068,154.0818328857422,74.54325866699219,71.09615325927734,213.5535125732422,37.201332092285156,26.63704490661621,48.51164245605469,35.562705993652344,282.9176330566406,108.87969207763672,47.81648635864258,112.61338806152344,193.31747436523438,305.7156982421875,222.4499969482422,128.67303466796875,125.63826751708984,259.34881591796875,66.39671325683594
2020-01-28,6.1716814041137695,157.10122680664062,76.65203857421875,72.02821350097656,216.45559692382812,37.793331146240234,27.43694305419922,49.220584869384766,35.78984832763672,284.19757080078125,109.17423248291016,47.42550277709961,114.66043090820312,194.4292755126953,310.0724182128906,224.02999877929688,129.55686950683594,126.27172088623047,260.9737243652344,66.19915771484375
2020-01-29,6.111201763153076,159.55078125,78.25655364990234,72.33609008789062,221.86227416992188,38.732666015625,27.367992401123047,48.98119354248047,35.571922302246094,283.03643798828125,108.33395385742188,47.42550277709961,114.4898452758789,196.35589599609375,310.1207275390625,224.5,130.1708526611328,127.15013885498047,258.2624816894531,65.74873352050781
2020-01-30,6.117921352386475,164.05136108398438,78.14318084716797,72.21443939208984,208.24623107910156,42.72066879272461,27.16887664794922,49.08247375488281,35.78371810913086,282.9359130859375,109.10491180419922,48.9644889831543,115.90573120117188,199.5668182373047,314.12896728515625,227.8800048828125,132.729248046875,126.99808502197266,256.5096740722656,64.6265640258789
2020-01-31,5.884464740753174,161.63021850585938,74.67839050292969,71.14828491210938,200.67291259765625,43.371334075927734,26.303470611572266,48.290672302246094,35.14219284057617,279.3246154785156,107.95281982421875,48.581817626953125,112.89486694335938,190.7103729248047,305.8803405761719,224.42999267578125,129.91033935546875,125.73957824707031,248.7225799560547,64.0259780883789
2020-02-03,5.981532096862793,165.57054138183594,74.47328186035156,73.62220764160156,202.93893432617188,52.0,26.30950355529785,48.87992477416992,35.07466506958008,276.1063537597656,108.37724304199219,48.7315673828125,113.75630950927734,192.47398376464844,314.1870422363281,223.47000122070312,131.17564392089844,126.83760833740234,250.15577697753906,65.03748321533203
2020-02-04,6.150774955749512,171.0206298828125,76.93193054199219,71.77545928955078,208.5443878173828,59.137332916259766,26.858572006225586,49.75458908081055,35.381614685058594,278.7578125,108.85371398925781,48.947853088378906,115.39395904541016,195.10980224609375,318.64056396484375,225.0800018310547,133.44557189941406,128.04544067382812,256.3818664550781,66.6654281616211
2020-02-05,6.241122245788574,170.8116455078125,77.55928802490234,71.8072280883789,208.8226776123047,48.97999954223633,27.356781005859375,50.39908218383789,35.85429763793945,282.4605407714844,109.84989166259766,48.9561653137207,117.35572814941406,194.3909912109375,317.8660583496094,228.64999389648438,137.0831756591797,130.0641326904297,269.97515869140625,68.45927429199219
2020-02-06,6.32798433303833,174.35324096679688,78.46644592285156,73.2929916381836,209.5581512451172,49.930667877197266,27.555891036987305,50.3714485168457,35.700836181640625,284.5768127441406,110.13575744628906,49.0726318359375,117.37277221679688,194.6113739013672,318.81488037109375,229.61000061035156,137.03665161132812,129.67555236816406,266.98980712890625,68.89391326904297
2020-02-07,6.261778831481934,174.60012817382812,77.39990234375,73.44892120361328,211.02908325195312,49.871334075927734,27.171463012695312,50.38066482543945,35.743804931640625,287.3439025878906,109.21753692626953,49.239009857177734,116.99748992919922,194.32388305664062,316.588134765625,227.3800048828125,136.20864868164062,128.2904052734375,264.0320739746094,72.93209075927734
2020-02-10,6.545013427734375,179.16712951660156,77.76750183105469,74.91629791259766,211.7545928955078,51.41866683959961,27.082677841186523,50.62925720214844,35.37546920776367,287.4904479980469,109.29550170898438,49.704856872558594,117.48368072509766,197.43894958496094,319.76361083984375,227.11000061035156,135.37132263183594,128.2650146484375,262.0326843261719,74.8760986328125
2020-02-11,6.667466640472412,175.12237548828125,77.2983169555664,74.9858169555664,205.9205322265625,51.62533187866211,27.596406936645508,50.77655792236328,35.4215087890625,284.6409912109375,107.55431365966797,49.571754455566406,117.70540618896484,195.4740447998047,320.3833312988281,227.3300018310547,134.19918823242188,128.3748321533203,265.4653015136719,75.86392211914062
2020-02-12,6.783199787139893,175.3787384033203,79.13397979736328,75.41138458251953,209.4686737060547,51.15266799926758,27.987730026245117,51.310577392578125,35.55963897705078,288.708984375,106.93927001953125,49.42201232910156,117.70540618896484,198.8287811279297,323.5201110839844,227.44000244140625,133.51072692871094,127.61468505859375,277.0501708984375,77.27845001220703
2020-02-13,6.739395618438721,174.42922973632812,78.57046508789062,75.15118408203125,211.83409118652344,53.599998474121094,27.924808502197266,50.92387390136719,36.04767990112305,291.53076171875,108.24732971191406,49.5883903503418,117.60305786132812,199.07833862304688,325.1466369628906,226.47000122070312,132.6036376953125,126.77005767822266,275.88165283203125,75.35025787353516
2020-02-14,7.212532997131348,175.9863739013672,78.58981323242188,75.41635131835938,212.86773681640625,53.33533477783203,27.390396118164062,51.071197509765625,36.185813903808594,291.6315002441406,109.26949310302734,49.87123107910156,117.2448501586914,201.85238647460938,330.0940246582031,226.8000030517578,131.96775817871094,126.80386352539062,272.75946044921875,74.32292938232422
2020-02-18,7.381278038024902,177.77139282226562,77.15080261230469,75.45160675048828,216.46554565429688,57.22666549682617,26.78530502319336,51.05276870727539,36.71989822387695,295.0580749511719,108.16938781738281,49.52184295654297,115.6924819946289,202.72586059570312,330.3746337890625,226.77000427246094,131.86485290527344,125.9676742553711,275.82684326171875,73.97520446777344
2020-02-19,7.832513332366943,178.30450439453125,78.26815032958984,75.72124481201172,216.15745544433594,61.16133117675781,27.211109161376953,51.0435676574707,36.121341705322266,295.9467468261719,108.66313934326172,49.72148513793945,117.27043151855469,204.75123596191406,333.58892822265625,229.24000549316406,131.69654846191406,125.79875183105469,278.7207946777344,74.39405059814453
2020-02-20,7.683180332183838,175.5816192626953,77.4651870727539,75.32994079589844,213.26527404785156,59.96066665649414,26.655147552490234,51.1080207824707,36.12441635131836,296.91790771484375,109.65067291259766,49.679908752441406,117.27043151855469,202.96585083007812,333.4824523925781,228.1699981689453,132.79063415527344,125.31729888916016,275.8177185058594,74.46517181396484
2020-02-21,7.319056034088135,170.03099060058594,75.71175384521484,73.66492462158203,208.89222717285156,60.06666564941406,26.24658203125,50.343833923339844,36.39759063720703,294.9664306640625,109.75460052490234,50.02096939086914,115.83747863769531,200.4317626953125,328.8836975097656,229.3300018310547,132.82806396484375,126.63485717773438,275.1786193847656,75.04204559326172
2020-02-24,6.801617622375488,162.70005798339844,72.11541748046875,70.50670623779297,199.49021911621094,55.58599853515625,25.134654998779297,48.474815368652344,35.70391082763672,287.3345947265625,106.80934143066406,48.78978729248047,112.72428131103516,190.81378173828125,314.3323669433594,221.69000244140625,129.19036865234375,124.02535247802734,253.59738159179688,73.60379791259766
2020-02-25,6.522115707397461,160.01519775390625,69.67272186279297,68.84119415283203,195.5644073486328,53.32733154296875,24.36579132080078,46.91883087158203,35.111507415771484,279.31793212890625,105.18944549560547,48.09931564331055,107.69195556640625,180.84066772460938,293.2457580566406,218.0500030517578,126.62806701660156,122.95435333251953,240.4515838623047,70.47441864013672
2020-02-26,6.661495685577393,162.01455688476562,70.77799224853516,69.04727172851562,195.9917755126953,51.91999816894531,24.64161491394043,47.922386169433594,34.92426681518555,280.0693054199219,104.08930969238281,47.91630935668945,108.01604461669922,179.69842529296875,288.5501708984375,216.05999755859375,124.8699722290039,122.12986755371094,240.09552001953125,69.86595153808594
2020-02-27,6.290677547454834,150.5991668701172,66.1513671875,65.29713439941406,188.58740234375,45.266666412353516,23.613304138183594,46.753108978271484,33.886783599853516,268.56201171875,98.32003784179688,45.695194244384766,103.52107238769531,172.78729248046875,276.7192687988281,207.6699981689453,120.8114242553711,118.25375366210938,231.80630493164062,67.50308990478516
2020-02-28,6.725745677947998,154.24562072753906,66.1126708984375,66.50382232666016,191.29075622558594,44.53266525268555,23.498659133911133,45.53778076171875,33.051883697509766,257.5768127441406,98.08613586425781,44.497291564941406,99.03462219238281,174.46710205078125,281.0082092285156,206.33999633789062,117.94989776611328,114.30973052978516,232.75576782226562,67.73225402832031
2020-03-02,6.884132385253906,164.50900268554688,72.26778411865234,68.84119415283203,195.23643493652344,49.574668884277344,24.563180923461914,46.86359786987305,35.56884765625,283.230224609375,103.56953430175781,46.51876449584961,103.64903259277344,184.61297607421875,296.9731750488281,217.6300048828125,124.22472381591797,119.01880645751953,249.3249969482422,70.08718872070312
2020-03-03,6.62164831161499,156.62582397460938,69.97261810302734,66.42784118652344,184.75108337402344,49.70066833496094,23.63916015625,44.97615051269531,34.6572151184082,277.35736083984375,102.36544799804688,46.635215759277344,99.7596206665039,178.27780151367188,282.702392578125,208.80999755859375,121.85881042480469,115.25322723388672,238.6348876953125,69.20211029052734
2020-03-04,7.085354328155518,162.3763427734375,73.21827697753906,68.6068115234375,190.58509826660156,49.96666717529297,24.604557037353516,46.532135009765625,35.84202575683594,293.8578796386719,107.84886169433594,49.0143928527832,102.2245864868164,186.49435424804688,292.7326354980469,217.86000061035156,131.27574157714844,121.9598159790039,264.2146301269531,72.50534057617188
2020-03-05,6.805934906005859,158.30145263671875,70.8432846069336,65.28771209716797,184.0354766845703,48.30266571044922,23.62106704711914,44.19355392456055,35.58113098144531,289.2952880859375,105.36268615722656,47.200889587402344,97.20933532714844,179.45843505859375,281.47296142578125,208.9600067138672,131.06063842773438,120.71031188964844,258.3171691894531,71.60447692871094
2020-03-06,6.625381946563721,153.82675170898438,69.90249633789062,64.34321594238281,179.98046875,46.89866638183594,23.225421905517578,43.61351776123047,35.98322296142578,285.2457275390625,105.388671875,45.96970748901367,92.18553161621094,176.96279907226562,277.8714294433594,205.97999572753906,132.28567504882812,120.72730255126953,259.14794921875,70.18993377685547
2020-03-09,6.112368106842041,143.4014892578125,64.37374877929688,60.373104095458984,168.46148681640625,40.53333282470703,21.352392196655273,42.36137390136719,35.96174240112305,276.6701965332031,100.53765106201172,43.14131546020508,79.69852447509766,164.2636260986328,253.66741943359375,193.1300048828125,126.9179458618164,115.9757308959961,249.62628173828125,67.3845443725586
2020-03-10,6.50186014175415,153.20790100097656,69.01004791259766,63.32176971435547,177.09825134277344,43.02199935913086,22.660842895507812,44.72756576538086,36.769012451171875,283.46832275390625,104.42713165283203,44.63869857788086,85.89086151123047,175.27340698242188,271.636474609375,202.72999572753906,132.03317260742188,120.39582061767578,255.61505126953125,69.1705093383789
2020-03-11,6.138016700744629,146.2672576904297,66.61329650878906,60.130271911621094,169.1969451904297,42.28200149536133,21.201549530029297,41.173667907714844,35.12377166748047,272.5015869140625,96.66546630859375,43.43247604370117,81.84790802001953,166.01058959960938,261.1707458496094,194.63999938964844,130.93905639648438,112.03169250488281,253.58831787109375,67.0526351928711
2020-03-12,5.3869218826293945,132.39547729492188,60.03491973876953,55.19680404663086,153.5235595703125,37.369998931884766,18.85788917541504,36.643836975097656,31.937685012817383,256.39495849609375,88.21949005126953,39.23148727416992,75.10118103027344,153.65696716308594,233.81045532226562,175.97000122070312,117.84703063964844,106.60010528564453,228.6019744873047,62.121463775634766
2020-03-13,5.997809410095215,151.218017578125,67.22760009765625,60.29762268066406,169.2366943359375,36.44133377075195,20.188749313354492,44.12911605834961,35.022483825683594,276.9358215332031,98.81379699707031,40.674861907958984,88.62876892089844,168.77503967285156,261.4127197265625,196.39999389648438,130.3312225341797,114.14822387695312,249.4239959716797,67.46356201171875
2020-03-16,4.891089916229248,128.92994689941406,58.5789794921875,53.28250503540039,145.1154022216797,29.67133331298828,16.168581008911133,39.33226776123047,32.76949691772461,259.44586181640625,93.98876190185547,37.98109817504883,75.36558532714844,145.91079711914062,228.146728515625,177.77000427246094,120.98912811279297,108.06211853027344,206.3313446044922,58.69179916381836
2020-03-17,5.410829544067383,139.54559326171875,61.15470504760742,55.52007293701172,148.50450134277344,28.68000030517578,17.1968936920166,43.14396667480469,36.606327056884766,281.26025390625,102.42608642578125,39.59232711791992,79.9714584350586,151.5548553466797,230.30577087402344,187.60000610351562,133.91281127929688,116.1032485961914,223.9168243408203,57.70398712158203
2020-03-18,5.050971031188965,133.67129516601562,59.65763854980469,54.1857795715332,146.05958557128906,24.08133316040039,14.46966552734375,43.52144241333008,37.62538146972656,281.72760009765625,101.74174499511719,37.637046813964844,71.55294799804688,142.52244567871094,220.6725311279297,172.44000244140625,133.80995178222656,114.71773529052734,199.01473999023438,56.13139343261719
2020-03-19,5.303743362426758,135.87060546875,59.20053482055664,55.2027587890625,152.19175720214844,28.50933265686035,16.76074981689453,41.495914459228516,36.82687759399414,279.6387023925781,96.00713348388672,35.10273742675781,72.75559997558594,146.1411590576172,219.91737365722656,174.67999267578125,124.45854949951172,107.99413299560547,201.52700805664062,56.155094146728516
2020-03-20,5.123939514160156,130.76747131347656,55.44215393066406,53.044647216796875,148.8126220703125,28.50200080871582,16.850162506103516,42.02992248535156,35.13737106323242,266.0791320800781,88.73058319091797,32.140445709228516,71.22030639648438,140.93862915039062,204.688232421875,170.05999755859375,114.46180725097656,101.90804290771484,189.41513061523438,54.384944915771484
2020-03-23,5.296769618988037,129.463134765625,54.264320373535156,52.34546661376953,147.192626953125,28.952667236328125,16.959739685058594,40.68569564819336,35.23295211791992,261.5989685058594,84.63318634033203,31.51944923400879,67.40767669677734,130.29356384277344,196.82679748535156,162.1300048828125,111.32908630371094,94.47041320800781,178.66030883789062,50.97106170654297
2020-03-24,6.205506324768066,141.2307586669922,59.70843505859375,56.11348342895508,159.99366760253906,33.66666793823242,18.650718688964844,44.04624938964844,35.46417236328125,261.05841064453125,89.45822143554688,33.105491638183594,75.4253158569336,148.32969665527344,229.52151489257812,178.1999969482422,114.92002868652344,101.3045425415039,201.52700805664062,53.33391189575195
2020-03-25,6.116849422454834,139.87881469726562,59.3795051574707,54.70370101928711,155.25291442871094,35.95000076293945,19.070606231689453,42.296932220458984,33.728424072265625,257.3202819824219,87.42251586914062,34.91810607910156,78.24000549316406,155.28878784179688,248.31353759765625,180.47000122070312,114.0316390991211,101.49152374267578,214.99574279785156,53.66581344604492
2020-03-26,6.4062299728393555,148.62838745117188,62.504249572753906,57.74770736694336,162.33921813964844,35.21066665649414,21.31648063659668,46.47690200805664,33.85790252685547,267.8014831542969,93.01854705810547,37.16710662841797,83.69026184082031,162.10386657714844,254.8001708984375,183.89999389648438,125.63681030273438,107.58612060546875,234.15817260742188,58.34408950805664
2020-03-27,6.293915271759033,142.52557373046875,59.91641616821289,55.132747650146484,155.829345703125,34.29066848754883,20.222471237182617,45.87844467163086,33.78390884399414,260.4994812011719,95.43540954589844,35.925132751464844,77.72823333740234,155.07757568359375,239.76463317871094,179.66000366210938,125.41233825683594,104.68758392333984,222.29396057128906,57.42741012573242
2020-03-30,6.614175796508789,152.5509033203125,61.62630844116211,56.92289733886719,164.93321228027344,33.47533416748047,21.048236846923828,46.36640548706055,35.51350784301758,266.72039794921875,99.61943054199219,37.76292037963867,79.74968719482422,158.9267120361328,245.18630981445312,183.17999267578125,129.4615478515625,113.0602035522461,230.389892578125,59.458335876464844
2020-03-31,6.564619064331055,150.15171813964844,61.50054168701172,57.69953918457031,165.77801513671875,34.93333435058594,20.784379959106445,44.49739074707031,35.02946472167969,261.23248291015625,95.28813171386719,37.1335334777832,76.78998565673828,154.65524291992188,233.8686065673828,182.8300018310547,129.7234344482422,111.4621810913086,228.64779663085938,60.20907974243164
2020-04-01,6.053343772888184,144.82008361816406,58.26456832885742,54.7275390625,158.62213134765625,32.104000091552734,19.603593826293945,44.84726333618164,35.189781188964844,262.74420166015625,94.70775604248047,35.346092224121094,71.95382690429688,146.96664428710938,221.33087158203125,175.9499969482422,127.57254791259766,109.49014282226562,217.5904541015625,58.02006530761719
2020-04-02,6.362152099609375,147.819091796875,59.2368049621582,55.46892547607422,157.22079467773438,30.29800033569336,20.780874252319336,45.85081481933594,36.58022689819336,267.05023193359375,99.09966278076172,36.88179016113281,74.64059448242188,151.07492065429688,231.2738494873047,179.72999572753906,132.95896911621094,113.17920684814453,220.45103454589844,59.37140655517578
2020-04-03,6.074263095855713,146.4576416015625,58.385498046875,54.2607536315918,153.23536682128906,32.000667572021484,20.535425186157227,45.4825439453125,36.83613204956055,264.4573974609375,99.68871307373047,36.78108596801758,72.43437957763672,145.7572021484375,229.48281860351562,178.33999633789062,130.6024169921875,114.04620361328125,210.41136169433594,57.98057556152344
2020-04-06,6.684154987335205,157.349365234375,63.4788932800293,58.7542724609375,164.5356903076172,34.41600036621094,22.129093170166016,47.40681076049805,38.86783981323242,279.5470886230469,102.0536117553711,39.164344787597656,77.09672546386719,162.64144897460938,257.47216796875,185.24000549316406,132.42596435546875,118.79778289794922,227.69430541992188,59.84556579589844
2020-04-07,6.450807571411133,155.65467834472656,62.74365997314453,58.72298049926758,167.7955780029297,36.36333465576172,22.201852798461914,46.73469543457031,37.60997009277344,278.181884765625,97.68767547607422,39.03007125854492,78.1136474609375,161.82554626464844,250.83070373535156,185.25,132.67845153808594,116.8597412109375,227.41920471191406,59.57688522338867
2020-04-08,6.648045539855957,157.21609497070312,64.34956359863281,59.93661117553711,173.2122039794922,36.589332580566406,22.888240814208984,48.224063873291016,37.563724517822266,280.3257751464844,99.7060546875,40.129398345947266,81.26785278320312,167.92074584960938,262.72833251953125,191.00999450683594,136.73696899414062,121.77281188964844,245.5640411376953,62.081966400146484
2020-04-09,6.548430919647217,157.22564697265625,64.81391906738281,59.91525650024414,174.1166229248047,38.20000076293945,22.292146682739258,49.19539260864258,37.551387786865234,274.8653259277344,99.32489776611328,41.11962890625,88.5586929321289,166.72093200683594,261.2254638671875,193.83999633789062,136.27877807617188,120.04728698730469,242.17161560058594,63.02235794067383
2020-04-13,6.720266342163086,157.577880859375,66.08606719970703,60.10593795776367,173.7190704345703,43.39666748046875,22.784801483154297,49.001121520996094,38.63044357299805,274.5080261230469,100.4423599243164,39.38253402709961,84.6202621459961,162.20947265625,255.349365234375,188.77000427246094,135.0537109375,118.8062973022461,241.60317993164062,63.45701599121094
2020-04-14,7.071409225463867,165.37539672851562,69.42363739013672,62.82817459106445,177.07835388183594,47.32600021362305,23.460662841796875,49.953948974609375,39.77117156982422,287.8110656738281,104.78231048583984,41.052490234375,82.30201721191406,167.61355590820312,262.5054016113281,192.94000244140625,141.30987548828125,124.12737274169922,248.01199340820312,65.87113952636719
2020-04-15,6.993958473205566,163.6426239013672,68.78998565673828,62.43438720703125,175.88571166992188,48.65533447265625,22.567399978637695,49.17688751220703,39.69717788696289,284.26531982421875,105.00752258300781,39.95316696166992,78.242919921875,159.30105590820312,249.33749389648438,188.57000732421875,141.37525939941406,125.51293182373047,258.2626037597656,65.62248992919922
2020-04-16,7.339122772216797,168.5552978515625,69.3365707397461,62.44083786010742,175.17015075683594,49.680667877197266,22.64191246032715,49.67642593383789,40.797821044921875,294.60919189453125,105.25005340576172,39.52519607543945,75.26110076904297,155.90310668945312,239.27239990234375,187.9600067138672,144.695068359375,127.22142791748047,273.62005615234375,65.65458679199219
2020-04-17,7.279853820800781,170.04054260253906,68.39575958251953,63.5119514465332,178.14181518554688,50.259334564208984,23.3072566986084,50.52749252319336,40.73307800292969,291.27423095703125,108.0134506225586,40.330806732177734,82.02622985839844,162.73739624023438,252.08155822753906,191.1999969482422,147.0890655517578,129.21896362304688,266.404296875,66.9298324584961
2020-04-20,7.1486101150512695,166.67018127441406,66.97608947753906,62.62556838989258,177.14793395996094,49.75733184814453,22.64103889465332,49.87070083618164,40.03323745727539,285.92364501953125,104.4704360961914,39.0468635559082,79.0357894897461,157.63088989257812,244.09161376953125,188.75,147.55661010742188,128.92141723632812,258.6844177246094,67.36293029785156
2020-04-21,6.711798667907715,159.77716064453125,64.90583038330078,60.192848205566406,169.75350952148438,45.781333923339844,21.709199905395508,47.46549987792969,39.83591842651367,276.07476806640625,103.67349243164062,38.08180618286133,76.7433853149414,154.08892822265625,237.9051971435547,183.47999572753906,142.76861572265625,127.22990417480469,251.395263671875,64.45153045654297
2020-04-22,7.126195907592773,165.20401000976562,66.77533721923828,62.489505767822266,181.16319274902344,48.807334899902344,22.7891845703125,48.35356903076172,40.56969451904297,283.48663330078125,103.43094635009766,38.33356857299805,76.9933090209961,159.90579223632812,249.11444091796875,186.5800018310547,146.5466766357422,130.04345703125,253.9900360107422,65.34178161621094
2020-04-23,7.072901725769043,163.20460510253906,66.51655578613281,63.12313461303711,183.99574279785156,47.04199981689453,22.698013305664062,48.076045989990234,39.62627029418945,279.8035888671875,104.12071228027344,37.82167053222656,77.03640747070312,159.7041778564453,248.09628295898438,185.6300048828125,149.55780029296875,132.18548583984375,261.60919189453125,65.79894256591797
2020-04-24,7.2118659019470215,166.1846466064453,68.4368667602539,63.39277648925781,188.90545654296875,48.34333419799805,23.21346092224121,49.03812789916992,39.90681838989258,284.52197265625,103.58007049560547,38.12377166748047,78.17398834228516,160.6065216064453,250.9082794189453,186.52000427246094,152.36325073242188,131.63299560546875,267.07366943359375,67.0420913696289
2020-04-27,7.398393630981445,165.70858764648438,68.48524475097656,63.10773849487305,186.35121154785156,53.25,23.532541275024414,49.37114334106445,39.555362701416016,282.9002990722656,102.4202651977539,39.25666427612305,81.54360961914062,164.86839294433594,257.0752868652344,187.4600067138672,150.82958984375,131.14845275878906,269.5400695800781,67.92434692382812
2020-04-28,7.25594425201416,161.6717987060547,67.37512969970703,61.20735168457031,181.78933715820312,51.27466583251953,23.206449508666992,49.213897705078125,39.46287155151367,279.39129638671875,101.93192291259766,39.22308349609375,82.12102508544922,164.37879943847656,256.5711669921875,187.1199951171875,147.09840393066406,128.68341064453125,264.38720703125,66.37641906738281
2020-04-29,7.432761192321777,168.92660522460938,69.58811950683594,66.64932250976562,193.00021362304688,53.367332458496094,24.19614028930664,49.84294509887695,38.10634231567383,281.3519592285156,102.09761047363281,39.5419807434082,84.33586120605469,174.4958953857422,275.0818786621094,189.61000061035156,145.09718322753906,127.70594024658203,263.73626708984375,67.17845153808594
2020-04-30,7.278857231140137,170.621337890625,71.05614471435547,66.87376403808594,203.4557647705078,52.12533187866211,23.810428619384766,49.001121520996094,37.47431182861328,278.2389831542969,102.78652954101562,38.50978469848633,82.52607727050781,171.54905700683594,266.6264343261719,187.36000061035156,144.6108856201172,127.53592681884766,268.155517578125,65.92725372314453
2020-05-01,7.042270660400391,166.20370483398438,69.91215515136719,65.41482543945312,201.03070068359375,46.75466537475586,22.76551055908203,47.9095344543457,37.89668655395508,277.2471923828125,101.8708724975586,38.266422271728516,80.36296081542969,168.52545166015625,260.58544921875,182.6699981689453,143.66641235351562,126.04840087890625,260.8572998046875,66.44055938720703
2020-05-04,7.254200458526611,170.26902770996094,70.90132904052734,65.69190979003906,204.0023651123047,50.74599838256836,22.989925384521484,47.872520446777344,38.137168884277344,279.6071472167969,100.95523834228516,37.880409240722656,79.4063491821289,169.0821990966797,261.0896911621094,177.9499969482422,143.33908081054688,126.03136444091797,263.6353759765625,65.65458679199219
2020-05-05,7.3152174949646,172.0969696044922,71.96549224853516,66.98897552490234,205.8013153076172,51.2140007019043,23.218721389770508,48.150047302246094,38.45472717285156,282.7568664550781,101.16453552246094,38.09859085083008,79.28571319580078,171.28030395507812,265.66644287109375,176.02999877929688,147.65013122558594,127.07691955566406,268.67822265625,68.4697265625
2020-05-06,7.416075706481934,173.7917022705078,72.7079849243164,66.81070709228516,207.1927032470703,52.172000885009766,23.158231735229492,47.97428512573242,38.01384735107422,283.647705078125,98.62691497802734,37.553131103515625,77.79478454589844,171.60667419433594,264.1731872558594,172.3800048828125,146.51858520507812,125.86991119384766,264.7632141113281,68.50981903076172
2020-05-07,7.59239387512207,174.80091857910156,73.46012878417969,67.99503326416016,209.9656219482422,52.00266647338867,23.47117805480957,48.658836364746094,37.744441986083984,280.0755310058594,97.81592559814453,37.42725372314453,78.6048812866211,175.38856506347656,270.0202331542969,173.47999572753906,143.04917907714844,125.45335388183594,261.3066101074219,67.54737854003906
2020-05-08,7.78240966796875,175.82913208007812,75.2086181640625,68.74288177490234,211.04896545410156,54.62799835205078,24.109355926513672,49.55616760253906,38.069583892822266,280.9387512207031,101.11222076416016,38.69440841674805,79.88894653320312,177.6634979248047,273.8697814941406,176.8300018310547,143.5541534423828,126.39690399169922,263.1402893066406,67.33883666992188
2020-05-11,8.034436225891113,177.7904815673828,76.39203643798828,69.69878387451172,211.8738555908203,54.08599853515625,24.141788482666016,49.519168853759766,38.295631408691406,284.9700012207031,100.55412292480469,38.2160758972168,77.53624725341797,176.1949005126953,272.696533203125,174.63999938964844,148.267333984375,126.74539947509766,264.6899108886719,70.49886322021484
2020-05-12,7.7724480628967285,173.76321411132812,75.51901245117188,68.28800964355469,208.81272888183594,53.96066665649414,23.532541275024414,48.35356903076172,38.32969665527344,279.9285888671875,99.8913803100586,37.61186981201172,75.00255584716797,172.26898193359375,263.85321044921875,172.80999755859375,147.49114990234375,125.07086181640625,263.78216552734375,72.55207061767578
2020-05-13,7.750034332275391,171.1354522705078,74.60718536376953,66.95470428466797,203.84336853027344,52.73066711425781,23.06794548034668,47.78002166748047,38.30802536010742,277.4492492675781,99.34197998046875,36.87339782714844,72.41715240478516,170.2690887451172,260.9927062988281,170.57000732421875,147.68753051757812,125.06239318847656,254.8884735107422,71.27684020996094
2020-05-14,7.999569416046143,171.87803649902344,75.06552124023438,67.37828826904297,205.5428924560547,53.55533218383789,23.37037467956543,48.945613861083984,38.218223571777344,275.2453308105469,99.24604797363281,36.672000885009766,75.4248275756836,173.93231201171875,268.89544677734375,170.92999267578125,148.80555725097656,125.49588012695312,266.4501953125,72.135009765625
2020-05-15,8.458045959472656,174.38201904296875,74.62173461914062,68.1827392578125,209.5879669189453,53.27799987792969,22.827754974365234,48.95487594604492,38.998558044433594,274.7586669921875,99.9437026977539,36.302757263183594,74.0287094116211,176.42259216308594,270.47589111328125,169.25,149.6042022705078,127.87592315673828,266.7710876464844,72.7525863647461
2020-05-18,8.716547012329102,176.04812622070312,76.37991333007812,68.78459167480469,211.88380432128906,54.242000579833984,23.977861404418945,49.16763687133789,39.53118133544922,278.01849365234375,101.33894348144531,37.73774719238281,77.94990539550781,184.0087127685547,281.1034240722656,175.4600067138672,148.41099548339844,127.94390869140625,268.9715576171875,73.36212921142578
2020-05-19,8.771583557128906,174.8294677734375,75.93855285644531,68.24927520751953,215.5511932373047,53.867332458496094,23.839357376098633,48.4183235168457,38.69199752807617,279.7357177734375,98.0513916015625,37.37689971923828,76.41590118408203,182.06649780273438,281.9081726074219,172.49000549316406,147.2271728515625,126.66890716552734,265.0198059082031,73.14557647705078
2020-05-20,8.93545150756836,177.2544708251953,77.41541290283203,69.97537231445312,228.5609893798828,54.37066650390625,24.4293155670166,48.93637466430664,38.84682083129883,279.99285888671875,98.78389739990234,38.50978469848633,78.70830535888672,186.3931121826172,289.7332763671875,176.02000427246094,143.8730010986328,125.52989959716797,264.0479431152344,73.13755798339844
2020-05-21,8.741450309753418,175.12547302246094,76.8382339477539,69.85569763183594,229.97227478027344,55.17333221435547,24.089191436767578,48.30732345581055,38.70438766479492,277.2931213378906,97.3363037109375,37.905582427978516,77.70858764648438,183.27796936035156,285.3311462402344,174.94000244140625,143.07437133789062,124.70538330078125,263.0577697753906,74.60527801513672
2020-05-22,8.991484642028809,175.2018280029297,77.33296966552734,70.177978515625,233.47071838378906,54.45866775512695,24.25136947631836,48.67734146118164,38.50000762939453,277.715576171875,98.1908950805664,37.7880973815918,77.10533905029297,183.50872802734375,285.9613342285156,174.92999267578125,142.02206420898438,123.56700897216797,265.8358459472656,73.8674087524414
2020-05-26,8.684171676635742,173.3496856689453,76.80914306640625,70.58168029785156,230.77732849121094,54.591331481933594,24.72210121154785,48.82535934448242,38.35447311401367,279.8917541503906,97.69384765625,38.677616119384766,82.57776641845703,185.77781677246094,294.1258239746094,180.33999633789062,139.0155487060547,123.72966766357422,270.37445068359375,72.7525863647461
2020-05-27,8.492416381835938,173.57879638671875,77.143798828125,70.52757263183594,227.736083984375,54.68199920654297,25.210371017456055,49.213897705078125,37.927146911621094,281.0030212402344,99.31583404541016,39.21470642089844,87.36077880859375,185.3932342529297,290.6739501953125,185.77000427246094,136.89212036132812,124.0121078491211,278.51617431640625,72.16709899902344
2020-05-28,8.454312324523926,173.1873321533203,77.1777572631836,70.42626190185547,224.07862854003906,53.72066879272461,24.820280075073242,49.6024169921875,38.30183410644531,284.2628479003906,101.20812225341797,39.516807556152344,86.0594482421875,186.77781677246094,293.127197265625,185.10000610351562,141.5428466796875,125.7923812866211,278.6995544433594,72.20719909667969
2020-05-29,8.841314315795898,174.95358276367188,77.10259246826172,71.18502807617188,223.7108612060547,55.66666793823242,25.532970428466797,49.74118423461914,38.416404724121094,283.2619323730469,101.0860595703125,39.1727409362793,83.86184692382812,187.72000122070312,291.7598876953125,185.5800018310547,143.703857421875,127.3158950805664,279.50634765625,74.32456970214844
2020-06-01,8.772331237792969,174.55262756347656,78.05077362060547,71.25206756591797,230.48910522460938,59.87333297729492,25.420759201049805,49.084381103515625,38.385433197021484,283.0965881347656,102.24585723876953,39.43288803100586,84.97357177734375,186.8643341064453,292.25445556640625,183.83999633789062,143.23410034179688,125.98072814941406,280.4965515136719,72.74453735351562
2020-06-02,8.79125690460205,176.53846740722656,78.41212463378906,71.62151336669922,231.2941436767578,58.770668029785156,26.128183364868164,49.28789520263672,38.37924575805664,281.9947509765625,102.95218658447266,39.35736083984375,85.25800323486328,188.796875,294.3779602050781,185.94000244140625,144.55882263183594,126.88795471191406,280.8449401855469,73.01725006103516
2020-06-03,8.73572063446045,176.9680938720703,78.8437728881836,71.46955871582031,228.7498321533203,58.86399841308594,27.133655548095703,49.48215866088867,38.23370361328125,281.5815124511719,103.362060546875,40.196529388427734,89.8600082397461,189.28726196289062,297.75244140625,190.82000732421875,143.30921936035156,127.23027038574219,279.9647521972656,72.89695739746094
2020-06-04,8.73672103881836,174.63853454589844,78.16476440429688,70.23059844970703,224.9035186767578,57.62533187866211,27.077550888061523,48.890106201171875,37.812564849853516,285.3556213378906,101.19942474365234,40.21331024169922,91.73011779785156,186.18161010742188,292.2253723144531,192.0500030517578,141.59927368164062,125.58695983886719,273.29913330078125,74.62130737304688
2020-06-05,8.88969898223877,178.7248077392578,80.3909683227539,71.50780487060547,229.3560791015625,59.04399871826172,27.795494079589844,49.93545150756836,37.64225387573242,286.54022216796875,103.18762969970703,41.195152282714844,95.858154296875,191.92169189453125,302.41644287109375,200.66000366210938,140.18994140625,126.0748291015625,285.92437744140625,75.2709732055664
2020-06-08,8.775090217590332,179.83224487304688,80.86628723144531,71.90605163574219,229.98223876953125,63.327999114990234,27.834064483642578,50.97153091430664,37.54315948486328,282.0865173339844,103.81549835205078,41.832923889160156,97.77132415771484,191.9120635986328,300.99114990234375,201.55999755859375,140.18994140625,125.62120056152344,283.7514343261719,75.86446380615234
2020-06-09,9.015268325805664,181.20704650878906,83.41988372802734,72.1066665649414,237.20767211914062,62.711334228515625,27.641206741333008,50.120460510253906,37.57722091674805,280.58056640625,103.19636535644531,41.11962890625,95.26350402832031,191.4121856689453,302.03826904296875,196.07000732421875,140.11477661132812,124.92792510986328,283.50384521484375,77.13168334960938
2020-06-10,9.334929466247559,187.92832946777344,85.56605529785156,72.73335266113281,235.27957153320312,68.336669921875,27.61666488647461,50.05570602416992,37.51839065551758,282.21514892578125,103.97248077392578,40.800743103027344,91.4026107788086,192.7581787109375,303.6478271484375,191.50999450683594,141.87173461914062,126.50277709960938,280.3315734863281,77.71717071533203
2020-06-11,8.766369819641113,177.83688354492188,81.45801544189453,69.61486053466797,223.054931640625,64.85600280761719,25.750362396240234,47.46549987792969,37.187042236328125,276.2462463378906,101.38256072998047,38.2160758972168,83.77570343017578,181.60498046875,282.4123840332031,178.02000427246094,135.37005615234375,120.57135772705078,260.14215087890625,73.99573516845703
2020-06-12,8.902156829833984,179.24034118652344,82.1612777709961,70.1620864868164,227.1795196533203,62.35200119018555,26.320159912109375,47.97428512573242,36.459346771240234,274.2903747558594,100.82444763183594,38.614070892333984,86.06807708740234,184.8548126220703,288.75396728515625,181.2100067138672,134.86268615722656,121.66692352294922,261.444091796875,74.15614318847656
2020-06-15,9.142583847045898,180.38595581054688,83.17737579345703,70.55039978027344,231.0754852294922,66.05999755859375,26.65677833557129,49.26013946533203,36.56463623046875,272.8945007324219,101.75751495361328,39.20684051513672,87.25736236572266,184.37408447265625,288.15289306640625,181.5500030517578,132.9647979736328,120.8966064453125,262.4801330566406,74.65341186523438
2020-06-16,9.03769588470459,184.80638122558594,85.38175964355469,71.82809448242188,234.2061767578125,65.47533416748047,27.237972259521484,50.49974822998047,37.05080032348633,276.73291015625,103.01324462890625,39.60483169555664,87.9554214477539,185.45094299316406,295.24102783203125,182.3000030517578,153.81338500976562,123.64404296875,268.6414489746094,77.04344940185547
2020-06-17,9.20462703704834,185.4460906982422,85.2629165649414,72.12952423095703,234.08692932128906,66.11933135986328,27.476408004760742,47.659767150878906,36.85881042480469,275.1259460449219,102.83881378173828,39.44395065307617,85.73196411132812,186.10475158691406,294.54290771484375,180.86000061035156,150.29946899414062,123.26744842529297,268.2747802734375,76.78681182861328
2020-06-18,9.186686515808105,187.43185424804688,85.29688262939453,71.21483612060547,234.49440002441406,66.9306640625,27.938377380371094,49.66717529296875,36.53676223754883,275.0892639160156,104.01607513427734,39.791133880615234,85.26660919189453,186.44126892089844,295.5997314453125,180.72999572753906,151.33294677734375,122.7453384399414,267.2478332519531,77.1798095703125
2020-06-19,9.229790687561035,186.31483459472656,84.80944061279297,70.74407958984375,237.32691955566406,66.72666931152344,26.814502716064453,50.32396697998047,37.112728118896484,275.3923034667969,103.70215606689453,38.96973419189453,84.29276275634766,184.7971649169922,287.5030822753906,179.72000122070312,150.27130126953125,123.10481262207031,268.17779541015625,77.56478881835938
2020-06-22,9.494390487670898,191.48944091796875,87.02838897705078,72.0361557006836,237.7543182373047,66.28800201416016,27.768335342407227,50.990028381347656,37.679412841796875,275.8973693847656,102.68187713623047,38.73263168334961,83.37926483154297,187.45082092285156,295.20220947265625,180.1699981689453,150.75048828125,122.72826385498047,269.49462890625,78.01392364501953
2020-06-23,9.417900085449219,192.76881408691406,88.88597106933594,72.69760131835938,240.75579833984375,66.78533172607422,27.5699520111084,51.054786682128906,37.49051284790039,276.6686706542969,102.66443634033203,38.64794921875,84.39618682861328,190.3448944091797,297.56817626953125,181.00999450683594,149.70751953125,122.27457427978516,274.0343017578125,78.04601287841797
2020-06-24,9.204129219055176,188.88302612304688,87.31696319580078,71.1443099975586,232.58619689941406,64.0566635131836,27.186473846435547,50.36097717285156,37.252071380615234,273.66595458984375,101.52207946777344,37.809608459472656,81.5781021118164,184.03756713867188,285.0886535644531,177.52999877929688,147.5371856689453,119.67267608642578,266.2809753417969,76.30559539794922
2020-06-25,9.457762718200684,191.26988220214844,88.47612762451172,71.56143188476562,234.23599243164062,65.73200225830078,27.352968215942383,50.444236755371094,37.06938552856445,275.9707946777344,102.80396270751953,38.046722412109375,84.42204284667969,186.50852966308594,288.96734619140625,178.85000610351562,153.01478576660156,119.54426574707031,272.7635498046875,77.78936767578125
2020-06-26,9.123900413513184,187.44140625,85.75762176513672,67.66033935546875,214.75608825683594,63.982666015625,27.225439071655273,50.120460510253906,36.63896560668945,272.3251953125,100.48434448242188,36.89506530761719,79.79417419433594,181.97998046875,280.5604248046875,175.3699951171875,152.98658752441406,117.95226287841797,264.1630859375,77.09960174560547
2020-06-29,9.168746948242188,189.4558563232422,87.73406982421875,69.3799819946289,219.28814697265625,67.29000091552734,27.43533706665039,50.657005310058594,36.86811065673828,276.9441833496094,102.60338592529297,37.564048767089844,80.14750671386719,184.0087127685547,284.04150390625,177.19000244140625,152.88323974609375,119.00505828857422,266.8150634765625,77.34825897216797
2020-06-30,9.46548843383789,194.29632568359375,88.4664306640625,70.41683197021484,225.6787872314453,71.98733520507812,27.951663970947266,51.128787994384766,37.0910530090332,278.43182373046875,104.26895904541016,37.835018157958984,81.0610122680664,185.72970581054688,286.7273864746094,178.50999450683594,154.25494384765625,120.36592102050781,271.59405517578125,78.74378204345703
2020-07-01,9.497626304626465,195.43246459960938,88.29910278320312,71.60613250732422,236.09454345703125,74.64199829101562,27.69660186767578,51.33230972290039,37.063194274902344,279.8459777832031,104.62651062011719,37.95356750488281,80.37157440185547,186.3162384033203,292.0314636230469,177.99000549316406,153.42816162109375,120.15196228027344,274.15399169921875,79.51374816894531
2020-07-02,9.579596519470215,196.921875,88.29910278320312,72.99304962158203,231.98985290527344,80.57733154296875,27.939268112182617,51.74858856201172,36.914554595947266,280.7549743652344,105.41130828857422,38.0043830871582,80.63263702392578,188.13345336914062,293.2434997558594,178.8300018310547,153.96368408203125,120.6569595336914,274.6419677734375,79.3051986694336
2020-07-06,9.805826187133789,201.16085815429688,90.6611328125,74.46887969970703,238.8078155517578,91.43866729736328,28.23329734802246,52.3591423034668,36.81547164916992,286.0350646972656,106.06534576416016,38.300758361816406,82.66889953613281,190.1429443359375,296.29791259765625,182.72000122070312,156.8011474609375,122.37732696533203,278.8316650390625,79.40948486328125
2020-07-07,9.838213920593262,198.82176208496094,90.37982940673828,73.98571014404297,239.38427734375,92.65733337402344,27.73113441467285,52.09087371826172,39.31132507324219,290.3877868652344,106.5798568725586,38.2838249206543,80.33677673339844,186.72006225585938,290.8096618652344,181.14999389648438,156.6696014404297,122.26605224609375,273.1594543457031,79.68215942382812
2020-07-08,10.18129825592041,203.1944122314453,92.48477935791016,74.66502380371094,242.0876007080078,91.05867004394531,28.30237579345703,52.41464614868164,38.534061431884766,290.47052001953125,107.16410827636719,38.1652717590332,81.1895523071289,187.55661010742188,291.4310607910156,181.1999969482422,158.90573120117188,122.62553405761719,274.7340393066406,79.62603759765625
2020-07-09,10.473301887512207,204.616943359375,92.88249206542969,75.4128646850586,243.0019989013672,92.9520034790039,28.47330665588379,53.219459533691406,39.55904769897461,298.93701171875,106.80657958984375,37.182987213134766,79.43177032470703,184.8067169189453,286.0325622558594,178.8000030517578,156.38772583007812,121.95791625976562,268.1041564941406,78.55130767822266
2020-07-10,10.44365119934082,203.99635314941406,93.04497528076172,76.42341613769531,243.56849670410156,102.97666931152344,28.290864944458008,53.08994674682617,40.46634292602539,299.5705871582031,108.03617095947266,38.23301696777344,83.77405548095703,185.13365173339844,287.0909423828125,182.89999389648438,153.48452758789062,121.85519409179688,268.16864013671875,77.66101837158203
2020-07-13,10.01810073852539,197.69520568847656,92.61573028564453,75.09358215332031,237.53564453125,99.80400085449219,27.570837020874023,52.7384147644043,40.107147216796875,296.5310974121094,108.17569732666016,38.31768798828125,84.97492980957031,181.73960876464844,281.7506408691406,184.1300048828125,152.2819366455078,124.28597259521484,275.9771423339844,78.48714447021484
2020-07-14,10.341748237609863,198.91725158691406,94.14836120605469,75.5221176147461,238.26119995117188,101.12000274658203,27.904726028442383,53.137882232666016,40.878204345703125,301.1958923339844,109.08259582519531,38.842716217041016,85.46224212646484,185.88357543945312,290.2658996582031,189.7100067138672,153.97311401367188,126.60546875,284.08953857421875,80.26500701904297
2020-07-15,10.192509651184082,198.62123107910156,94.7958755493164,75.32447814941406,238.8078155517578,103.06732940673828,27.789588928222656,52.59906768798828,40.87510681152344,300.0022277832031,108.5680923461914,39.29151916503906,86.7849349975586,188.97958374023438,296.8392639160156,190.55999755859375,155.44821166992188,126.89647674560547,279.991943359375,81.5720443725586
2020-07-16,10.100322723388672,194.6877899169922,93.62940979003906,75.22715759277344,239.4538116455078,100.04266357421875,27.573497772216797,51.85587692260742,40.93703842163086,299.60736083984375,108.79483032226562,39.07981491088867,87.02861785888672,186.04702758789062,290.6542663574219,191.00999450683594,155.025390625,127.74384307861328,282.82794189453125,81.11743927001953
2020-07-17,10.166844367980957,193.6949005126953,93.44026184082031,75.322998046875,240.54710388183594,100.05599975585938,27.694826126098633,51.001216888427734,40.794593811035156,298.2481994628906,109.55348205566406,39.64716339111328,85.41873931884766,187.57577514648438,295.2275085449219,190.75999450683594,155.92738342285156,127.82941436767578,282.25714111328125,81.856201171875
2020-07-20,10.47504711151123,202.0200958251953,95.40941619873047,77.65640258789062,243.91632080078125,109.53333282470703,28.08627700805664,51.46570587158203,40.710968017578125,299.8277282714844,109.21339416503906,39.05439758300781,84.67036437988281,190.8256378173828,302.89801025390625,190.47999572753906,156.9420623779297,128.04342651367188,279.4302978515625,80.8089370727539
2020-07-21,10.293414115905762,199.2991485595703,94.09259033203125,77.26310729980469,240.26881408691406,104.55733489990234,27.839187622070312,51.93949508666992,40.9772834777832,300.9571838378906,109.06515502929688,39.96894836425781,86.50647735595703,188.9122772216797,298.66461181640625,192.27000427246094,155.3072509765625,128.16322326660156,280.9495544433594,79.07164001464844
2020-07-22,10.403289794921875,202.1632843017578,94.35692596435547,77.70655822753906,238.40032958984375,106.15533447265625,27.79136085510254,52.032386779785156,41.07948303222656,301.4714660644531,109.99821472167969,41.0528564453125,85.87995147705078,191.2006072998047,304.26702880859375,192.10000610351562,154.87509155273438,128.39431762695312,282.4228515625,79.31519317626953
2020-07-23,10.095338821411133,193.37026977539062,90.0621337890625,75.31802368164062,231.17486572265625,100.87133026123047,27.42559242248535,51.80015182495117,40.76362609863281,299.46038818359375,110.70991516113281,40.88349914550781,86.13229370117188,189.82566833496094,300.8978576660156,193.25,151.7557830810547,128.05198669433594,278.97900390625,79.58308410644531
2020-07-24,10.159868240356445,192.1864013671875,89.83902740478516,74.89395141601562,229.29647827148438,94.46666717529297,27.081966400146484,51.69795608520508,40.63976287841797,299.15740966796875,110.53440856933594,41.06132507324219,85.52314758300781,187.63343811035156,298.00439453125,194.52000427246094,149.8954620361328,126.77664184570312,276.9716491699219,78.83622741699219
2020-07-27,10.38609790802002,194.62094116210938,91.96823120117188,75.94767761230469,232.06936645507812,102.63999938964844,27.692171096801758,51.409976959228516,40.6304817199707,300.82867431640625,110.8503189086914,41.0528564453125,84.3222885131836,189.32571411132812,299.8880310058594,192.13999938964844,150.7974395751953,125.97212982177734,274.9551086425781,78.87678527832031
2020-07-28,10.18079948425293,192.8738250732422,90.45740509033203,74.66751861572266,228.71006774902344,98.43267059326172,27.220123291015625,51.41926193237305,40.800785064697266,300.80108642578125,112.2192611694336,40.7988166809082,84.68775939941406,189.1622772216797,297.4315185546875,194.1199951171875,152.81747436523438,125.67256927490234,276.1797180175781,78.51148223876953
2020-07-29,10.429947853088379,194.82144165039062,92.19134521484375,75.6537094116211,231.8606414794922,99.94066619873047,27.352968215942383,51.74441146850586,40.46943664550781,299.48797607421875,112.59661865234375,40.663330078125,86.74142456054688,190.93141174316406,300.3152770996094,196.41000366210938,151.9718475341797,125.42432403564453,282.39520263671875,78.75504302978516
2020-07-30,10.577946662902832,194.66871643066406,93.306884765625,76.3916244506836,233.063232421875,99.16600036621094,27.640806198120117,51.32636642456055,40.292938232421875,298.9173889160156,115.32575225830078,40.38388442993164,84.42668914794922,186.58547973632812,300.02398681640625,194.3000030517578,143.75082397460938,125.68114471435547,281.0600891113281,77.96757507324219
2020-07-31,10.578694343566895,195.7284393310547,103.07504272460938,73.88788604736328,252.1157989501953,95.38400268554688,28.052629470825195,51.51215744018555,40.06998825073242,299.57080078125,115.06249237060547,40.002830505371094,84.0960464477539,183.06640625,299.5676574707031,195.77999877929688,141.2046356201172,124.75672149658203,278.8040771484375,77.05020141601562
2020-08-03,10.972847938537598,206.73641967773438,105.67230224609375,73.63016510009766,250.41627502441406,99.0,28.449390411376953,52.00453186035156,40.03901672363281,303.0585021972656,115.21165466308594,39.20684051513672,83.6261215209961,183.34527587890625,303.5096435546875,199.25999450683594,143.60047912597656,126.11763763427734,279.5683288574219,77.88636779785156
2020-08-04,11.189606666564941,203.6335906982422,106.37799835205078,73.16040802001953,248.29931640625,99.13333129882812,29.083511352539062,52.02309799194336,40.76362609863281,312.693603515625,117.40553283691406,39.537078857421875,83.14751434326172,184.88365173339844,305.2574157714844,200.24000549316406,145.4889678955078,126.00634765625,280.3879089355469,76.54686737060547
2020-08-05,11.248409271240234,203.29946899414062,106.7635726928711,73.44792175292969,247.59365844726562,99.00133514404297,29.185354232788086,51.55861282348633,40.19694519042969,312.85919189453125,117.09835815429688,39.985897064208984,84.59205627441406,188.546875,318.4720764160156,203.6199951171875,145.00978088378906,127.01634979248047,287.72674560546875,75.70257568359375
2020-08-06,11.296993255615234,206.5550079345703,110.48848724365234,74.73206329345703,263.6546630859375,99.30533599853516,29.151708602905273,51.35422897338867,40.05450439453125,315.93292236328125,116.457763671875,40.2060546875,84.61812591552734,191.11407470703125,320.5499267578125,205.02000427246094,143.63809204101562,126.28881072998047,289.19085693359375,75.1505355834961
2020-08-07,11.161454200744629,202.86024475097656,107.97643280029297,74.40531921386719,266.7952575683594,96.84733581542969,28.865636825561523,51.30778121948242,40.24649429321289,313.724365234375,117.19491577148438,40.4770393371582,86.48039245605469,188.796875,318.4914855957031,209.47999572753906,143.68508911132812,127.18746948242188,291.9256591796875,75.43466186523438
2020-08-10,11.12707233428955,198.82176208496094,109.54584503173828,74.3283462524414,261.3886413574219,94.57133483886719,28.992286682128906,51.03837966918945,40.837947845458984,312.8868408203125,117.67754364013672,40.40928649902344,87.57682800292969,189.2103271484375,313.50079345703125,212.5800018310547,143.75082397460938,126.6996841430664,293.8317565917969,74.99626159667969
2020-08-11,10.81314468383789,194.17222595214844,106.2879867553711,73.5199203491211,254.5607147216797,91.6259994506836,28.697370529174805,50.41596221923828,40.31770706176758,305.9205017089844,116.91407775878906,40.58712387084961,90.34406280517578,190.152587890625,318.996337890625,212.66000366210938,141.52410888671875,125.7923812866211,290.5628662109375,75.23171997070312
2020-08-12,11.401388168334961,199.7191925048828,109.82038879394531,74.84577941894531,258.29766845703125,103.65066528320312,29.5484676361084,50.323055267333984,40.84104537963867,309.9052429199219,118.87103271484375,41.01051712036133,89.57828521728516,191.08522033691406,318.11285400390625,213.24000549316406,143.3280029296875,128.09475708007812,296.7507019042969,77.53729248046875
2020-08-13,11.404129028320312,199.2513885498047,111.76394653320312,75.31305694580078,259.69903564453125,108.06666564941406,29.174732208251953,50.183712005615234,40.99650955200195,308.9298095703125,119.15180206298828,40.968170166015625,89.08226776123047,190.25711059570312,316.71466064453125,211.97999572753906,142.05349731445312,126.67398071289062,296.06011962890625,76.86347198486328
2020-08-14,11.524718284606934,199.44232177734375,111.66432189941406,74.71617889404297,259.6393737792969,110.04733276367188,29.033029556274414,50.350929260253906,41.22970199584961,309.4635314941406,118.5550765991211,41.02745056152344,89.11707305908203,189.35189819335938,317.3068542480469,210.9600067138672,141.70411682128906,126.87940216064453,298.0674743652344,77.18008422851562
2020-08-17,12.295090675354004,200.75985717773438,111.3727798461914,75.29269409179688,259.55987548828125,122.3759994506836,29.254436492919922,50.15583801269531,42.16250228881836,312.8501281738281,118.90606689453125,40.824222564697266,86.76752471923828,192.0384979248047,320.6372375488281,206.77999877929688,143.0636749267578,127.52130126953125,295.13006591796875,78.2192153930664
2020-08-18,12.219099998474121,201.9150848388672,112.30083465576172,77.25615692138672,260.732666015625,125.80599975585938,29.105649948120117,51.26133346557617,41.88577651977539,313.57708740234375,119.79238891601562,41.002052307128906,85.5579605102539,191.6341094970703,321.38494873046875,208.3300018310547,144.55535888671875,128.46282958984375,291.7230529785156,77.65096282958984
2020-08-19,12.097268104553223,200.6900634765625,112.44174194335938,76.70148468017578,260.9811096191406,125.23533630371094,29.156137466430664,52.20890426635742,41.17062759399414,313.71514892578125,119.14303588867188,40.11290740966797,85.75811004638672,193.54071044921875,322.7441711425781,207.2100067138672,143.7812042236328,128.7195587158203,290.4246826171875,78.01628112792969
2020-08-20,12.09975528717041,205.3603973388672,114.936767578125,78.27264404296875,267.36181640625,133.45533752441406,29.122480392456055,51.33565139770508,40.598514556884766,313.6875305175781,120.09080505371094,40.095977783203125,84.73127746582031,196.58358764648438,327.5213623046875,206.1199951171875,142.88424682617188,129.6011962890625,288.51861572265625,77.28563690185547
2020-08-21,12.640414237976074,203.86744689941406,120.8597640991211,78.23888397216797,265.37408447265625,136.6653289794922,29.227867126464844,51.270626068115234,40.928104400634766,317.1292419433594,120.6084976196289,40.03669738769531,84.68775939941406,196.56431579589844,327.3077087402344,207.42999267578125,140.92051696777344,130.74806213378906,289.2644958496094,77.00961303710938
2020-08-24,12.67703914642334,204.50865173339844,122.30528259277344,78.71460723876953,269.72723388671875,134.27999877929688,29.580354690551758,52.032386779785156,40.83481979370117,316.6875,121.54747772216797,40.62099838256836,87.07209777832031,198.7598114013672,333.65771484375,212.61000061035156,141.16598510742188,131.09271240234375,284.3842468261719,76.72547912597656
2020-08-25,12.706687927246094,207.16921997070312,121.30189514160156,79.74250793457031,279.09942626953125,134.8893280029297,29.76987648010254,52.10670852661133,40.617164611816406,317.2213134765625,122.0301284790039,40.57018280029297,87.4549789428711,200.38717651367188,337.56097412109375,213.35000610351562,141.31703186035156,131.01516723632812,287.4965515136719,76.36016082763672
2020-08-26,12.72961139678955,211.64810180664062,122.95149230957031,81.64340209960938,302.0479736328125,143.54466247558594,30.0825138092041,53.40727996826172,40.6389274597168,316.8163757324219,121.44217681884766,40.78187942504883,86.22801208496094,202.46713256835938,340.8233947753906,214.66000366210938,140.92051696777344,131.221923828125,284.36578369140625,76.59557342529297
2020-08-27,12.585351943969727,216.84483337402344,121.48169708251953,80.86824798583984,291.4234619140625,149.25,30.035564422607422,53.119300842285156,42.48276901245117,318.7396545410156,121.2842025756836,40.841163635253906,89.06486511230469,203.20855712890625,345.65869140625,216.8699951171875,140.64674377441406,131.8078155517578,286.9901123046875,76.55497741699219
2020-08-28,13.10308837890625,219.07469177246094,121.28489685058594,81.41000366210938,291.8607482910156,147.55999755859375,30.53861427307129,53.76958465576172,43.62388229370117,320.5894775390625,121.77562713623047,42.19602966308594,89.43033599853516,207.71511840820312,355.4847412109375,218.5500030517578,139.10780334472656,132.37649536132812,289.4762878417969,76.44944763183594
2020-08-31,13.329069137573242,215.8398895263672,125.39794921875,80.91840362548828,291.40362548828125,166.10667419433594,30.744972229003906,53.15646743774414,43.17302703857422,319.9360656738281,121.38953399658203,41.941993713378906,87.18522644042969,204.13304138183594,347.7850646972656,218.0399932861328,140.09909057617188,132.17832946777344,287.80035400390625,77.74837493896484
2020-09-01,13.778170585632324,217.50515747070312,130.3928680419922,82.18714141845703,293.6298828125,158.35000610351562,31.842273712158203,53.56520462036133,45.890594482421875,323.359375,121.25787353515625,41.59481430053711,87.1417236328125,205.44261169433594,346.5325622558594,218.5500030517578,139.0700225830078,130.54994201660156,288.0581970214844,74.88262939453125
2020-09-02,14.302042961120605,221.69700622558594,127.69131469726562,85.28130340576172,300.6465759277344,149.1233367919922,33.21236801147461,54.83792495727539,45.9185791015625,330.242919921875,123.30252075195312,43.347686767578125,88.45573425292969,208.45657348632812,350.2221984863281,221.67999267578125,141.19427490234375,132.5402374267578,294.8815612792969,76.2708511352539
2020-09-03,12.975166320800781,207.96351623535156,117.46824645996094,80.91740417480469,289.3362731933594,135.6666717529297,31.182470321655273,53.04498291015625,44.94224166870117,320.52496337890625,121.32807159423828,42.7464714050293,88.1772689819336,201.21534729003906,333.85186767578125,218.14999389648438,140.6938934326172,128.85256958007812,291.1890869140625,74.5822525024414
2020-09-04,12.583385467529297,205.0445556640625,117.54598999023438,78.5189437866211,280.9977722167969,139.44000244140625,32.14427185058594,51.772274017333984,44.410545349121094,318.9329528808594,121.0648193359375,43.22067642211914,90.08299255371094,197.07472229003906,325.2784729003906,218.32000732421875,142.47828674316406,128.0254364013672,287.29400634765625,74.5822525024414
2020-09-08,11.87608528137207,193.9525604248047,109.63573455810547,75.65816497802734,269.4986267089844,110.06999969482422,31.045198440551758,51.39139175415039,43.04866409301758,311.8377990722656,119.2922134399414,42.179107666015625,86.95027160644531,192.7029266357422,320.2973937988281,217.8000030517578,140.96768188476562,126.87948608398438,282.9200744628906,73.24275970458984
2020-09-09,12.675599098205566,202.21173095703125,114.00874328613281,76.83158874511719,272.04290771484375,122.09333038330078,31.88567352294922,52.905643463134766,43.49640655517578,318.8041076660156,121.2315444946289,42.500892639160156,87.7769775390625,196.49696350097656,329.7739562988281,219.6300048828125,143.47909545898438,128.98178100585938,287.3124084472656,74.38739776611328
2020-09-10,12.273597717285156,196.5460968017578,110.28681945800781,75.77983856201172,266.4473571777344,123.77999877929688,31.62440299987793,53.2586555480957,42.53874206542969,312.454345703125,119.9591293334961,42.339996337890625,86.8719711303711,194.07028198242188,323.2102355957031,217.8000030517578,138.0503387451172,126.57791900634766,280.4799499511719,72.7800064086914
2020-09-11,12.126806259155273,195.263671875,108.83887481689453,75.26885986328125,264.9764404296875,124.23999786376953,31.856449127197266,52.95208740234375,42.50453186035156,312.0863037109375,121.22279357910156,43.23760223388672,87.95101165771484,193.24217224121094,320.5596008300781,217.92999267578125,139.81588745117188,127.32752227783203,278.7509460449219,72.82059478759766
2020-09-14,12.832362174987793,196.5843963623047,112.10404968261719,74.92472839355469,264.519287109375,139.8733367919922,32.077850341796875,55.23738098144531,42.69730758666992,315.5740661621094,121.65279388427734,43.288818359375,89.16930389404297,197.38282775878906,328.76416015625,219.94000244140625,140.675048828125,127.81861877441406,285.3063659667969,73.46195220947266
2020-09-15,12.950743675231934,199.8095703125,112.27896118164062,76.230224609375,270.75091552734375,149.9199981689453,32.4949836730957,56.61227798461914,42.709747314453125,316.48504638671875,121.65279388427734,43.57905960083008,86.39334869384766,197.77761840820312,329.2884216308594,218.94000244140625,141.6946563720703,128.2838592529297,284.06744384765625,73.80291748046875
2020-09-16,12.47571849822998,196.23988342285156,108.96520233154297,75.08661651611328,261.9054260253906,147.25332641601562,32.506507873535156,56.13850402832031,42.367713928222656,316.31951904296875,120.83666229248047,43.35710525512695,86.75884246826172,197.52731323242188,331.919677734375,219.58999633789062,142.52552795410156,127.8616943359375,283.410888671875,72.88555145263672
2020-09-17,12.424878120422363,194.19183349609375,107.2257308959961,73.84269714355469,253.2587432861328,141.14332580566406,32.407310485839844,55.9062614440918,42.50142288208008,311.8562316894531,120.67871856689453,43.15223693847656,85.76679992675781,197.6620330810547,329.5700378417969,218.0500030517578,143.9511260986328,126.80193328857422,281.987060546875,72.76376342773438
2020-09-18,12.15147876739502,191.7800750732422,103.82450103759766,72.05751037597656,250.98275756835938,147.38333129882812,31.859102249145508,55.50680160522461,42.06611251831055,309.1690368652344,120.54706573486328,43.066871643066406,85.58407592773438,195.1006622314453,325.5211181640625,218.2100067138672,145.55616760253906,128.53372192382812,284.7978820800781,73.1534423828125
2020-09-21,12.478461265563965,193.83770751953125,106.97306823730469,71.01719665527344,246.6295928955078,149.79666137695312,31.439956665039062,56.50080490112305,42.61956787109375,312.4910583496094,119.9678955078125,41.905906677246094,82.93865966796875,190.13189697265625,318.326416015625,213.02000427246094,142.73321533203125,125.01844024658203,276.6335144042969,72.32537078857422
2020-09-22,12.598587989807129,198.50804138183594,108.65425109863281,72.49102020263672,253.18917846679688,141.41000366210938,32.315792083740234,56.315006256103516,43.005126953125,316.9820251464844,121.0648193359375,42.39248275756836,82.03366088867188,193.12664794921875,325.5697021484375,214.16000366210938,141.4869842529297,124.25161743164062,272.0753173828125,71.92759704589844
2020-09-23,12.086179733276367,191.97149658203125,104.09662628173828,69.9867935180664,247.49429321289062,126.78666687011719,31.422080993652344,54.77289581298828,42.28377151489258,317.14764404296875,119.61685943603516,41.154685974121094,80.70226287841797,188.12896728515625,315.10284423828125,209.61000061035156,141.4397735595703,124.44977569580078,270.11505126953125,70.7423324584961
2020-09-24,12.309733390808105,194.45977783203125,105.16555786132812,70.65567779541016,248.00112915039062,129.26333618164062,31.505189895629883,55.088748931884766,42.50453186035156,319.3287658691406,120.15220642089844,41.572975158691406,80.63263702392578,188.2734375,318.676025390625,208.72000122070312,140.49566650390625,124.6479263305664,270.5958251953125,69.7437973022461
2020-09-25,12.833857536315918,198.8908233642578,109.11096954345703,71.46014404296875,253.2587432861328,135.77999877929688,31.88770866394043,55.55323791503906,42.681766510009766,315.2611083984375,120.76647186279297,41.59004592895508,81.3375015258789,189.93931579589844,322.14227294921875,210.4499969482422,141.8646240234375,125.50092315673828,279.6940612792969,70.0035629272461
2020-09-28,12.994606971740723,200.4412841796875,111.71533966064453,72.43342590332031,255.24652099609375,140.39999389648438,32.82610321044922,55.34886932373047,42.67555236816406,321.73974609375,121.10872650146484,42.068092346191406,83.6783447265625,192.89556884765625,328.5602722167969,213.5399932861328,139.82530212402344,126.75023651123047,280.3690490722656,70.8559799194336
2020-09-29,13.18476676940918,198.35491943359375,110.86990356445312,72.79890441894531,260.18603515625,139.69000244140625,32.554412841796875,55.246681213378906,42.64133834838867,324.058837890625,120.4505386352539,41.76078414916992,82.97346496582031,192.04815673828125,326.46295166015625,210.44000244140625,138.08811950683594,126.70716857910156,281.2196350097656,70.53939056396484
2020-09-30,13.488569259643555,201.2930145263672,112.54135131835938,72.77804565429688,260.29534912109375,143.00332641601562,32.55977249145508,55.4603385925293,43.50261688232422,326.69073486328125,121.96867370605469,42.14492416381836,83.77405548095703,192.55853271484375,328.3467102050781,212.94000244140625,139.74978637695312,128.27529907226562,288.2651672363281,71.10765838623047
2020-10-01,13.572312355041504,203.33154296875,113.49365997314453,73.8853988647461,264.9964294433594,149.3866729736328,32.94228744506836,55.4417610168457,44.48828125,329.8747863769531,122.18806457519531,41.98273468017578,84.38319396972656,195.813232421875,333.39556884765625,212.02000427246094,136.22817993164062,126.93115997314453,289.46710205078125,70.7423324584961
2020-10-02,13.021772384643555,197.3308868408203,109.83008575439453,72.2814712524414,258.34735107421875,138.3633270263672,31.890384674072266,54.652130126953125,43.68606948852539,326.699951171875,121.20521545410156,42.13638687133789,85.18378448486328,193.99325561523438,328.9874267578125,211.17999267578125,137.0968017578125,126.00064086914062,288.4593505859375,69.9142837524414
2020-10-05,13.600225448608398,201.34083557128906,113.21188354492188,73.63363647460938,263.02850341796875,141.89332580566406,32.71885681152344,55.33028030395508,44.09028625488281,329.9851379394531,122.31971740722656,42.153465270996094,86.98424530029297,195.9961700439453,333.279052734375,212.36000061035156,138.4374542236328,127.71521759033203,294.1641540527344,71.38368225097656
2020-10-06,13.693931579589844,197.0629425048828,109.96615600585938,72.05403137207031,257.0752258300781,137.9933319091797,32.529380798339844,55.28384017944336,43.72649383544922,329.7735290527344,122.51274871826172,41.777854919433594,86.08839416503906,193.0207061767578,327.6280822753906,210.25999450683594,136.07713317871094,126.01787567138672,290.7430725097656,69.7275619506836
2020-10-07,13.920727729797363,200.8145294189453,111.83196258544922,72.4572525024414,256.5384826660156,141.76666259765625,32.77605056762695,56.51506042480469,43.807342529296875,334.0711364746094,123.46929168701172,42.30711364746094,87.59024047851562,194.96585083007812,333.91015625,213.2899932861328,140.6372833251953,127.41365814208984,298.8056335449219,70.68550109863281
2020-10-08,13.795865058898926,201.53225708007812,111.72506713867188,73.66343688964844,262.1439514160156,141.97332763671875,33.36500930786133,56.794883728027344,43.95347595214844,335.9761047363281,124.30293273925781,43.075401306152344,89.39070892333984,195.45693969726562,335.5141296386719,215.14999389648438,144.92359924316406,128.2838592529297,298.10296630859375,70.90470123291016
2020-10-09,13.720101356506348,206.5375213623047,113.66860961914062,75.00518035888672,262.8298034667969,144.6666717529297,33.66618728637695,57.03739547729492,44.3950080871582,339.99761962890625,125.4173812866211,43.37419128417969,88.88129425048828,198.9812774658203,342.5520324707031,215.67999267578125,148.11474609375,130.07601928710938,303.12359619140625,71.19694519042969
2020-10-12,14.181914329528809,211.88735961914062,120.88890075683594,77.69364929199219,274.06048583984375,147.43333435058594,34.17829895019531,57.3265380859375,44.852073669433594,346.45782470703125,126.79515838623047,43.61321258544922,89.9703598022461,198.75018310546875,342.2117919921875,216.41000366210938,145.8582763671875,130.8256072998047,305.093017578125,71.70027923583984
2020-10-13,14.20409870147705,213.28465270996094,117.68205261230469,77.81678771972656,274.4481201171875,148.88333129882812,34.09428787231445,56.8695068359375,45.46771240234375,350.3227844238281,126.5494384765625,42.87053298950195,88.5124282836914,196.7472686767578,336.1847229003906,212.30999755859375,141.6946563720703,127.8272476196289,306.4337158203125,71.302490234375
2020-10-14,14.0515718460083,211.37059020996094,117.76951599121094,77.63652801513672,270.154541015625,153.76666259765625,33.98793411254883,56.86017990112305,44.75568771362305,348.1694030761719,126.4002456665039,42.78516387939453,88.02059936523438,194.7058563232422,333.1324462890625,210.91000366210938,140.1652069091797,127.60319519042969,297.58514404296875,70.8252182006836
2020-10-15,13.92671012878418,210.22216796875,117.30303955078125,77.24076080322266,265.0858459472656,149.6266632080078,33.954864501953125,56.449764251708984,44.93912887573242,346.5498046875,126.21595764160156,42.67418670654297,89.33802795410156,192.15411376953125,329.11785888671875,211.64999389648438,138.57907104492188,126.81917572021484,300.10009765625,70.13401794433594
2020-10-16,13.76870059967041,210.22216796875,115.66075134277344,77.84807586669922,264.3006591796875,146.55667114257812,33.8404655456543,56.2352294921875,44.99510192871094,351.1144104003906,126.70738220214844,42.70832824707031,89.15357971191406,192.83773803710938,329.924560546875,211.91000366210938,137.95591735839844,127.60319519042969,305.0282897949219,70.98980712890625
2020-10-19,13.455923080444336,205.01588439941406,112.7065658569336,75.97349548339844,259.7983703613281,143.61000061035156,33.58308792114258,55.610294342041016,44.44786071777344,345.6112365722656,124.53111267089844,42.35833740234375,87.6517333984375,189.6697235107422,322.410400390625,208.99000549316406,134.82144165039062,124.34638977050781,299.77655029296875,69.376953125
2020-10-20,13.603214263916016,205.42738342285156,114.193359375,77.02275848388672,265.9206848144531,140.64666748046875,33.692108154296875,55.73155975341797,44.74324035644531,348.1418762207031,125.03130340576172,42.896141052246094,88.15233612060547,190.37265014648438,322.45904541015625,210.05999755859375,135.5673065185547,124.54450225830078,299.0275573730469,69.32757568359375
2020-10-21,13.48283863067627,205.57090759277344,113.5714340209961,78.75630950927734,277.0222473144531,140.8800048828125,33.250614166259766,55.65692901611328,44.898712158203125,347.69091796875,125.70700073242188,42.67418670654297,87.27407836914062,191.07562255859375,324.111572265625,210.17999267578125,133.4146728515625,124.01032257080078,298.4543151855469,68.20846557617188
2020-10-22,13.319597244262695,205.65707397460938,112.4830322265625,79.78271484375,276.41595458984375,141.92999267578125,33.368587493896484,55.67558670043945,44.634422302246094,345.7860412597656,124.81663513183594,43.26321029663086,90.3568115234375,190.65187072753906,324.2865295410156,211.61000061035156,133.7356719970703,125.00113677978516,301.17266845703125,69.376953125
2020-10-23,13.548135757446289,206.9394989013672,111.7930679321289,81.0897216796875,283.04510498046875,140.2100067138672,33.31049346923828,55.8714599609375,44.727699279785156,344.7276611328125,125.63729095458984,43.12663269042969,91.17359924316406,190.671142578125,320.4078674316406,212.7100067138672,134.4248504638672,125.13905334472656,305.6754455566406,69.4016342163086
2020-10-26,13.100526809692383,201.05374145507812,111.80280303955078,78.67189025878906,275.41217041015625,140.0933380126953,32.44538116455078,53.62354278564453,44.20221710205078,341.14794921875,124.68429565429688,42.511993408203125,88.91642761230469,185.9142303466797,309.180419921875,208.49000549316406,133.78286743164062,124.04483795166016,298.7039489746094,69.0560302734375
2020-10-27,13.355236053466797,204.08753967285156,113.3090591430664,79.39640808105469,281.5542907714844,141.55999755859375,32.137943267822266,53.241127014160156,44.4229850769043,342.99761962890625,125.61966705322266,42.59736251831055,87.23894500732422,183.0158233642578,308.25689697265625,206.8800048828125,124.53043365478516,123.33828735351562,296.34613037109375,68.06035614013672
2020-10-28,12.587869644165039,193.97171020507812,108.06146240234375,75.0225601196289,266.0299987792969,135.33999633789062,31.03063201904297,51.85133361816406,43.54304885864258,335.8564453125,121.47234344482422,40.94126892089844,84.78856658935547,174.16644287109375,283.2452697753906,200.6999969482422,123.97340393066406,119.21119689941406,284.7793273925781,66.23356628417969
2020-10-29,12.983640670776367,195.9240264892578,112.065185546875,77.310791015625,279.1093444824219,136.94332885742188,31.727731704711914,52.25240707397461,43.5057373046875,336.40966796875,121.39288330078125,40.992488861083984,85.34187316894531,178.01812744140625,284.99505615234375,201.50999450683594,125.14414978027344,118.20314025878906,280.7850341796875,66.38166809082031
2020-10-30,12.495158195495605,193.7707061767578,105.78750610351562,80.25199127197266,261.4978942871094,129.34666442871094,31.246912002563477,52.33635711669922,43.14194107055664,329.734130859375,120.97819519042969,41.02664566040039,86.10596466064453,174.9752655029297,280.581787109375,201.89999389648438,123.17090606689453,118.13423156738281,282.135009765625,70.02703857421875
2020-11-02,12.541764259338379,193.63674926757812,105.7000503540039,80.65968322753906,259.7586669921875,133.50332641601562,31.391695022583008,52.65349578857422,43.65497970581055,335.9763488769531,122.21351623535156,41.504676818847656,88.04695129394531,177.8929901123047,281.8746643066406,204.30999755859375,124.27555847167969,119.49555206298828,288.5702209472656,72.61909484863281
2020-11-03,12.979155540466309,197.56056213378906,107.32292175292969,81.71937561035156,263.67449951171875,141.3000030517578,31.616012573242188,52.97994613647461,44.3950080871582,342.9560546875,124.61368560791016,42.12785339355469,90.8222885131836,181.35958862304688,287.143310546875,206.6300048828125,123.66184997558594,119.33185577392578,297.1228942871094,72.38045501708984
2020-11-04,13.751505851745605,207.09263610839844,111.70561218261719,86.6945571899414,285.6192626953125,140.32666015625,32.58747863769531,52.690799713134766,44.14002990722656,346.8376770019531,124.10188293457031,41.97418975830078,88.04695129394531,186.78085327148438,298.6236267089844,206.1699981689453,140.28794860839844,120.10728454589844,327.8291320800781,77.76207733154297
2020-11-05,14.116122245788574,213.69618225097656,115.67047882080078,87.52135467529297,292.8745422363281,146.02999877929688,34.03887176513672,52.849365234375,44.60955047607422,355.19134521484375,125.63729095458984,42.204689025878906,91.64785766601562,190.31483459472656,307.693115234375,207.4499969482422,137.38949584960938,120.41744995117188,327.68121337890625,77.09555053710938
2020-11-06,14.516877174377441,214.10769653320312,115.5390625,87.38380432128906,291.6123046875,143.31666564941406,34.01653289794922,52.97994613647461,45.3246955871582,355.5877380371094,126.38733673095703,42.21320724487305,90.42706298828125,191.1141357421875,304.8838806152344,208.85000610351562,134.76478576660156,122.56287384033203,321.2643737792969,76.4043197631836
2020-11-09,13.588510513305664,209.00669860839844,113.23197937011719,87.46772766113281,277.06195068359375,140.4199981689453,33.562522888183594,53.01726150512695,44.63132095336914,336.538818359375,121.76351165771484,44.876617431640625,102.67021179199219,204.79742431640625,334.9405517578125,221.5,134.37770080566406,125.86280822753906,323.6129150390625,78.27226257324219
2020-11-10,12.730429649353027,201.9438018798828,112.8912582397461,86.29084777832031,270.7608337402344,136.7866668701172,32.45341491699219,52.85869216918945,45.259395599365234,338.0324401855469,123.76657104492188,46.08026885986328,102.3364486694336,205.40408325195312,325.4335632324219,228.47999572753906,138.37130737304688,127.7583236694336,327.02471923828125,81.35807037353516
2020-11-11,13.376421928405762,207.24575805664062,116.31781005859375,86.76309204101562,274.7860412597656,139.0433349609375,33.59647750854492,53.35305404663086,46.0118522644043,343.8411865234375,125.36378479003906,45.73881912231445,100.80825805664062,204.8166961669922,323.1103210449219,227.3699951171875,136.6719207763672,127.34477996826172,325.184814453125,80.7656021118164
2020-11-12,13.41504955291748,206.1834716796875,116.04525756835938,86.54409790039062,273.3945617675781,137.25332641601562,33.08528137207031,52.65349578857422,46.08958435058594,346.41363525390625,125.4343032836914,45.25223159790039,99.56990814208984,200.8433837890625,319.1247863769531,224.72000122070312,133.83447265625,127.77554321289062,327.6903991699219,80.3130111694336
2020-11-13,13.2557954788208,207.20745849609375,116.09391784667969,88.00601196289062,275.2531433105469,136.1666717529297,33.38020706176758,53.082557678222656,46.80784225463867,349.29949951171875,127.3138656616211,45.62783432006836,100.19346618652344,202.984375,325.6765441894531,227.4199981689453,135.11558532714844,129.15408325195312,328.85546875,81.49797058105469
2020-11-16,13.473367691040039,207.8965301513672,117.10630798339844,88.09391021728516,277.2508239746094,136.02999877929688,34.03350830078125,53.30641174316406,47.39860916137695,350.1755065917969,125.68140411376953,45.969295501708984,103.02153015136719,205.12530517578125,326.0849304199219,233.10000610351562,133.4169464111328,129.97262573242188,329.91876220703125,80.93840789794922
2020-11-17,13.380657196044922,205.24557495117188,116.22046661376953,87.47964477539062,273.3150634765625,147.20333862304688,34.01473617553711,53.27842712402344,46.444053649902344,352.1394348144531,125.19609832763672,45.82417297363281,101.97638702392578,203.2061767578125,327.1054992675781,233.16000366210938,133.99583435058594,128.6802215576172,325.5545959472656,81.63785552978516
2020-11-18,13.387136459350586,202.53964233398438,114.89657592773438,86.43584442138672,270.30364990234375,162.2133331298828,34.01653289794922,52.46693420410156,46.356990814208984,352.42529296875,123.27242279052734,44.91075897216797,101.2210693359375,200.4287567138672,326.5612487792969,230.07000732421875,133.0183868408203,126.97425842285156,318.5368347167969,81.2346420288086
2020-11-19,13.398602485656738,203.82540893554688,115.49037170410156,87.32620239257812,271.26776123046875,166.42333984375,34.34809875488281,52.65349578857422,47.299110412597656,353.6330871582031,123.1224136352539,45.35466766357422,101.49331665039062,200.17800903320312,324.5587463378906,229.52999877929688,136.09304809570312,126.77608489990234,311.5929870605469,82.0163803100586
2020-11-20,13.04719352722168,201.87757873535156,114.22488403320312,86.22429656982422,268.0475769042969,163.20333862304688,34.25873947143555,51.95393371582031,46.714561462402344,351.4017028808594,122.91943359375,44.96198272705078,100.62383270263672,196.61941528320312,313.98248291015625,227.00999450683594,138.0669403076172,126.10405731201172,309.46636962890625,82.97915649414062
2020-11-23,13.099283218383789,201.60890197753906,110.82752990722656,85.78632354736328,266.7853088378906,173.9499969482422,34.58671951293945,52.30838394165039,46.92911148071289,351.94573974609375,122.4429702758789,44.970523834228516,103.52212524414062,200.7469940185547,322.7701416015625,229.5399932861328,136.06460571289062,124.82000732421875,309.7992248535156,84.0818099975586
2020-11-24,12.917594909667969,205.20716857910156,112.11249542236328,87.59088134765625,275.22332763671875,185.1266632080078,35.054134368896484,53.69816970825195,47.062808990478516,354.260009765625,122.0458755493164,45.43149185180664,108.30872344970703,202.21286010742188,332.8312072753906,233.9199981689453,137.5070037841797,124.82000732421875,310.6776428222656,85.5465316772461
2020-11-25,13.193737983703613,205.216796875,112.94969940185547,87.602294921875,273.9014587402344,191.3333282470703,34.929012298583984,53.54892349243164,47.208946228027344,357.5148010253906,122.37236785888672,45.183929443359375,107.17575073242188,203.37977600097656,331.7910461425781,233.1300048828125,137.3646697998047,124.6551513671875,308.0702819824219,85.7440185546875
2020-11-27,13.220155715942383,206.521728515625,113.49478912353516,88.73895263671875,276.1078796386719,195.25332641601562,35.29721450805664,53.875389099121094,47.13743209838867,358.10491943359375,122.31060791015625,44.98759841918945,106.46434783935547,203.48585510253906,329.6039123535156,231.5500030517578,139.91744995117188,124.93280029296875,312.462158203125,86.31182098388672
2020-11-30,13.35997200012207,205.40869140625,115.8895034790039,87.11912536621094,275.2730407714844,189.1999969482422,35.88975524902344,53.838069915771484,47.507450103759766,361.2213134765625,122.54003143310547,44.393959045410156,103.53092193603516,202.8590087890625,327.11541748046875,228.91000366210938,138.21875,125.52273559570312,310.98272705078125,86.05670166015625
2020-12-01,13.348508834838867,207.4620819091797,119.46207427978516,89.15310668945312,284.7943115234375,194.9199981689453,36.156978607177734,54.78948211669922,47.46080780029297,366.6996154785156,122.98120880126953,44.77250289916992,105.16449737548828,203.67874145507812,329.419189453125,229.67999267578125,138.1333465576172,127.92597198486328,315.4670715332031,85.61235046386719
2020-12-02,13.502531051635742,206.65609741210938,119.81253051757812,90.62345886230469,285.7583312988281,189.60667419433594,36.08190155029297,55.10661315917969,46.80161666870117,362.8582458496094,122.08999633789062,44.83272933959961,107.18453216552734,202.6950225830078,330.7216796875,230.4199981689453,137.75376892089844,128.52459716796875,321.35687255859375,86.39408111572266
2020-12-03,13.35843276977539,205.57179260253906,119.67623138427734,90.46802520751953,280.12310791015625,197.7933349609375,35.730674743652344,55.283836364746094,46.42229080200195,353.91680908203125,121.18993377685547,45.40916442871094,106.48192596435547,200.640869140625,325.7835998535156,231.02000427246094,136.75733947753906,129.2707061767578,322.3924560546875,86.18838500976562
2020-12-04,13.520227432250977,205.6869659423828,119.0045394897461,90.5633773803711,277.986328125,199.67999267578125,36.79239273071289,55.927433013916016,46.3010139465332,353.3302001953125,121.30464172363281,46.329734802246094,107.4480209350586,205.1060028076172,334.7364807128906,231.35000610351562,140.8759002685547,130.3726043701172,324.6751708984375,88.27848052978516
2020-12-07,13.568592071533203,205.61976623535156,120.46471405029297,90.22917175292969,283.83026123046875,213.9199981689453,37.615516662597656,55.77818298339844,46.05227279663086,353.23565673828125,121.48995208740234,45.58983612060547,107.04401397705078,205.07705688476562,331.4410705566406,229.24000549316406,139.89842224121094,129.24468994140625,322.7914733886719,87.09355163574219
2020-12-08,13.3125638961792,207.27017211914062,121.07801055908203,89.94612121582031,281.6636047363281,216.6266632080078,37.840721130371094,55.059974670410156,46.468929290771484,357.2757568359375,121.81643676757812,45.75330352783203,107.14939880371094,205.19277954101562,331.2758483886719,228.19000244140625,141.6825714111328,131.4830780029297,322.7914733886719,88.61588287353516
2020-12-09,12.894488334655762,203.2305145263672,118.54702758789062,88.28409576416016,276.2172546386719,201.4933319091797,37.198150634765625,55.712890625,46.10203170776367,354.1440124511719,120.36932373046875,45.882354736328125,106.31504821777344,202.11639404296875,327.4458923339844,227.50999450683594,149.9386444091797,132.8278350830078,319.590087890625,89.42228698730469
2020-12-10,12.935873031616211,202.0023193359375,119.96826934814453,87.77709197998047,275.422119140625,209.02333068847656,36.64583969116211,55.47970962524414,45.88670349121094,352.7247009277344,119.57512664794922,45.64145278930664,105.6299819946289,200.21656799316406,322.26458740234375,227.35000610351562,152.7855987548828,132.09042358398438,315.17303466796875,88.45130920410156
2020-12-11,12.976758003234863,204.63145446777344,119.1603012084961,88.13214111328125,271.87396240234375,203.3300018310547,36.2686882019043,56.53371810913086,45.87421417236328,354.91033935546875,120.45752716064453,45.89955520629883,105.00640869140625,198.89537048339844,318.2790832519531,226.38999938964844,151.87460327148438,132.6977081298828,312.7790832519531,87.5049819946289
2020-12-14,13.271427154541016,205.53341674804688,118.54702758789062,87.01287078857422,272.5101013183594,213.27667236328125,36.80313491821289,56.67363357543945,45.45291519165039,354.2290954589844,119.87515258789062,45.830745697021484,103.8998031616211,199.86940002441406,321.90496826171875,222.85000610351562,149.85325622558594,129.3314971923828,311.90673828125,85.7440185546875
2020-12-15,13.323034286499023,205.46621704101562,124.48506927490234,87.45083618164062,273.8616638183594,211.0833282470703,37.36259078979492,57.699649810791016,45.43107986450195,351.8636169433594,120.5810775756836,46.321136474609375,105.67389678955078,200.93988037109375,324.33514404296875,224.3800048828125,158.88755798339844,130.6328582763672,315.19171142578125,84.60845947265625
2020-12-16,13.205365180969238,210.40789794921875,124.41693115234375,87.25767517089844,273.98101806640625,207.58999633789062,37.973899841308594,58.55777359008789,45.3842658996582,349.5550231933594,121.12818145751953,45.65005874633789,105.98131561279297,200.85305786132812,322.8284912109375,221.91000366210938,163.2718048095703,129.85198974609375,314.88543701171875,86.10610961914062
2020-12-17,13.30383586883545,210.54222106933594,125.28331756591797,86.42938995361328,272.79827880859375,218.63333129882812,38.08113479614258,59.33195877075195,45.593353271484375,350.35931396484375,121.99295806884766,45.830745697021484,105.10303497314453,203.65943908691406,327.494384765625,224.67999267578125,163.82223510742188,133.2790069580078,317.0475158691406,86.31182098388672
2020-12-18,13.234780311584473,209.74581909179688,123.29747772216797,85.71977996826172,274.7065124511719,231.6666717529297,39.168148040771484,60.68442916870117,45.546546936035156,347.24627685546875,122.69003295898438,46.23509979248047,104.58483123779297,203.78477478027344,330.8287658691406,223.42999267578125,162.6549835205078,134.05113220214844,313.99462890625,85.94974517822266
2020-12-21,13.294861793518066,213.58392333984375,124.82577514648438,86.13392639160156,271.11865234375,216.6199951171875,38.65617752075195,60.14344024658203,45.55277633666992,345.3255920410156,121.34883880615234,45.43497848510742,108.51072692871094,201.56668090820312,325.0350646972656,223.49000549316406,160.1686553955078,132.75843811035156,311.8603515625,85.34081268310547
2020-12-22,13.24101448059082,214.87933349609375,128.37889099121094,85.42183685302734,265.45355224609375,213.44667053222656,39.03654861450195,60.76838302612305,45.00041580200195,342.5437927246094,120.49288940429688,45.391963958740234,106.85960388183594,198.50958251953125,322.9645690917969,221.8800048828125,158.21371459960938,132.49818420410156,310.8674621582031,84.59198760986328
2020-12-23,12.97276782989502,212.0775146484375,127.48332214355469,85.81959533691406,266.4673156738281,215.32666015625,38.347930908203125,60.908294677734375,44.69458770751953,342.4114074707031,120.30756378173828,45.667266845703125,109.84571075439453,197.9888458251953,320.03857421875,224.24000549316406,157.03697204589844,131.82144165039062,313.2615966796875,84.98696899414062
2020-12-24,12.957311630249023,213.73748779296875,128.46653747558594,86.11406707763672,265.76165771484375,220.58999633789062,38.888729095458984,60.591156005859375,44.7819709777832,344.95654296875,121.52526092529297,45.976993560791016,109.3626480102539,201.2677764892578,326.61956787109375,226.52999877929688,158.1568145751953,132.28126525878906,316.2309875488281,84.97051239013672
2020-12-28,12.863822937011719,215.8580780029297,133.06117248535156,88.0904312133789,275.3028259277344,221.22999572753906,38.92659378051758,60.50720977783203,45.3187370300293,351.0877990722656,122.37236785888672,46.59644317626953,110.08283996582031,205.0578155517578,334.8530578613281,228.41000366210938,158.00497436523438,132.90589904785156,321.0190734863281,85.12686920166016
2020-12-29,12.906953811645508,215.08082580566406,131.28952026367188,87.28598022460938,275.0841979980469,221.99667358398438,38.67060852050781,60.124786376953125,45.0316276550293,352.658447265625,122.14295196533203,46.57062911987305,109.79300689697266,206.73585510253906,336.9818420410156,229.57000732421875,158.08091735839844,133.73013305664062,322.31817626953125,86.15545654296875
2020-12-30,13.108884811401367,212.71075439453125,130.1700439453125,86.21784973144531,270.20428466796875,231.5933380126953,39.192474365234375,60.06882095336914,44.994171142578125,354.2953796386719,121.56939697265625,46.83733367919922,110.10040283203125,210.583740234375,345.623779296875,229.64999389648438,158.4889678955078,135.3872528076172,320.1282653808594,86.62450408935547
2020-12-31,13.018386840820312,213.42080688476562,129.16737365722656,87.03174591064453,271.4863586425781,235.22332763671875,39.46467971801758,60.33931350708008,44.98481750488281,356.4998779296875,122.77830505371094,47.18148422241211,111.60226440429688,210.94053649902344,346.9750061035156,231.8699951171875,160.22560119628906,136.54115295410156,325.40826416015625,88.1715316772461
2021-01-04,13.076725959777832,208.88218688964844,125.97447204589844,85.71531677246094,267.2922668457031,243.2566680908203,38.3263053894043,59.4625358581543,45.7275390625,359.6885681152344,121.61351013183594,45.391963958740234,110.54833984375,210.0050811767578,341.6771240234375,228.4499969482422,157.05599975585938,135.77761840820312,324.31329345703125,86.73969268798828
2021-01-05,13.367158889770508,209.08372497558594,127.53202056884766,86.40655517578125,269.309814453125,245.0366668701172,38.585880279541016,58.725669860839844,45.484127044677734,355.51593017578125,122.3900146484375,44.8929557800293,111.14984893798828,206.8708038330078,337.7208251953125,227.47000122070312,157.8341522216797,137.37400817871094,319.95196533203125,87.63665771484375
2021-01-06,12.57912540435791,203.66229248046875,123.23905944824219,85.55391693115234,261.69671630859375,251.9933319091797,38.347930908203125,58.58522033691406,45.768104553222656,350.103759765625,123.67833709716797,43.46478271484375,116.3689956665039,205.0481719970703,337.8471374511719,230.27000427246094,155.9362030029297,138.66673278808594,333.3791198730469,86.87958526611328
2021-01-07,13.306578636169434,209.4579315185547,127.4443588256836,88.10930633544922,267.0934143066406,272.0133361816406,39.96400833129883,59.053375244140625,45.764984130859375,348.1168212890625,122.52237701416016,42.98298645019531,120.1904067993164,206.19577026367188,340.5237121582031,232.8800048828125,157.369140625,139.13522338867188,338.7240905761719,87.8094482421875
2021-01-08,13.239517211914062,210.73411560058594,128.5443878173828,89.2757568359375,265.93060302734375,293.3399963378906,40.16682052612305,59.34364318847656,45.75874328613281,350.02813720703125,122.46943664550781,43.94657516479492,120.3231430053711,207.77734375,344.4072570800781,234.02999877929688,157.91957092285156,138.84890747070312,337.2023620605469,88.27025604248047
2021-01-11,13.583304405212402,208.69032287597656,125.55587768554688,87.21298217773438,255.26634216308594,270.39666748046875,40.17763137817383,59.01591491699219,45.964717864990234,344.41729736328125,121.63997650146484,43.18946838378906,122.1188735961914,205.3085174560547,338.9079895019531,233.42999267578125,176.45309448242188,138.26759338378906,334.7525634765625,89.7103042602539
2021-01-12,13.44693374633789,206.23387145996094,125.38066864013672,86.27643585205078,249.5515899658203,283.14666748046875,40.50480270385742,58.44477462768555,46.48898696899414,344.5970458984375,120.93404388427734,43.112037658691406,124.03849792480469,201.4220733642578,333.7689514160156,233.02999877929688,169.67742919921875,137.19183349609375,331.6160583496094,90.33568572998047
2021-01-13,13.493803024291992,207.58682250976562,127.41516876220703,86.76408386230469,250.0982208251953,284.8033447265625,40.668846130371094,58.107696533203125,46.014652252197266,347.1989440917969,121.11934661865234,43.15504455566406,124.15345764160156,201.8945770263672,337.0878601074219,234.50999450683594,176.03555297851562,136.98361206054688,329.4539794921875,92.53276824951172
2021-01-14,13.16323184967041,204.4011688232422,125.48772430419922,85.95317077636719,244.135009765625,281.6666564941406,40.74635696411133,57.677005767822266,45.864864349365234,342.8465881347656,119.83103942871094,42.35492706298828,124.87883758544922,194.67135620117188,318.20562744140625,235.02000427246094,177.16490173339844,139.37814331054688,325.26904296875,92.93238067626953
2021-01-15,12.823439598083496,204.046142578125,123.76471710205078,85.78929138183594,249.8199005126953,275.38665771484375,40.18574905395508,57.84553146362305,45.137725830078125,342.6668395996094,118.93098449707031,41.89894104003906,122.64077758789062,194.41094970703125,314.63360595703125,233.49000549316406,181.03668212890625,139.07449340820312,325.9834899902344,92.00829315185547
2021-01-19,12.988723754882812,207.68276977539062,124.43641662597656,88.61234283447266,259.5002746582031,281.51666259765625,41.39532470703125,57.386741638183594,44.747642517089844,335.3907775878906,117.88976287841797,41.7354850769043,122.11003112792969,194.4784393310547,317.2420349121094,234.5500030517578,188.35333251953125,141.22610473632812,326.8094482421875,93.3902587890625
2021-01-20,13.328269004821777,215.26316833496094,128.52488708496094,93.35958862304688,265.84112548828125,283.48333740234375,41.63056945800781,57.6395378112793,45.40922927856445,341.8531494140625,116.41610717773438,41.88174057006836,120.27892303466797,198.67352294921875,325.9726257324219,234.75999450683594,190.99143981933594,140.87908935546875,325.5566711425781,93.75656127929688
2021-01-21,13.828612327575684,215.86766052246094,133.23638916015625,93.56218719482422,271.1981506347656,281.663330078125,42.07583236694336,57.311832427978516,45.20326232910156,343.2723388671875,116.30160522460938,42.114036560058594,119.27046203613281,197.83450317382812,325.5152282714844,234.16000366210938,192.02590942382812,140.31515502929688,329.41693115234375,92.62435913085938
2021-01-22,13.674043655395508,216.80801391601562,135.3780059814453,93.97980499267578,272.81817626953125,282.21331787109375,41.91358184814453,56.51596450805664,45.665130615234375,342.7992858886719,115.40499114990234,41.718265533447266,118.35050964355469,194.82562255859375,320.2106628417969,232.9199981689453,195.6225128173828,141.89418029785156,322.5037841796875,92.29135131835938
2021-01-25,13.614964485168457,220.24317932128906,139.1257781982422,94.06521606445312,276.3066711425781,293.6000061035156,41.89285659790039,57.02157974243164,45.62455749511719,342.4018859863281,117.39350891113281,41.9677734375,116.87321472167969,193.82264709472656,320.4053039550781,233.00999450683594,201.51568603515625,144.00238037109375,322.7450256347656,91.99166107177734
2021-01-26,13.397573471069336,222.92987060546875,139.35943603515625,94.7440414428711,280.3218994140625,294.36334228515625,41.809940338134766,57.8642578125,46.03336715698242,345.33502197265625,118.1480712890625,42.40654754638672,116.3955078125,194.8159942626953,318.955078125,231.57000732421875,201.8667755126953,147.9065399169922,318.3836975097656,90.5763931274414
2021-01-27,12.881524085998535,223.47679138183594,138.2886505126953,90.32402038574219,270.47259521484375,288.0533447265625,40.082088470458984,58.566497802734375,44.88806915283203,337.2073669433594,113.96685791015625,41.752685546875,113.10481262207031,188.02671813964844,307.0709533691406,227.36000061035156,196.9795684814453,145.65081787109375,308.99298095703125,85.57305908203125
2021-01-28,13.014399528503418,229.26284790039062,133.4505615234375,92.0252914428711,263.3763732910156,278.4766540527344,40.71662139892578,57.32120132446289,44.859989166259766,337.8412780761719,115.72459411621094,42.286102294921875,115.09516906738281,191.16098022460938,315.6263427734375,230.9499969482422,199.39942932128906,146.76133728027344,313.7811279296875,86.75521850585938
2021-01-29,12.953324317932129,222.57484436035156,128.45680236816406,90.74214172363281,256.7472229003906,264.510009765625,40.6048583984375,56.581512451171875,43.84263610839844,333.46044921875,113.81597137451172,41.425758361816406,113.82134246826172,186.36795043945312,307.84954833984375,227.8699951171875,197.359130859375,141.52976989746094,309.5405578613281,85.31498718261719
2021-02-01,13.199882507324219,229.95370483398438,130.57888793945312,94.00514221191406,260.4046325683594,279.9366760253906,42.06861877441406,57.59272384643555,43.461917877197266,331.6533203125,114.49063873291016,41.70966339111328,114.66168975830078,191.2959747314453,312.97900390625,229.32000732421875,192.7755889892578,141.16537475585938,309.9302978515625,85.16510772705078
2021-02-02,13.518733978271484,229.8193359375,131.40631103515625,95.2987060546875,265.443603515625,290.92999267578125,42.9825553894043,58.39795684814453,43.930023193359375,336.4410095214844,114.33084869384766,42.12263488769531,118.19123840332031,195.39463806152344,325.44708251953125,232.24000549316406,187.4802703857422,139.898681640625,314.3101501464844,86.13914489746094
2021-02-03,13.49255657196045,233.1681671142578,130.38418579101562,102.23886108398438,265.0162048339844,284.89666748046875,41.92891311645508,58.210689544677734,44.06421661376953,336.0909423828125,114.4728775024414,41.959163665771484,119.5447006225586,194.18914794921875,323.9384460449219,232.67999267578125,186.91090393066406,139.2480010986328,313.5398864746094,89.03627014160156
2021-02-04,13.625931739807129,232.21820068359375,133.74258422851562,101.9781494140625,264.85723876953125,283.3299865722656,42.41923522949219,59.315547943115234,44.47925567626953,337.36126708984375,114.54389190673828,42.165653228759766,122.29578399658203,201.7981719970703,331.7347106933594,235.77000427246094,191.33311462402344,140.5407257080078,305.58746337890625,90.35161590576172
2021-02-05,13.552886009216309,232.4005126953125,133.32826232910156,103.72608947753906,266.4573669433594,284.07666015625,42.0028190612793,59.549617767333984,45.05034637451172,336.71661376953125,115.02328491210938,42.716278076171875,122.05694580078125,201.3352508544922,329.71026611328125,235.16000366210938,191.4754638671875,142.67498779296875,301.1241760253906,90.51811981201172
2021-02-08,14.398262023925781,232.65960693359375,133.47451782226562,103.51205444335938,264.9466552734375,287.8066711425781,42.605812072753906,59.0908317565918,45.25943374633789,341.1344909667969,114.66816711425781,42.94856643676758,123.96768188476562,199.52220153808594,328.03607177734375,237.4199981689453,195.2713623046875,143.08274841308594,300.9663391113281,88.94468688964844
2021-02-09,14.223252296447754,233.90699768066406,132.59710693359375,103.05870819091797,267.79913330078125,283.1533203125,42.7797737121582,59.61516189575195,45.509090423583984,340.8785705566406,114.22431945800781,42.75929260253906,123.4722900390625,199.1653594970703,324.5419616699219,239.91000366210938,191.41854858398438,144.25401306152344,305.87518310546875,87.74589538574219
2021-02-10,14.722846984863281,232.99545288085938,131.99266052246094,103.6093978881836,270.20428466796875,268.2733459472656,42.36695861816406,59.24064636230469,44.97856903076172,337.6172790527344,113.82483673095703,42.67325210571289,123.54309844970703,199.0882110595703,325.29132080078125,239.9199981689453,193.9617462158203,144.7224884033203,309.3735046386719,86.62200927734375
2021-02-11,15.20798397064209,234.59788513183594,131.7391815185547,103.72211456298828,268.7333679199219,270.5533447265625,43.1186637878418,58.706947326660156,44.94424057006836,333.9009704589844,113.9225082397461,43.27549743652344,123.19808959960938,203.47337341308594,333.72027587890625,239.75999450683594,193.04698181152344,144.07176208496094,309.0672912597656,86.37224578857422
2021-02-12,14.919296264648438,235.07762145996094,131.97315979003906,104.03396606445312,268.84259033203125,272.0400085449219,43.83342361450195,59.062744140625,45.08467102050781,334.4223937988281,113.2922134399414,43.611045837402344,124.94961547851562,202.79722595214844,331.9001159667969,242.4600067138672,197.5353240966797,144.52297973632812,304.5853271484375,86.9466781616211
2021-02-16,15.287257194519043,233.83984375,129.8478546142578,104.8121109008789,272.29144287109375,265.40667724609375,44.08668899536133,58.18260955810547,45.456031799316406,335.607421875,113.55851745605469,43.249691009521484,127.95721435546875,200.80751037597656,332.1045227050781,245.27999877929688,196.07730102539062,143.21287536621094,301.22625732421875,86.74687194824219
2021-02-17,14.864198684692383,234.85926818847656,127.55681610107422,105.20538330078125,271.8938903808594,266.04998779296875,43.4873161315918,58.13579559326172,45.93663787841797,339.4375,114.03791809082031,43.12924575805664,128.35531616210938,200.43081665039062,328.328125,245.25,196.744384765625,143.7248077392578,303.3048095703125,88.48680877685547
2021-02-18,14.787415504455566,234.4649658203125,126.45516967773438,104.56925964355469,267.7394714355469,262.4599914550781,43.557613372802734,58.117061614990234,42.9594841003418,338.37579345703125,114.98776245117188,43.67986297607422,128.7887725830078,202.20803833007812,329.42791748046875,243.5,191.65567016601562,143.794189453125,304.7431335449219,88.29534149169922
2021-02-19,14.884644508361816,231.7528076171875,126.61114501953125,103.72509765625,259.9573669433594,260.4333190917969,44.161495208740234,57.2369270324707,43.171695709228516,336.3373718261719,112.84833526611328,43.112037658691406,130.93832397460938,197.7456512451172,324.2790832519531,241.85000610351562,191.4650421142578,141.39959716796875,301.1891174316406,87.42121887207031
2021-02-22,14.315491676330566,225.5399169921875,122.83828735351562,102.0094223022461,258.7349853515625,238.1666717529297,42.935699462890625,60.345489501953125,42.96884536743164,332.0142822265625,112.36895751953125,43.559410095214844,132.16793823242188,201.21319580078125,331.5692138671875,244.97000122070312,191.23635864257812,141.31227111816406,304.0285949707031,89.12785339355469
2021-02-23,14.10234260559082,224.34739685058594,122.7017822265625,102.3004150390625,264.2311096191406,232.94667053222656,42.53369903564453,60.392303466796875,42.27605438232422,324.3730163574219,113.20343017578125,43.48198318481445,133.22946166992188,204.87387084960938,341.06878662109375,245.52999877929688,192.95164489746094,140.06390380859375,305.76373291015625,88.47016143798828
2021-02-24,14.458340644836426,225.57843017578125,122.20457458496094,103.476806640625,262.6905822753906,247.33999633789062,43.34309768676758,60.57957077026367,41.570777893066406,322.9984436035156,113.32771301269531,43.62824249267578,135.5736083984375,211.94419860839844,357.517822265625,248.4499969482422,194.8956756591797,141.94088745117188,308.2691955566406,90.48481750488281
2021-02-25,13.270181655883789,220.23106384277344,117.9539794921875,100.1070556640625,253.12953186035156,227.4066619873047,41.20513916015625,61.141361236572266,41.17756652832031,316.5517272949219,112.36895751953125,43.163658142089844,133.733642578125,206.4579315185547,345.1080017089844,243.69000244140625,194.22860717773438,142.08929443359375,305.1699523925781,89.35261535644531
2021-02-26,13.676040649414062,223.49142456054688,118.21720886230469,100.40300750732422,256.0415954589844,225.1666717529297,42.350738525390625,60.401676177978516,40.54405975341797,313.8023986816406,109.661376953125,42.14845275878906,130.18643188476562,205.14434814453125,344.4072570800781,240.50999450683594,195.248291015625,138.3354034423828,308.2784729003906,89.69393920898438
2021-03-01,13.802932739257812,227.87696838378906,124.58336639404297,102.774169921875,263.28692626953125,239.47666931152344,44.12725067138672,61.95595932006836,40.99656677246094,314.53228759765625,110.3360595703125,42.93136215209961,133.1321258544922,209.2396697998047,353.21575927734375,249.2100067138672,196.75393676757812,139.08621215820312,310.533447265625,90.25171661376953
2021-03-02,13.36865234375,224.9244384765625,121.9803695678711,102.5169448852539,257.41314697265625,228.81333923339844,43.309749603271484,62.41475296020508,40.60335159301758,311.3943786621094,109.98983764648438,43.103431701660156,132.69871520996094,208.40902709960938,353.13787841796875,249.22000122070312,194.5335235595703,138.8242645263672,310.5242004394531,89.7855224609375
2021-03-03,12.768844604492188,218.85574340820312,118.99712371826172,99.88160705566406,253.84510803222656,217.73333740234375,41.7369270324707,62.648834228515625,39.81694412231445,307.0903015136719,109.33293914794922,43.00019073486328,135.26397705078125,207.52040100097656,350.636474609375,251.5500030517578,192.49424743652344,136.37985229492188,308.88165283203125,88.8364486694336
2021-03-04,12.33556079864502,218.05751037597656,117.11557006835938,100.9999008178711,256.06146240234375,207.14666748046875,39.98203659057617,61.43162536621094,39.7982177734375,302.4637145996094,108.43632507324219,42.96577835083008,133.18521118164062,204.2847137451172,340.1733703613281,245.47999572753906,191.10296630859375,133.62994384765625,309.75396728515625,87.95399475097656
2021-03-05,12.426554679870605,222.74124145507812,118.37318420410156,104.13526153564453,262.6607666015625,199.31666564941406,40.57241439819336,65.5139389038086,40.29441833496094,300.83319091796875,111.8363265991211,43.69706344604492,133.49484252929688,208.06134033203125,351.24957275390625,253.14999389648438,197.18275451660156,136.27516174316406,322.0862731933594,88.8281478881836
2021-03-08,11.560737609863281,218.69227600097656,113.44017028808594,99.68744659423828,253.7457275390625,187.6666717529297,37.96847915649414,67.5644760131836,39.90744400024414,295.2397155761719,113.01699829101562,44.42837142944336,135.26397705078125,212.75552368164062,361.42071533203125,257.6099853515625,197.28756713867188,137.41000366210938,324.9349365234375,88.33695220947266
2021-03-09,12.489448547363281,224.837890625,118.05148315429688,101.31919860839844,264.1117858886719,224.52667236328125,39.98294448852539,68.013916015625,40.222633361816406,302.2173156738281,112.01386260986328,43.757293701171875,134.30868530273438,212.84246826171875,366.4723205566406,259.0199890136719,196.4108123779297,137.67189025878906,326.6145324707031,88.903076171875
2021-03-10,12.437576293945312,223.52989196777344,116.96935272216797,101.11212921142578,263.2769775390625,222.68666076660156,39.441246032714844,67.5270004272461,41.24934768676758,307.0049743652344,113.04363250732422,44.25629806518555,137.2278289794922,215.5565643310547,371.51409912109375,263.989990234375,195.78192138671875,138.93775939941406,324.4060363769531,89.91040802001953
2021-03-11,12.96153450012207,228.05970764160156,118.89965057373047,104.30757904052734,272.20196533203125,233.1999969482422,40.89238739013672,63.11698913574219,41.233741760253906,311.5744323730469,112.66193389892578,43.774513244628906,136.51129150390625,218.4348907470703,374.12249755859375,260.9100036621094,195.55316162109375,138.92904663085938,327.6538391113281,89.80216217041016
2021-03-12,12.824373245239258,226.73251342773438,117.99298858642578,101.79788970947266,266.7554931640625,231.2433319091797,40.665245056152344,62.882904052734375,41.85476303100586,313.9352111816406,113.75381469726562,43.68775177001953,138.130126953125,216.7059783935547,372.4971008300781,260.0199890136719,198.28814697265625,139.33062744140625,331.53704833984375,90.09355926513672
2021-03-15,13.158798217773438,225.82846069335938,120.87871551513672,102.01837921142578,272.07275390625,235.97999572753906,42.43186569213867,63.416603088378906,41.63943099975586,313.3379211425781,114.12667083740234,44.26898193359375,137.4401397705078,215.6531524658203,371.5724792480469,254.61000061035156,180.25845336914062,140.0464630126953,329.54425048828125,91.79183959960938
2021-03-16,13.258551597595215,228.61752319335938,122.41905975341797,103.48078155517578,277.5688171386719,225.6266632080078,43.09973907470703,62.592647552490234,41.6269416809082,310.2472839355469,114.46400451660156,44.433807373046875,135.79478454589844,217.0343780517578,372.1758728027344,251.5,181.91661071777344,140.87583923339844,330.21466064453125,92.27469635009766
2021-03-17,13.308427810668945,227.97312927246094,121.62939453125,103.39785766601562,282.2698669433594,233.93666076660156,43.58735656738281,62.00277328491211,41.280555725097656,312.0864562988281,114.00238037109375,44.4511604309082,137.1924285888672,215.41171264648438,368.57464599609375,252.0,177.94284057617188,140.35203552246094,327.9610900878906,87.44617462158203
2021-03-18,12.691202163696289,221.89488220214844,117.50553131103516,100.37470245361328,276.9128723144531,217.72000122070312,41.835174560546875,62.489646911621094,40.74154281616211,306.1991271972656,114.2509536743164,43.86993408203125,139.45701599121094,213.13218688964844,357.2063293457031,252.4600067138672,175.2745819091797,140.09014892578125,337.1523742675781,86.38888549804688
2021-03-19,12.81414794921875,221.5390625,116.97908782958984,100.6537857055664,288.3324890136719,218.2899932861328,43.098724365234375,62.040225982666016,41.28368377685547,311.82098388671875,113.63841247558594,44.07813262939453,137.23670959472656,199.84164428710938,346.9962463378906,250.99000549316406,175.61769104003906,139.7147216796875,340.4396667480469,86.0975341796875
2021-03-22,13.153812408447266,226.9633331298828,120.29377746582031,100.83899688720703,291.7415466308594,223.3333282470703,43.17320251464844,62.09638214111328,41.48111343383789,317.111083984375,115.56476593017578,44.242958068847656,133.5478973388672,200.90408325195312,348.8358154296875,250.36000061035156,177.0946807861328,140.11631774902344,341.6315612792969,88.16212463378906
2021-03-23,13.038594245910645,228.49249267578125,119.46509552001953,101.36734771728516,288.84930419921875,220.72000122070312,42.15400695800781,62.98590850830078,41.97310256958008,322.6571044921875,117.71309661865234,44.58128356933594,132.21217346191406,201.04896545410156,345.7893371582031,248.30999755859375,175.03636169433594,139.98536682128906,343.15887451171875,87.27969360351562
2021-03-24,12.611895561218262,226.45359802246094,117.07656860351562,100.93036651611328,280.4113464355469,210.08999633789062,41.537227630615234,62.57392501831055,41.71299743652344,320.4766540527344,117.67758178710938,44.69406509399414,133.23828125,200.9717254638672,350.0524597167969,249.6300048828125,171.6915283203125,141.3472442626953,345.1144104003906,85.79780578613281
2021-03-25,12.504410743713379,223.45291137695312,117.56404113769531,100.92691040039062,277.03216552734375,213.4633331298828,41.939640045166016,64.25926971435547,41.99503707885742,328.3453369140625,118.49430084228516,45.12781524658203,134.94558715820312,200.8751220703125,348.796875,250.75,174.47412109375,141.3996124267578,345.5706787109375,86.48046875
2021-03-26,12.80766487121582,227.4345245361328,118.16845703125,100.54306030273438,281.2859191894531,206.23666381835938,43.787269592285156,65.77611541748047,42.34600830078125,333.730224609375,120.24315643310547,46.0126838684082,137.1924285888672,206.24542236328125,356.36920166015625,256.7699890136719,176.58963012695312,143.98367309570312,350.5901184082031,88.22872924804688
2021-03-29,12.916396141052246,226.24203491210938,118.3439712524414,101.58882904052734,289.0382080078125,203.76333618164062,42.93157958984375,66.60008239746094,42.828617095947266,337.64569091796875,122.1250991821289,46.715362548828125,135.06056213378906,207.19198608398438,353.2254943847656,258.82000732421875,177.57115173339844,144.9527587890625,352.9926452636719,88.85311126708984
2021-03-30,12.840084075927734,222.98167419433594,116.89134216308594,101.62261199951172,286.2354431152344,211.8733367919922,41.43639373779297,66.0570068359375,42.53717041015625,331.5782470703125,120.24315643310547,46.10810089111328,136.65284729003906,204.67105102539062,348.6412048339844,258.19000244140625,176.77069091796875,144.05352783203125,347.870849609375,88.903076171875
2021-03-31,13.315412521362305,226.75172424316406,119.08489990234375,102.41960144042969,292.7254638671875,222.64332580566406,42.11768341064453,65.70121002197266,42.565372467041016,334.1663513183594,120.2253646850586,45.72639465332031,134.66249084472656,204.5068817138672,346.5485534667969,255.47000122070312,178.0286102294922,143.4773712158203,346.4833068847656,90.09355926513672
2021-04-01,13.777771949768066,233.08006286621094,119.91356658935547,105.75957489013672,296.8301696777344,220.5833282470703,43.234073638916016,67.23677825927734,42.49956130981445,336.49859619140625,119.20448303222656,45.55289077758789,135.97169494628906,209.46180725097656,353.6050720214844,258.20001220703125,176.52294921875,142.150390625,341.8271179199219,90.34327697753906
2021-04-05,13.953088760375977,239.5430145263672,122.74078369140625,110.18802642822266,307.017333984375,230.35000610351562,44.37226104736328,69.4371109008789,43.69352340698242,342.072998046875,121.13087463378906,45.813148498535156,136.6924285888672,211.5674591064453,358.49114990234375,262.6600036621094,176.18942260742188,142.67420959472656,344.7233581542969,88.36193084716797
2021-04-06,13.827399253845215,238.3792724609375,123.04298400878906,109.70633697509766,304.3835144042969,230.5399932861328,43.9535026550293,69.54947662353516,43.90348815917969,341.4094543457031,121.17525482177734,46.14280319213867,135.7314453125,211.1907501220703,359.7077331542969,263.05999755859375,174.19776916503906,142.63925170898438,339.3128967285156,87.72923278808594
2021-04-07,14.108707427978516,240.34121704101562,124.69059753417969,111.18465423583984,311.1717224121094,223.6566619873047,43.825416564941406,69.65290069580078,43.8094596862793,340.16748046875,121.3883056640625,46.22087478637695,137.85809326171875,211.7896270751953,361.177490234375,263.6199951171875,173.74037170410156,142.83132934570312,340.4954528808594,87.58770751953125
2021-04-08,14.281780242919922,243.56314086914062,127.0888900756836,111.75074768066406,311.10211181640625,227.93333435058594,44.099754333496094,70.7907485961914,43.7812614440918,342.4523010253906,121.84992218017578,46.08207702636719,138.02716064453125,213.17086791992188,368.09619140625,263.510009765625,174.01670837402344,142.2726287841797,339.79705810546875,88.3286361694336
2021-04-09,14.364575386047363,246.0636749267578,129.66262817382812,112.75581359863281,310.54559326171875,225.67333984375,44.064327239990234,71.07286071777344,43.80320358276367,344.33892822265625,121.05982208251953,46.13413619995117,139.059326171875,214.92877197265625,370.3763427734375,266.010009765625,175.80824279785156,140.7710418701172,350.4223937988281,89.52745819091797
2021-04-12,15.171582221984863,246.12136840820312,127.94677734375,111.46223449707031,309.6312255859375,233.9933319091797,43.93533706665039,71.58067321777344,43.8094596862793,345.8556823730469,121.5480728149414,46.28160095214844,138.76571655273438,213.91456604003906,370.14251708984375,267.92999267578125,173.26390075683594,141.1115264892578,350.40380859375,90.1185073852539
2021-04-13,15.640924453735352,248.6026611328125,131.0567626953125,111.94937133789062,307.8621520996094,254.10667419433594,44.052513122558594,72.09786224365234,43.67471694946289,346.2348937988281,119.94132995605469,46.05604934692383,137.1106719970703,213.47991943359375,368.4762268066406,267.1000061035156,173.94044494628906,139.22586059570312,348.7462463378906,90.09355926513672
2021-04-14,15.239416122436523,245.81361389160156,128.7169952392578,111.3276596069336,300.9646301269531,244.07666015625,43.356693267822266,72.23892974853516,43.6590461730957,344.3009948730469,120.37631225585938,46.04737091064453,134.54800415039062,214.4071502685547,368.6613464355469,267.5299987792969,174.3883514404297,139.61001586914062,349.7985534667969,89.23405456542969
2021-04-15,16.097551345825195,249.5740203857422,131.12498474121094,113.47982025146484,305.93402099609375,246.28334045410156,43.601959228515625,73.62126159667969,43.92228317260742,349.6384582519531,121.83216094970703,46.264251708984375,135.40223693847656,218.5604705810547,376.622802734375,269.1400146484375,177.1709442138672,140.0203094482422,363.1896057128906,90.0682601928711
2021-04-16,15.87335205078125,250.76658630371094,130.79351806640625,113.35566711425781,304.3040466308594,246.5933380126953,43.49205017089844,74.24188995361328,44.063297271728516,351.45867919921875,121.84104919433594,46.5678825378418,136.40771484375,218.6859893798828,376.3109436035156,272.1099853515625,180.34425354003906,141.6353302001953,364.12091064453125,90.927734375
2021-04-19,15.323960304260254,248.84307861328125,131.45645141601562,113.70377349853516,300.3882141113281,238.2100067138672,41.96689224243164,74.0538101196289,43.7812614440918,350.3494567871094,121.27289581298828,46.845489501953125,135.82931518554688,218.0872039794922,372.4033203125,270.2799987792969,180.7158966064453,142.02818298339844,363.03131103515625,91.517578125
2021-04-20,15.133928298950195,248.38150024414062,129.76986694335938,113.16996002197266,300.7956848144531,239.663330078125,41.536319732666016,74.51461029052734,44.11970901489258,352.416259765625,122.284912109375,46.99296188354492,132.82179260253906,215.66278076171875,367.0145568847656,267.8900146484375,181.64024353027344,145.3368377685547,369.26123046875,91.87147521972656
2021-04-21,15.322711944580078,250.6127471923828,130.15005493164062,113.1371841430664,299.6229248046875,248.0399932861328,41.76613235473633,72.08845520019531,44.248191833496094,354.65362548828125,121.48595428466797,47.37466049194336,133.9518280029297,219.6905975341797,373.3193664550781,272.2099914550781,181.96424865722656,145.43284606933594,371.3844909667969,93.36292266845703
2021-04-22,14.813714981079102,247.3331756591797,128.6291961669922,111.85452270507812,294.7032470703125,239.89666748046875,41.34102249145508,70.40521240234375,43.76872253417969,351.97064208984375,120.27984619140625,47.22718048095703,131.13111877441406,219.8065185546875,373.5727233886719,269.510009765625,178.24778747558594,144.2019805908203,369.2705383300781,92.73094940185547
2021-04-23,15.227694511413574,251.1609344482422,130.9495086669922,114.20879364013672,299.2850341796875,243.13333129882812,42.34204864501953,70.4992446899414,43.84080123901367,353.88568115234375,119.66340637207031,47.25321960449219,133.6404266357422,222.153564453125,377.17822265625,271.9800109863281,179.8391876220703,144.498779296875,372.78131103515625,93.85165405273438
2021-04-26,15.439924240112305,251.54562377929688,131.33944702148438,114.70537567138672,301.1833190917969,246.06666564941406,42.861637115478516,70.05728149414062,43.21719741821289,349.37298583984375,117.26905059814453,46.55052947998047,133.96963500976562,222.4819793701172,377.5777893066406,270.8599853515625,178.40972900390625,143.2765350341797,368.63739013671875,93.8600845336914
2021-04-27,15.343911170959473,251.9495849609375,131.01776123046875,113.76435852050781,301.7100524902344,234.913330078125,42.36202621459961,70.73430633544922,43.364479064941406,350.9752197265625,117.19758605957031,46.48112869262695,134.5835723876953,222.06666564941406,379.1369323730469,273.6499938964844,173.63552856445312,142.45594787597656,367.370849609375,93.90220642089844
2021-04-28,15.239166259765625,244.82302856445312,130.2280731201172,117.14405059814453,305.2184143066406,231.46665954589844,41.7125358581543,70.3111572265625,43.2109260559082,350.38739013671875,117.39414978027344,46.48980712890625,135.4556121826172,225.48587036132812,385.5489807128906,272.95001220703125,172.0536651611328,141.4083709716797,367.4546203613281,94.31510162353516
2021-04-29,15.287049293518066,242.8514404296875,130.13058471679688,118.8185043334961,327.4911193847656,225.6666717529297,42.35657501220703,71.3455581665039,43.75617980957031,354.8907775878906,118.38581085205078,47.07103729248047,138.08946228027344,228.77955627441406,379.0200500488281,277.6000061035156,173.62599182128906,143.34642028808594,373.9360046386719,93.43875885009766
2021-04-30,14.972574234008789,242.53402709960938,128.16128540039062,116.86894989013672,323.0882568359375,236.47999572753906,41.44002914428711,71.27031707763672,43.84392547607422,353.51312255859375,119.1988296508789,46.8281364440918,136.86151123046875,225.5920867919922,372.3058776855469,274.95001220703125,174.169189453125,142.06309509277344,371.3751525878906,93.95276641845703
2021-05-03,14.800250053405762,242.22630310058594,129.2141571044922,116.35150146484375,320.60357666015625,228.3000030517578,40.889549255371094,72.71849060058594,44.5364875793457,360.38214111328125,120.61041259765625,47.26188659667969,136.46109008789062,224.67454528808594,369.71380615234375,279.17999267578125,177.1709442138672,144.2281494140625,377.9868469238281,96.6323013305664
2021-05-04,14.315943717956543,238.31199645996094,124.641845703125,114.55142974853516,316.409423828125,224.53334045410156,40.380859375,73.84695434570312,44.0977668762207,356.55340576171875,120.19942474365234,46.96693420410156,138.34750366210938,224.11428833007812,366.31292724609375,280.260009765625,179.34365844726562,146.46299743652344,383.0527648925781,95.97506713867188
2021-05-05,14.422927856445312,237.04246520996094,124.88558197021484,114.94570922851562,313.0898742675781,223.64666748046875,40.316368103027344,74.46757507324219,44.06016540527344,353.902587890625,119.23458099365234,46.845489501953125,140.1627197265625,221.3905487060547,359.71575927734375,282.760009765625,183.73672485351562,145.85194396972656,384.13299560546875,97.5592041015625
2021-05-06,14.487272262573242,240.17774963378906,126.48444366455078,116.06697082519531,318.0592956542969,221.17999267578125,40.74784851074219,74.98479461669922,44.374752044677734,363.6504821777344,120.73548126220703,47.31393051147461,142.98341369628906,223.42852783203125,365.8938903808594,289.7099914550781,184.76589965820312,146.4368438720703,386.43316650390625,97.8119888305664
2021-05-07,14.775811195373535,242.80335998535156,127.15825653076172,116.79097747802734,317.125,224.1233367919922,41.1111946105957,75.60542297363281,44.107357025146484,365.13250732421875,120.7444076538086,47.28791046142578,143.47274780273438,224.2012481689453,365.8159484863281,290.92999267578125,186.2239227294922,147.1002960205078,388.9288330078125,97.53392028808594
2021-05-10,14.230655670166016,237.72528076171875,123.87700653076172,113.80259704589844,304.0953674316406,209.67999267578125,39.61419677734375,75.37032318115234,44.30240249633789,362.434326171875,122.99581909179688,47.63491439819336,143.45498657226562,218.26101684570312,356.9872131347656,292.3299865722656,185.59495544433594,148.6455078125,391.94610595703125,97.92996215820312
2021-05-11,14.2710542678833,236.8116455078125,122.95903778076172,112.72552490234375,304.65191650390625,205.73333740234375,39.97481918334961,73.05703735351562,43.90285110473633,359.2991027832031,122.38827514648438,47.123085021972656,141.07028198242188,217.7877655029297,358.2248229980469,285.6300048828125,185.58541870117188,147.43206787109375,383.3880615234375,96.80926513671875
2021-05-12,13.724653244018555,229.85818481445312,119.89260864257812,109.2589340209961,300.6962890625,196.6300048828125,38.367916107177734,72.17308807373047,42.76713943481445,353.61767578125,121.09284210205078,46.88018798828125,140.10043334960938,213.10324096679688,347.5153503417969,282.9100036621094,184.10838317871094,146.8384246826172,377.49334716796875,96.86824798583984
2021-05-13,13.631633758544922,233.73402404785156,122.04105377197266,110.6885757446289,303.38970947265625,190.56333923339844,39.114593505859375,73.4802017211914,43.4907341003418,360.5816955566406,123.04049682617188,47.28791046142578,143.7041473388672,216.42100524902344,350.82861328125,286.8999938964844,186.58738708496094,148.3749237060547,380.4640197753906,98.2501449584961
2021-05-14,14.207961082458496,238.65823364257812,124.46293640136719,113.138671875,314.0042419433594,196.5800018310547,40.11561965942383,74.18547821044922,43.89342498779297,365.2275390625,123.29959869384766,47.478759765625,145.93756103515625,219.51634216308594,354.6192626953125,290.67999267578125,187.80299377441406,148.6018829345703,381.61871337890625,98.1069107055664
2021-05-17,14.13065242767334,235.80178833007812,123.31060791015625,113.66206359863281,313.5271911621094,192.27667236328125,39.963016510009766,74.36415100097656,43.695220947265625,364.79052734375,123.04943084716797,47.40068817138672,146.5248260498047,219.03273010253906,354.02484130859375,289.2200012207031,187.15211486816406,148.75027465820312,380.5291442871094,98.49452209472656
2021-05-18,13.981269836425781,233.7821044921875,121.92388153076172,112.3486099243164,308.06085205078125,192.6233367919922,39.399818420410156,73.9974136352539,44.64531707763672,363.69793701171875,121.78971099853516,47.140438079833984,144.46051025390625,218.191162109375,353.8006896972656,287.5899963378906,186.29067993164062,148.80267333984375,382.1587219238281,98.76417541503906
2021-05-19,14.031147003173828,234.3605194091797,121.76764678955078,112.79702758789062,311.66864013671875,187.82000732421875,40.12471008300781,74.0444107055664,44.64847183227539,360.7051696777344,122.03987884521484,46.99296188354492,143.35711669921875,217.24322509765625,351.7640686035156,286.2200012207031,188.09010314941406,148.47962951660156,381.3393249511719,97.61819458007812
2021-05-20,14.576550483703613,237.59945678710938,124.32621002197266,114.55738830566406,316.65789794921875,195.5933380126953,41.331024169921875,74.0256118774414,44.80576705932617,364.429443359375,123.29063415527344,47.409366607666016,143.1079559326172,219.03273010253906,358.31256103515625,286.7300109863281,190.980712890625,149.34390258789062,380.53851318359375,98.67988586425781
2021-05-21,14.954869270324707,236.33665466308594,122.49028015136719,113.9207763671875,314.29248046875,193.6266632080078,40.989479064941406,74.317138671875,44.5949821472168,361.7122497558594,123.29063415527344,47.38334655761719,144.736328125,219.35191345214844,358.21502685546875,287.739990234375,191.31573486328125,149.24789428710938,383.3227844238281,97.84569549560547
2021-05-24,15.573593139648438,241.74453735351562,124.12113189697266,117.24337005615234,322.6409606933594,202.14666748046875,41.71163558959961,74.64625549316406,44.59812927246094,364.3060302734375,123.25492095947266,47.53949737548828,145.51934814453125,221.81846618652344,362.8730163574219,289.7300109863281,192.40687561035156,149.81887817382812,382.68963623046875,97.66874694824219
2021-05-25,15.609254837036133,242.65066528320312,123.92583465576172,117.33423614501953,325.7817077636719,201.56333923339844,41.74342346191406,74.12904357910156,44.78060531616211,366.1396179199219,123.67479705810547,47.53081512451172,144.0155792236328,221.52830505371094,357.8446960449219,287.20001220703125,190.6840057373047,149.40599060058594,384.6452331542969,96.53120422363281
2021-05-26,15.661375045776367,242.42897033691406,123.87700653076172,118.20025634765625,325.6524658203125,206.3766632080078,41.8297233581543,74.53340148925781,44.72712707519531,366.36767578125,123.3978271484375,47.7390251159668,143.99777221679688,219.64210510253906,353.3913879394531,287.3299865722656,192.37815856933594,148.51878356933594,384.7941589355469,96.6491470336914
2021-05-27,15.449897766113281,240.3275146484375,122.34379577636719,117.32479858398438,330.7112731933594,210.28334045410156,42.48284912109375,74.27011108398438,44.576114654541016,368.15380859375,120.592529296875,48.13807678222656,146.2401123046875,219.43893432617188,352.7580871582031,289.29998779296875,190.6648712158203,148.29037475585938,384.3191833496094,94.64371490478516
2021-05-28,16.20454216003418,240.68418884277344,121.68951416015625,117.03529357910156,326.71588134765625,208.4066619873047,42.905242919921875,74.0444107055664,44.68307876586914,359.38458251953125,120.47640228271484,47.964569091796875,146.1422119140625,219.86459350585938,351.374267578125,289.44000244140625,191.1817169189453,148.67689514160156,383.5929260253906,95.38524627685547
2021-06-01,16.2244873046875,238.4862823486328,121.36724090576172,118.24346160888672,327.1134338378906,207.96665954589844,42.54007339477539,74.82492065429688,44.56667709350586,359.34661865234375,118.7164077758789,47.955894470214844,147.75279235839844,219.21646118164062,350.6044921875,289.8399963378906,189.9182891845703,145.4091033935547,378.7505187988281,94.55103302001953
2021-06-02,16.73697280883789,238.38990783691406,122.12894439697266,117.71759033203125,327.13330078125,201.7066650390625,43.032413482666016,75.48319244384766,44.46914291381836,361.5887451171875,119.23458099365234,48.146751403808594,147.76165771484375,222.14735412597656,357.4842529296875,290.0199890136719,190.597900390625,145.9976043701172,377.9403991699219,93.86849212646484
2021-06-03,16.928007125854492,236.8572235107422,120.64456939697266,116.57496643066406,324.0423278808594,190.94667053222656,42.221229553222656,76.2542724609375,44.54780578613281,364.70501708984375,121.36980438232422,48.2681999206543,147.85955810546875,220.6480712890625,352.58258056640625,291.9700012207031,194.01490783691406,145.85711669921875,379.9052429199219,94.55103302001953
2021-06-04,17.535009384155273,241.754150390625,122.93949127197266,118.85871887207031,328.3259582519531,199.68333435058594,43.147769927978516,77.94693756103516,44.6264533996582,368.17279052734375,121.45915985107422,48.78870391845703,148.0998077392578,222.6116943359375,356.6754455566406,292.5199890136719,193.3640594482422,145.79559326171875,377.7447509765625,94.67741394042969
2021-06-07,17.575658798217773,244.66534423828125,122.94927215576172,119.2922134399414,334.51776123046875,201.7100067138672,42.12858200073242,78.93431854248047,44.327579498291016,361.40826416015625,121.8790512084961,48.615196228027344,147.40574645996094,223.75306701660156,354.784912109375,289.4599914550781,212.98568725585938,144.80296325683594,372.72540283203125,95.22513580322266
2021-06-08,17.41405487060547,243.47003173828125,123.76957702636719,119.10054779052734,331.63555908203125,201.19667053222656,42.105873107910156,79.5643539428711,43.99094772338867,360.74322509765625,120.46745300292969,48.276878356933594,146.81846618652344,224.45921325683594,355.93475341796875,289.19000244140625,211.24363708496094,143.5291748046875,374.1130065917969,94.66056060791016
2021-06-09,17.31951904296875,244.4532928466797,124.15044403076172,119.57229614257812,328.2265625,199.5933380126953,42.14220428466797,79.47972869873047,43.75499725341797,360.9902038574219,120.42280578613281,48.129398345947266,144.9854736328125,224.710693359375,354.0541076660156,288.5799865722656,216.31654357910156,145.46177673339844,373.5169982910156,96.05931091308594
2021-06-10,17.386117935180664,247.9717559814453,123.15435028076172,120.9224853515625,330.42303466796875,203.3733367919922,42.57276916503906,77.39210510253906,44.006683349609375,363.8879699707031,121.31621551513672,48.50242614746094,142.725341796875,226.2970428466797,354.9993591308594,284.9100036621094,223.53347778320312,146.7706756591797,373.88006591796875,97.94681549072266
2021-06-11,17.78547477722168,248.59837341308594,124.36528015136719,120.67768096923828,329.2303771972656,203.29666137695312,42.75716781616211,77.95635223388672,44.28038787841797,362.7667541503906,120.48532104492188,48.71931076049805,142.62747192382812,227.2739715576172,356.16864013671875,286.82000732421875,214.4884033203125,144.9083709716797,370.5277404785156,97.25586700439453
2021-06-14,17.978538513183594,250.52630615234375,127.42192077636719,121.60676574707031,334.7066345214844,205.89666748046875,43.22317123413086,77.69303894042969,44.220611572265625,364.60052490234375,120.53002166748047,48.55324172973633,140.2071990966797,226.4228057861328,357.1626281738281,283.5299987792969,216.41229248046875,145.26853942871094,371.71038818359375,97.23899841308594
2021-06-15,17.748802185058594,249.0513916015625,126.60161590576172,120.5877914428711,334.6867370605469,199.7866668701172,42.76080322265625,76.77147674560547,44.04444122314453,364.74298095703125,120.2977066040039,48.43087387084961,138.08055114746094,225.35874938964844,358.7218017578125,283.94000244140625,213.94281005859375,144.4954833984375,372.7533874511719,97.6013412475586
2021-06-16,17.770505905151367,248.10670471191406,127.09964752197266,119.94522857666016,329.0514831542969,201.6233367919922,42.30752944946289,72.48341369628906,43.14781188964844,360.4676818847656,118.6270523071289,47.784080505371094,139.05044555664062,222.08934020996094,354.53155517578125,283.1099853515625,211.3011016845703,144.44277954101562,369.93170166015625,97.34854125976562
2021-06-17,18.61562156677246,251.4999237060547,128.7012176513672,120.9095687866211,334.4482727050781,205.53334045410156,42.79986572265625,72.93478393554688,43.3271369934082,365.54107666015625,119.70806884765625,48.02880859375,135.0373992919922,224.555908203125,357.9129943847656,278.69000244140625,212.68898010253906,145.1367950439453,370.02484130859375,96.81768798828125
2021-06-18,18.597158432006836,250.08291625976562,127.40239715576172,119.28826141357422,327.6402282714844,207.77000427246094,42.1031379699707,71.68408966064453,42.52490234375,361.8643493652344,117.95698547363281,46.9974365234375,131.6205291748047,222.87283325195312,358.0396423339844,274.0400085449219,209.18577575683594,142.2906036376953,363.921630859375,95.31782531738281
2021-06-21,18.386131286621094,253.16757202148438,129.19924926757812,120.97809600830078,330.25408935546875,206.94332885742188,42.534339904785156,73.3391342163086,42.91185760498047,367.48870849609375,118.88613891601562,47.513126373291016,133.8539581298828,226.65492248535156,363.5649108886719,277.1000061035156,213.12930297851562,143.92449951171875,372.05303955078125,96.67444610595703
2021-06-22,18.8445987701416,255.9438018798828,130.8399200439453,121.4925537109375,336.9527587890625,207.90333557128906,42.519691467285156,73.98799896240234,43.110069274902344,372.6000671386719,118.9307861328125,47.68793869018555,133.65823364257812,228.2122802734375,368.3885498046875,276.9200134277344,211.95196533203125,143.73126220703125,372.63250732421875,96.6491470336914
2021-06-23,19.01472282409668,255.7124786376953,130.56643676757812,121.29045104980469,338.5032043457031,218.85667419433594,42.72200012207031,73.44258880615234,42.7734375,372.4005126953125,118.76103973388672,47.30335235595703,134.4679412841797,227.0031280517578,365.5625915527344,274.6600036621094,207.7979278564453,142.86158752441406,369.7070617675781,96.05931091308594
2021-06-24,19.162643432617188,257.0812683105469,130.2832794189453,121.660888671875,341.07733154296875,226.60667419433594,43.033267974853516,73.10403442382812,43.07230758666992,372.49560546875,118.84144592285156,47.539337158203125,135.70474243164062,228.51210021972656,365.18255615234375,275.489990234375,222.98793029785156,143.5116729736328,372.8007507324219,96.68286895751953
2021-06-25,18.98853874206543,255.4714813232422,129.99029541015625,121.66932678222656,339.2784423828125,223.9566650390625,42.31370162963867,73.78111267089844,43.581966400146484,374.81378173828125,120.53893280029297,47.47816467285156,137.07505798339844,229.55682373046875,369.9183654785156,278.3800048828125,220.35577392578125,144.24952697753906,378.4833679199219,95.19986724853516
2021-06-28,19.940404891967773,259.0381774902344,131.6211395263672,121.69664764404297,353.4610290527344,229.57333374023438,43.28411102294922,73.81873321533203,43.446685791015625,376.742431640625,120.89630889892578,47.425716400146484,137.32420349121094,226.43247985839844,358.29302978515625,276.6099853515625,218.44140625,144.08265686035156,375.22149658203125,95.21670532226562
2021-06-29,19.982059478759766,261.62158203125,133.1348114013672,121.43495178222656,349.7340087890625,226.9199981689453,43.68235397338867,73.44258880615234,43.19500732421875,378.8800964355469,120.0743637084961,47.07609558105469,137.15518188476562,228.2316131591797,358.6048583984375,276.2099914550781,219.5421905517578,144.09141540527344,372.0810546875,94.62687683105469
2021-06-30,19.95786476135254,261.1396179199219,133.7500762939453,121.25320434570312,345.5795593261719,226.56666564941406,43.65397644042969,73.19808959960938,44.365333557128906,375.9159240722656,120.54783630371094,47.29461669921875,138.40084838867188,226.1713104248047,355.7691345214844,277.9200134277344,219.6857452392578,144.7151336669922,374.2681579589844,94.91336059570312
2021-07-01,20.166902542114258,261.8144226074219,134.0527801513672,121.60578918457031,352.21868896484375,225.97332763671875,42.99482727050781,74.79672241210938,43.83049774169922,374.8327941894531,120.82484436035156,47.16350173950195,139.77120971679688,227.457763671875,361.2456359863281,280.1700134277344,221.22677612304688,145.7867889404297,378.4273376464844,96.2784194946289
2021-07-02,20.4412841796875,267.64642333984375,136.6797332763672,124.39950561523438,352.52679443359375,226.3000030517578,42.86024856567383,76.94074249267578,44.079044342041016,379.02264404296875,121.41446685791016,47.35579299926758,139.636962890625,230.823974609375,365.4554138183594,279.1199951171875,223.93548583984375,148.43971252441406,382.6050720214844,97.0451889038086
2021-07-06,20.65230941772461,267.6560974121094,138.6914520263672,125.32562255859375,350.6185607910156,219.86000061035156,43.32805633544922,78.12560272216797,44.02555847167969,378.9466552734375,121.48595428466797,47.09357833862305,137.29220581054688,231.76220703125,366.51751708984375,277.32000732421875,225.33294677734375,147.55245971679688,383.4462890625,97.51707458496094
2021-07-07,20.326292037963867,269.8443298339844,141.1817169189453,125.607666015625,348.342529296875,214.88333129882812,42.98566436767578,80.95610809326172,43.95319747924805,384.47607421875,122.39724731445312,47.47816467285156,137.45327758789062,232.14913940429688,364.37371826171875,279.239990234375,225.71583557128906,148.8174285888672,384.75482177734375,98.37654113769531
2021-07-08,19.85833740234375,267.42474365234375,139.8828887939453,124.18746948242188,343.5321960449219,217.60333251953125,43.07355499267578,80.48592376708984,43.91544723510742,386.82275390625,122.37935638427734,47.31208801269531,135.0817108154297,228.87002563476562,361.1639404296875,274.1000061035156,226.96011352539062,148.5275421142578,383.1565856933594,98.03949737548828
2021-07-09,20.005504608154297,267.9259948730469,141.70901489257812,124.65870666503906,348.27301025390625,218.98333740234375,43.95975112915039,82.52652740478516,44.13881301879883,391.7820739746094,122.42405700683594,47.60052490234375,139.40426635742188,230.669189453125,363.8468933105469,280.489990234375,224.92138671875,149.11611938476562,385.1754150390625,98.2332992553711
2021-07-12,20.46672821044922,267.3282775878906,141.1133270263672,126.10574340820312,350.9962463378906,228.56666564941406,44.46967697143555,81.8870849609375,44.0601692199707,387.51629638671875,122.5223159790039,47.61800765991211,141.3999786376953,230.08877563476562,366.4029846191406,280.1099853515625,225.8976593017578,148.87889099121094,388.8485412597656,99.11805725097656
2021-07-13,20.204814910888672,270.8564453125,142.22662353515625,126.46923065185547,349.9327392578125,222.84666442871094,44.31037521362305,81.8776626586914,44.22690200805664,386.7371826171875,122.37042999267578,48.089996337890625,139.29685974121094,234.42227172851562,374.3542785644531,279.2099914550781,225.2180633544922,148.69448852539062,391.1851501464844,99.35401153564453
2021-07-14,19.797224044799805,272.3312683105469,145.65435791015625,127.35859680175781,345.5000915527344,217.7933349609375,44.08882522583008,83.32173156738281,44.532066345214844,389.4829406738281,123.27276611328125,49.17380905151367,138.8225555419922,237.9431915283203,381.27142333984375,278.30999755859375,226.22311401367188,149.70468139648438,387.6335144042969,99.9930191040039
2021-07-15,18.92392921447754,270.9046630859375,145.0000762939453,126.13501739501953,342.34954833984375,216.86666870117188,43.69975280761719,81.39631652832031,44.56667709350586,391.2595520019531,124.32698822021484,49.33113479614258,139.12684631347656,240.41943359375,380.7153015136719,279.7200012207031,221.55218505859375,147.9038543701172,392.596435546875,99.83964538574219
2021-07-16,18.12047576904297,270.6347351074219,142.95904541015625,126.10028076171875,339.0697021484375,214.74000549316406,42.851097106933594,82.57611083984375,44.53520965576172,389.8819580078125,125.5330810546875,49.29617691040039,135.9498291015625,240.00352478027344,377.6810607910156,277.8999938964844,222.499755859375,147.6666717529297,392.2693176269531,100.11229705810547
2021-07-19,18.737842559814453,267.0295104980469,139.1113739013672,123.72466278076172,334.8855285644531,215.4066619873047,42.63138198852539,82.09476470947266,44.431400299072266,393.47332763671875,125.47054290771484,48.71056365966797,131.52879333496094,232.5457305908203,356.5395202636719,272.6600036621094,224.10777282714844,146.59498596191406,382.3247375488281,98.34010314941406
2021-07-20,18.57046890258789,269.2562561035156,142.72467041015625,125.3449935913086,339.56671142578125,220.1666717529297,42.89870071411133,83.68041229248047,44.63274383544922,395.4588317871094,124.80052185058594,48.7979736328125,133.98094177246094,234.76077270507812,365.2615051269531,276.8900146484375,224.95008850097656,147.97410583496094,385.9791259765625,98.87687683105469
2021-07-21,19.36668586730957,271.2613220214844,141.9922637939453,126.6753158569336,344.1086730957031,218.42999267578125,43.853546142578125,84.65254974365234,44.41252136230469,394.2904052734375,124.36270904541016,49.427276611328125,136.8000030517578,235.68939208984375,370.7932434082031,279.8800048828125,227.1228485107422,148.8877410888672,387.54010009765625,99.67776489257812
2021-07-22,19.550277709960938,275.83050537109375,143.35943603515625,127.54182434082031,349.0382995605469,216.4199981689453,43.60728073120117,85.59638977050781,44.44397735595703,396.6939697265625,123.88626861572266,49.357357025146484,135.07276916503906,236.15370178222656,372.8420715332031,277.70001220703125,228.2714385986328,149.31814575195312,388.59613037109375,100.14636993408203
2021-07-23,19.514354705810547,279.2333679199219,145.0781707763672,132.10386657714844,367.52435302734375,214.4600067138672,44.23163604736328,82.7648696899414,44.80891799926758,402.2898864746094,125.67530822753906,49.8293342590332,134.81326293945312,240.8740692138672,383.67144775390625,278.489990234375,233.68887329101562,150.90814208984375,390.40008544921875,100.7001953125
2021-07-26,19.250946044921875,278.63568115234375,145.49813842773438,133.11688232421875,370.17791748046875,219.2066650390625,44.14834213256836,82.9253158569336,44.8718376159668,402.09991455078125,126.11587524414062,49.87303924560547,135.7171173095703,242.06382751464844,383.2226257324219,278.79998779296875,232.7891845703125,150.9783935546875,386.51202392578125,100.35938262939453
2021-07-27,19.165138244628906,276.21612548828125,143.33013916015625,130.9965057373047,365.5564270019531,214.92666625976562,43.51847839355469,82.86870574951172,44.87498474121094,403.15447998046875,126.6282730102539,50.0478515625,135.53814697265625,242.72157287597656,380.7543029785156,280.7799987792969,233.14334106445312,151.67239379882812,387.9700012207031,100.50421905517578
2021-07-28,19.459482192993164,275.9076843261719,141.5821075439453,135.16177368164062,370.992919921875,215.66000366210938,43.72812271118164,82.28352355957031,44.6925163269043,401.140380859375,124.74929809570312,49.59335708618164,135.76185607910156,238.86209106445312,374.0908508300781,278.1000061035156,235.94773864746094,151.250732421875,382.42755126953125,101.00690460205078
2021-07-29,19.618122100830078,276.1775207519531,142.22662353515625,134.8474578857422,356.1246032714844,225.78334045410156,44.31953048706055,82.7082290649414,44.749141693115234,404.80499267578125,125.39663696289062,49.86430740356445,136.92529296875,239.81002807617188,379.32989501953125,279.760009765625,234.8183135986328,151.250732421875,385.1473388671875,101.27955627441406
2021-07-30,19.455488204956055,274.64483642578125,142.44146728515625,133.80364990234375,354.116943359375,229.06666564941406,44.4376220703125,82.2457504272461,44.8466682434082,409.0312194824219,127.86894226074219,49.84682083129883,135.83346557617188,238.33010864257812,376.52996826171875,278.2900085449219,233.0667724609375,151.26832580566406,385.27825927734375,99.08985900878906
2021-08-02,19.7059326171875,274.55810546875,142.10943603515625,133.93077087402344,349.7936706542969,236.55667114257812,44.371707916259766,82.67992401123047,44.74284362792969,408.26971435546875,127.55431365966797,49.715721130371094,135.28753662109375,231.93629455566406,366.11029052734375,278.1400146484375,236.03390502929688,151.32981872558594,388.4093017578125,98.36564636230469
2021-08-03,19.770788192749023,276.77520751953125,143.9063262939453,134.70095825195312,349.08795166015625,236.5800018310547,44.564876556396484,84.6997299194336,45.2462158203125,414.1236572265625,129.41526794433594,49.75067138671875,136.82684326171875,229.33433532714844,358.6370849609375,281.79998779296875,245.02162170410156,153.19212341308594,394.32550048828125,99.04724884033203
2021-08-04,20.228755950927734,276.18719482421875,143.5059051513672,134.19992065429688,356.7209777832031,236.97332763671875,44.6573371887207,84.99231719970703,44.93791198730469,414.09515380859375,128.0487518310547,49.03396224975586,135.3502197265625,228.92803955078125,359.0370788574219,278.7799987792969,251.22393798828125,152.28733825683594,393.98907470703125,98.05039978027344
2021-08-05,20.5909481048584,279.0887756347656,143.6133575439453,135.3181915283203,360.7460632324219,238.2100067138672,44.64544677734375,84.40714263916016,45.7716064453125,421.8527526855469,128.11167907714844,49.383575439453125,137.05953979492188,232.35227966308594,362.87127685546875,280.2099914550781,252.8702392578125,152.57720947265625,384.3155822753906,98.08448028564453
2021-08-06,20.3205509185791,279.0308837890625,142.9287109375,134.80870056152344,361.2828369140625,233.03334045410156,44.440372467041016,84.4920883178711,45.6898078918457,418.4642028808594,127.13175201416016,49.50594711303711,140.95249938964844,233.50332641601562,365.3981018066406,285.6300048828125,252.15240478515625,152.06765747070312,387.98858642578125,97.51364135742188
2021-08-09,20.249713897705078,277.9415283203125,142.87979125976562,135.9751739501953,359.3943786621094,237.9199981689453,44.371707916259766,84.85076141357422,45.79991912841797,419.2637023925781,127.82398223876953,49.514686584472656,140.80038452148438,232.14913940429688,361.6419677734375,287.2300109863281,255.71292114257812,152.5947723388672,384.0164489746094,97.18134307861328
2021-08-10,19.891517639160156,276.1197204589844,142.40060424804688,135.86990356445312,358.91741943359375,236.663330078125,44.15016555786133,84.6053466796875,46.77518844604492,421.7004089355469,127.90492248535156,49.64579391479492,142.52760314941406,230.2822723388672,358.8711853027344,288.94000244140625,257.9048767089844,152.6475067138672,384.86700439453125,97.8288803100586
2021-08-11,19.655038833618164,276.6112976074219,142.65489196777344,135.34552001953125,357.7545471191406,235.94000244140625,44.26826477050781,84.59591674804688,47.193607330322266,422.90924072265625,128.2196044921875,49.58461380004883,144.22793579101562,227.3707275390625,355.3590087890625,291.2799987792969,252.7841033935547,152.673828125,381.09100341796875,96.89167022705078
2021-08-12,19.86058235168457,279.3682556152344,145.61831665039062,136.25424194335938,360.42803955078125,240.75,44.333255767822266,84.76578521728516,47.06730651855469,423.91815185546875,128.51626586914062,49.680747985839844,144.79176330566406,224.51333618164062,353.1541442871094,290.239990234375,252.99534606933594,153.90365600585938,379.4273986816406,98.52754974365234
2021-08-13,20.1429500579834,282.29876708984375,145.82369995117188,136.78408813476562,360.954833984375,239.05667114257812,44.50720977783203,85.30378723144531,47.21571350097656,426.259765625,129.13656616210938,50.021636962890625,143.17193603515625,225.34632873535156,353.90533447265625,287.8900146484375,253.70594787597656,154.82603454589844,382.8948669433594,99.24322509765625
2021-08-16,19.90548324584961,283.9857177734375,147.7992706298828,137.3621063232422,364.3140869140625,228.72332763671875,44.68846893310547,85.71906280517578,47.60093688964844,431.0571594238281,130.03561401367188,50.24014663696289,142.23226928710938,227.97128295898438,354.6955261230469,289.45001220703125,259.2080993652344,156.2227325439453,389.942138671875,100.88763427734375
2021-08-17,19.414579391479492,282.52044677734375,146.8897247314453,135.7253875732422,356.2538146972656,221.90333557128906,43.823341369628906,85.8417739868164,47.58515167236328,430.5621643066406,130.2513885498047,50.065338134765625,140.51394653320312,227.1673126220703,354.37359619140625,289.1000061035156,261.8679504394531,157.6546173095703,394.2134094238281,101.9526596069336
2021-08-18,18.997509002685547,280.7917175292969,143.14389038085938,134.52120971679688,353.2721862792969,229.663330078125,42.93348693847656,83.9446792602539,47.07993698120117,424.7273254394531,128.83090209960938,49.383575439453125,139.2342071533203,224.35836791992188,352.1492004394531,286.3599853515625,257.84454345703125,155.65176391601562,390.0448913574219,99.9333724975586
2021-08-19,19.75381851196289,286.6251525878906,143.47642517089844,134.75059509277344,352.9442138671875,224.49000549316406,43.350948333740234,83.72758483886719,47.39885330200195,432.3897705078125,130.3502655029297,49.69823455810547,138.07080078125,224.3002471923828,348.5979309082031,285.1300048828125,259.6498107910156,156.86402893066406,399.924072265625,100.47865295410156
2021-08-20,20.76955223083496,293.95574951171875,144.93368530273438,136.48814392089844,357.1681823730469,226.75332641601562,43.5010871887207,83.9446792602539,47.82197570800781,436.8919982910156,130.44020080566406,49.50594711303711,138.46456909179688,224.09683227539062,346.3345031738281,285.2699890136719,260.1395568847656,157.6282501220703,401.6250915527344,101.23695373535156
2021-08-23,21.908998489379883,294.2358703613281,146.42030334472656,139.08224487304688,361.123779296875,235.43333435058594,44.16755676269531,84.11455535888672,47.506221771240234,433.0274963378906,129.77490234375,49.33113479614258,140.23655700683594,226.78956604003906,352.2077331542969,285.6199951171875,257.1723937988281,156.94784545898438,397.5594482421875,101.69705963134766
2021-08-24,21.744365692138672,292.275146484375,146.33224487304688,140.29388427734375,363.27056884765625,236.163330078125,44.07418441772461,83.57656860351562,47.016780853271484,430.0386657714844,128.7230224609375,48.955299377441406,141.1046600341797,226.88638305664062,352.958984375,286.0199890136719,252.3231964111328,154.98609924316406,395.73687744140625,101.96969604492188
2021-08-25,22.163429260253906,291.6861267089844,145.09991455078125,141.1057891845703,366.1329040527344,237.06666564941406,44.25544357299805,83.64263916015625,47.03573226928711,429.5055847167969,128.26455688476562,49.00773620605469,144.01319885253906,225.28823852539062,350.3443298339844,287.29998779296875,253.37950134277344,153.96104431152344,392.30670166015625,102.5831527709961
2021-08-26,22.018754959106445,288.8658752441406,144.29798889160156,140.47166442871094,362.1474609375,233.72000122070312,44.46875,83.73700714111328,46.5273551940918,427.67803955078125,128.039794921875,48.544498443603516,144.75596618652344,223.28321838378906,344.2564697265625,285.2699890136719,250.9308319091797,153.1392364501953,389.6056213378906,102.5831527709961
2021-08-27,22.585487365722656,289.474365234375,145.33468627929688,143.017578125,370.346923828125,237.30667114257812,45.402549743652344,84.33163452148438,46.26527786254883,428.658447265625,127.94087982177734,48.640647888183594,145.9193878173828,225.38510131835938,347.0566101074219,286.6000061035156,249.42323303222656,152.812255859375,391.39080810546875,101.88449096679688
2021-08-30,22.637367248535156,293.2120361328125,149.75534057617188,143.60006713867188,378.3277282714844,243.6366729736328,45.67261505126953,84.42601776123047,46.63787078857422,433.9793395996094,128.4982452392578,49.103885650634766,143.5836181640625,223.97093200683594,344.4418640136719,285.6600036621094,251.88140869140625,153.45736694335938,390.9608459472656,102.72799682617188
2021-08-31,22.338987350463867,291.5604553222656,148.49368286132812,143.70631408691406,377.0555725097656,245.24000549316406,45.51881408691406,84.1240005493164,46.76417541503906,433.560546875,128.01280212402344,49.21751022338867,143.14512634277344,221.9077911376953,337.7880859375,285.7699890136719,248.02127075195312,152.989013671875,389.0634765625,102.90692138671875
2021-09-01,22.394874572753906,291.5122375488281,149.15875244140625,144.22079467773438,379.70916748046875,244.69667053222656,45.14804458618164,84.89793395996094,46.66313171386719,434.5409851074219,129.31637573242188,49.549644470214844,142.9392852783203,222.895751953125,341.04669189453125,285.260009765625,247.1666259765625,153.52804565429688,390.0729675292969,95.65624237060547
2021-09-02,22.349966049194336,290.8554992675781,150.27374267578125,142.3054962158203,372.98065185546875,244.1300048828125,45.032691955566406,84.75636291503906,46.909423828125,438.77667236328125,129.41526794433594,49.61956787109375,143.6015167236328,217.1422119140625,332.95880126953125,285.04998779296875,249.25035095214844,154.57960510253906,396.01727294921875,95.44322204589844
2021-09-03,22.796045303344727,290.8457336425781,150.909423828125,142.75489807128906,373.9547119140625,244.52333068847656,45.56184387207031,84.94512176513672,47.127296447753906,440.28057861328125,129.50518798828125,49.58461380004883,142.73341369628906,218.0430450439453,331.9344482421875,281.8900146484375,249.21202087402344,154.67678833007812,395.2228088378906,95.1024169921875
2021-09-07,22.61541748046875,289.91864013671875,153.24688720703125,143.29220581054688,379.83843994140625,250.97332763671875,45.462059020996094,83.73700714111328,46.50209045410156,437.4726867675781,129.0197296142578,48.658119201660156,142.4828338623047,219.16659545898438,336.30523681640625,278.8999938964844,244.6700439453125,152.27325439453125,393.70867919921875,92.89567565917969
2021-09-08,22.293081283569336,289.9476623535156,151.70159912109375,142.7067413330078,375.2566833496094,251.2899932861328,45.259727478027344,84.44489288330078,46.56208801269531,443.279052734375,129.99964904785156,49.31365966796875,141.8474578857422,221.89805603027344,342.4808349609375,279.3399963378906,244.70846557617188,151.90208435058594,388.2411193847656,94.02886962890625
2021-09-09,22.131418228149414,287.0887756347656,150.68447875976562,142.55775451660156,375.6840515136719,251.6199951171875,45.178253173828125,84.51097106933594,46.23369598388672,443.5074157714844,129.4512481689453,48.82419204711914,142.46495056152344,220.3483428955078,342.8418273925781,278.6099853515625,230.45846557617188,148.51766967773438,387.45599365234375,91.3961181640625
2021-09-10,22.431798934936523,285.6014099121094,145.69654846191406,139.91102600097656,376.36981201171875,245.42333984375,45.6048698425293,84.64310455322266,46.06635284423828,442.7649841308594,129.5771026611328,48.605682373046875,140.82720947265625,217.84930419921875,338.9198303222656,277.6000061035156,229.97830200195312,147.54563903808594,378.83648681640625,90.89344024658203
2021-09-13,22.10646629333496,286.837646484375,146.26377868652344,141.35755920410156,374.20318603515625,247.6666717529297,45.67903137207031,83.89746856689453,45.804256439208984,437.5298156738281,130.97059631347656,49.00773620605469,143.06454467773438,217.57809448242188,339.3394470214844,279.9200134277344,228.4995574951172,146.51174926757812,388.7878112792969,91.57506561279297
2021-09-14,22.196285247802734,289.5420227050781,144.86520385742188,141.56808471679688,374.2229919433594,248.163330078125,45.94542694091797,81.53787231445312,45.56428146362305,436.34002685546875,130.745849609375,49.04296112060547,140.56768798828125,216.0283660888672,337.3686218261719,277.20001220703125,223.82315063476562,145.6280975341797,386.9306945800781,90.7230453491211
2021-09-15,22.295076370239258,294.3999938964844,145.7552032470703,143.440185546875,371.6290283203125,251.94332885742188,46.66591262817383,82.8026351928711,45.64322280883789,438.5482482910156,130.46713256835938,49.21028518676758,141.5431365966797,216.78387451171875,336.34423828125,278.17999267578125,224.437744140625,146.17596435546875,391.6015319824219,91.8221435546875
2021-09-16,22.196285247802734,294.7863464355469,145.52047729492188,142.62628173828125,370.7742614746094,252.3300018310547,46.447113037109375,82.34959411621094,45.7947883605957,441.0040283203125,129.55914306640625,48.7435417175293,141.4805145263672,217.2875518798828,337.8661804199219,277.510009765625,221.8546600341797,145.99923706054688,390.96380615234375,92.08625793457031
2021-09-17,21.854984283447266,289.6192626953125,142.85047912597656,139.83555603027344,362.48541259765625,253.163330078125,46.323524475097656,81.53787231445312,45.7000617980957,437.3870849609375,129.76588439941406,47.9421501159668,141.1135711669922,214.7885284423828,334.6759033203125,276.760009765625,220.95204162597656,145.5838623046875,394.07763671875,91.7880630493164
2021-09-20,21.069602966308594,284.2395935058594,139.7990264892578,137.769287109375,353.5206604003906,243.38999938964844,45.30000686645508,81.33024597167969,45.07170486450195,429.4199523925781,128.4623260498047,47.607513427734375,136.88951110839844,213.1418914794922,331.4075927734375,274.20001220703125,222.43080139160156,144.7532501220703,387.080810546875,90.65486907958984
2021-09-21,21.202327728271484,284.7225341796875,140.2782745361328,138.08065795898438,355.28973388671875,246.4600067138672,45.27880859375,82.0381088256836,45.16011047363281,430.34326171875,128.66012573242188,47.598716735839844,136.9074249267578,213.2581329345703,329.1539611816406,273.17999267578125,221.01925659179688,145.38946533203125,386.7431335449219,91.29389953613281
2021-09-22,21.89590072631836,288.37335205078125,142.64511108398438,139.32257080078125,341.1071472167969,250.64666748046875,46.16410827636719,83.47274780273438,45.05591583251953,430.55267333984375,129.10064697265625,47.669158935546875,139.52952575683594,215.75717163085938,335.036865234375,274.07000732421875,219.22361755371094,144.8592987060547,383.32904052734375,90.66339111328125
2021-09-23,22.4357852935791,289.31982421875,143.6035614013672,140.24868774414062,343.8403015136719,251.2133331298828,46.50624465942383,84.397705078125,45.0811653137207,430.98101806640625,129.63104248046875,47.589908599853516,144.24583435058594,221.142578125,345.4369812011719,278.1199951171875,222.9493408203125,145.68109130859375,382.70068359375,91.47280883789062
2021-09-24,22.035612106323242,289.11700439453125,143.69158935546875,141.24085998535156,350.79742431640625,258.1300048828125,46.563419342041016,84.88850402832031,45.20746612548828,445.230224609375,129.0556640625,47.45781326293945,145.91046142578125,224.31959533691406,349.42724609375,277.8699951171875,222.46920776367188,145.2392578125,381.80963134765625,91.2257308959961
2021-09-27,21.615478515625,284.1140441894531,142.17564392089844,140.10568237304688,351.4136047363281,263.78668212890625,46.55695724487305,85.92672729492188,44.91697311401367,438.3864440917969,127.35650634765625,47.21123123168945,149.43649291992188,222.39208984375,348.07110595703125,279.7200012207031,217.3991241455078,144.18771362304688,380.11199951171875,91.77954864501953
2021-09-28,20.65645408630371,273.828125,138.7916717529297,134.8995819091797,338.5628356933594,259.1866760253906,45.28157043457031,85.40760040283203,44.36438751220703,425.81243896484375,126.3945541381836,46.35700607299805,148.63104248046875,218.47891235351562,342.617431640625,276.7900085449219,212.78997802734375,143.86956787109375,373.8747863769531,91.45576477050781
2021-09-29,20.474822998046875,274.291748046875,139.6914520263672,133.43319702148438,337.5291748046875,260.4366760253906,45.13955307006836,86.12493896484375,44.3454475402832,430.0386657714844,127.68014526367188,46.63880920410156,148.51473999023438,219.56375122070312,344.57843017578125,277.2900085449219,221.20167541503906,144.9388427734375,375.5537109375,92.73380279541016
2021-09-30,20.673418045043945,272.2828674316406,138.39064025878906,132.7603302001953,337.3105773925781,258.49334716796875,44.71995544433594,82.23632049560547,44.01073455810547,427.71612548828125,125.68431854248047,46.207298278808594,146.49215698242188,215.75717163085938,339.2027893066406,272.94000244140625,221.8642578125,142.71197509765625,366.48394775390625,91.90734100341797
2021-10-01,20.699363708496094,279.2173767089844,139.51541137695312,135.60769653320312,340.908447265625,258.40667724609375,44.9431266784668,84.6997299194336,43.2750129699707,426.7452087402344,125.48651885986328,46.691654205322266,149.57078552246094,223.22509765625,351.3979187011719,275.7099914550781,220.46229553222656,141.80181884765625,368.0690612792969,92.9468002319336
2021-10-04,19.69144058227539,273.43206787109375,136.08251953125,132.74395751953125,324.231201171875,260.510009765625,43.8918342590332,84.24668884277344,42.85821533203125,418.9495544433594,124.77628326416016,46.66522979736328,149.40963745117188,217.67494201660156,335.8076171875,273.6400146484375,215.91075134277344,140.6972198486328,362.98553466796875,92.64006805419922
2021-10-05,20.408960342407227,278.8890380859375,138.00926208496094,135.0912628173828,330.91998291015625,260.1966552734375,44.765140533447266,86.35143280029297,43.13923645019531,424.75592041015625,125.26174926757812,46.7444953918457,151.84954833984375,217.23910522460938,334.84173583984375,278.04998779296875,221.74903869628906,141.0153350830078,369.00701904296875,93.30464172363281
2021-10-06,20.65744972229004,283.09027099609375,138.87969970703125,136.62269592285156,331.5958251953125,260.9166564941406,45.07500457763672,86.20987701416016,43.45499801635742,427.7066345214844,126.93397521972656,47.299293518066406,152.17364501953125,219.39910888671875,340.1882019042969,280.2200012207031,218.79147338867188,141.3069305419922,369.7760925292969,93.14276885986328
2021-10-07,21.031679153442383,284.7708740234375,140.14132690429688,138.27133178710938,327.202880859375,264.53668212890625,45.549015045166016,87.1253890991211,43.966529846191406,431.0666809082031,127.94986724853516,47.44900894165039,153.13697814941406,223.3123016357422,345.7171630859375,282.95001220703125,223.9095916748047,142.57057189941406,379.5774230957031,94.46339416503906
2021-10-08,20.78818130493164,284.7708740234375,139.75994873046875,138.8280029296875,328.0278015136719,261.8299865722656,45.45033645629883,89.3984603881836,44.099151611328125,430.09576416015625,127.41943359375,47.66035842895508,153.25405883789062,223.04107666015625,346.7427978515625,284.1400146484375,224.63937377929688,142.20826721191406,383.1039733886719,94.7275390625
2021-10-11,20.652456283569336,284.1720275878906,139.67190551757812,137.9624481201172,323.4560241699219,263.9800109863281,45.4033088684082,90.25088500976562,44.05810546875,428.04931640625,127.94986724853516,47.75722885131836,150.03086853027344,218.0430450439453,339.11358642578125,280.92999267578125,224.38006591796875,141.60739135742188,379.849365234375,94.01182556152344
2021-10-12,20.628511428833008,282.8681640625,138.40042114257812,135.5143585205078,321.7862548828125,268.5733337402344,44.75223159790039,90.51607513427734,44.01073455810547,425.3555908203125,127.76107025146484,47.75722885131836,148.8784637451172,217.0163116455078,337.34552001953125,278.6199951171875,223.5254669189453,139.34518432617188,378.2080383300781,92.5037612915039
2021-10-13,20.895957946777344,286.180908203125,137.81365966796875,136.63958740234375,322.55157470703125,270.3599853515625,44.72732925415039,91.30218505859375,43.69182205200195,423.8611145019531,128.05772399902344,47.76603317260742,144.95306396484375,215.47622680664062,334.42474365234375,277.8999938964844,227.0399932861328,140.67955017089844,378.498779296875,92.46966552734375
2021-10-14,21.701303482055664,292.4007873535156,140.6010284423828,140.1841278076172,326.5171203613281,272.7733459472656,45.88837432861328,90.24140167236328,44.16545867919922,428.9630432128906,129.50518798828125,48.09186935424805,147.1768341064453,218.11083984375,336.6030578613281,281.6400146484375,227.28004455566406,141.48365783691406,394.2652587890625,93.91842651367188
2021-10-15,21.817060470581055,293.81085205078125,141.6572723388672,140.39964294433594,322.7702331542969,281.010009765625,46.409420013427734,90.28874206542969,44.38018035888672,430.6098327636719,129.83782958984375,47.97739028930664,150.00387573242188,223.73846435546875,347.75872802734375,284.2099914550781,228.42271423339844,142.53529357910156,401.4966735839844,94.28060913085938
2021-10-18,22.17632484436035,296.7855529785156,143.32969665527344,141.79998779296875,333.285400390625,290.03668212890625,46.41956329345703,91.40636444091797,44.73698425292969,439.7095947265625,127.96786499023438,47.5018424987793,149.94985961914062,223.4091033935547,350.1422424316406,282.5899963378906,229.47898864746094,141.49253845214844,398.26080322265625,92.64215087890625
2021-10-19,22.244182586669922,297.6934814453125,145.4911346435547,142.255859375,337.90692138671875,288.0899963378906,47.06785583496094,91.92727661132812,45.687435150146484,444.592529296875,126.45746612548828,47.6867790222168,151.76852416992188,226.18905639648438,353.7175598144531,284.8299865722656,232.6765899658203,144.80624389648438,398.0357666015625,92.65937805175781
2021-10-20,22.057565689086914,296.9014892578125,145.98013305664062,140.7978973388672,338.6920471191406,288.6000061035156,46.975643157958984,91.52949523925781,46.10107421875,447.15301513671875,126.95194244384766,48.10948181152344,153.81224060058594,224.15493774414062,348.5108947753906,287.489990234375,234.03054809570312,144.7267303466797,408.0809020996094,93.48725128173828
2021-10-21,22.645355224609375,300.136962890625,146.19532775878906,140.91409301757812,339.7853088378906,298.0,47.41460418701172,91.20748138427734,46.35683822631836,454.2539367675781,126.03828430175781,47.8629035949707,152.60580444335938,223.01202392578125,347.9638671875,286.82000732421875,231.58192443847656,144.39093017578125,414.82452392578125,93.7890853881836
2021-10-22,22.679285049438477,298.5915832519531,145.42269897460938,136.6241912841797,322.62115478515625,303.2266540527344,47.530792236328125,93.0543441772461,46.8399543762207,458.7847595214844,127.39518737792969,47.95096969604492,154.65853881835938,223.97093200683594,350.366943359375,289.239990234375,234.05931091308594,144.6737060546875,421.27740478515625,94.11676025390625
2021-10-25,23.118377685546875,297.5968933105469,145.373779296875,136.50552368164062,326.6761169433594,341.6199951171875,48.14499282836914,92.71337890625,47.38306427001953,466.5042724609375,127.41326141357422,47.75722885131836,153.9022979736328,226.53775024414062,352.50616455078125,290.260009765625,235.3076934814453,144.99183654785156,421.5869140625,93.56488037109375
2021-10-26,24.666189193725586,299.5091857910156,146.03887939453125,138.35426330566406,313.87506103515625,339.4766540527344,49.233177185058594,91.85150146484375,46.96941375732422,462.1542663574219,129.2224884033203,47.96859359741211,154.31643676757812,224.5424041748047,349.0482177734375,290.8500061035156,238.56288146972656,146.46755981445312,426.4172668457031,94.4186019897461
2021-10-27,24.400741577148438,312.122802734375,145.5791778564453,145.2158966064453,310.3070373535156,345.9533386230469,48.24089431762695,90.95174407958984,46.58418655395508,465.5618591308594,128.29981994628906,48.893253326416016,151.10226440429688,209.0059356689453,327.9482116699219,287.7799987792969,240.22412109375,144.69139099121094,425.32928466796875,93.4786376953125
2021-10-28,24.88973617553711,313.2624206542969,149.21743774414062,144.84994506835938,314.97821044921875,359.0133361816406,48.83662414550781,91.14118194580078,46.874691009521484,467.6689453125,129.06869506835938,49.3511848449707,153.380126953125,203.25245666503906,325.3204650878906,289.7200012207031,243.27767944335938,143.90492248535156,427.1676025390625,94.57381439208984
2021-10-29,25.514442443847656,320.28387451171875,146.50828552246094,147.0319061279297,321.5875244140625,371.3333435058594,49.030296325683594,90.86650848388672,47.18098068237305,468.6318664550781,129.34912109375,49.641807556152344,152.9569549560547,205.1218719482422,327.75286865234375,287.010009765625,244.6316375732422,143.93145751953125,431.8854064941406,98.88555908203125
2021-11-01,25.773914337158203,318.1108093261719,145.68679809570312,142.51405334472656,327.9582824707031,402.86334228515625,48.69646072387695,89.38900756835938,47.29781723022461,468.94647216796875,129.03250122070312,49.465667724609375,152.87591552734375,205.79019165039062,326.31689453125,286.239990234375,239.39830017089844,144.05514526367188,425.92022705078125,99.00629425048828
2021-11-02,26.346729278564453,321.7422180175781,146.72349548339844,144.436279296875,326.0698547363281,390.6666564941406,49.52827835083008,90.80020904541016,47.27570724487305,473.827880859375,130.31704711914062,49.40401840209961,153.47914123535156,202.5743865966797,320.8758239746094,287.92999267578125,246.63856506347656,146.32615661621094,423.9786071777344,100.48953247070312
2021-11-03,26.543325424194336,322.58251953125,148.16116333007812,145.5938262939453,329.5881652832031,404.6199951171875,50.01704406738281,91.0654067993164,47.42095947265625,478.9189758300781,131.21263122558594,49.57135009765625,153.53317260742188,201.5670623779297,321.8038330078125,288.7200012207031,255.67446899414062,145.85780334472656,428.940185546875,101.3863525390625
2021-11-04,29.739742279052734,324.93914794921875,147.642822265625,147.25189208984375,333.7922668457031,409.9700012207031,50.59341049194336,90.57290649414062,47.76829147338867,491.589599609375,131.45684814453125,49.84434509277344,151.5164337158203,202.2257080078125,327.6649475097656,287.69000244140625,260.2259216308594,145.45135498046875,428.4056701660156,100.94657135009766
2021-11-05,29.69084358215332,324.5720520019531,148.17173767089844,147.8323974609375,339.0399169921875,407.36334228515625,51.54326629638672,89.9288558959961,47.43674087524414,489.2061462402344,132.10818481445312,50.05570602416992,151.30035400390625,209.86802673339844,340.7156677246094,287.8800048828125,254.46456909179688,144.41744995117188,427.5146179199219,101.05004119873047
2021-11-08,30.740680694580078,325.47027587890625,147.34896850585938,148.01016235351562,336.5452880859375,387.64666748046875,51.54603958129883,90.10880279541016,47.133609771728516,480.3299865722656,131.12213134765625,49.6065788269043,152.2096405029297,213.56808471679688,341.5752868652344,288.79998779296875,250.1722412109375,143.92262268066406,433.9018859863281,100.0842056274414
2021-11-09,30.593982696533203,324.4658508300781,147.7113800048828,147.8984375,333.3152160644531,341.1666564941406,51.43998718261719,89.58789825439453,47.29781723022461,485.0016174316406,131.5201873779297,49.74748229980469,151.05723571777344,206.69097900390625,336.6714782714844,286.3500061035156,251.60301208496094,143.60447692871094,435.5245056152344,99.69615173339844
2021-11-10,29.398447036743164,319.4918518066406,144.88075256347656,144.8941650390625,325.6325988769531,355.98333740234375,50.607234954833984,88.86808776855469,46.87153625488281,481.9507751464844,132.81378173828125,49.95003128051758,150.91317749023438,209.16038513183594,349.6538391113281,285.32000732421875,254.12844848632812,145.1597442626953,431.3507385253906,100.67923736572266
2021-11-11,30.327531814575195,321.0662536621094,144.83177185058594,144.7680206298828,325.73193359375,354.5033264160156,51.21866226196289,89.06697845458984,46.890472412109375,488.3099060058594,132.433837890625,49.9676399230957,150.90420532226562,204.17300415039062,346.1371765136719,284.6499938964844,252.188720703125,144.09051513671875,428.9965515136719,100.57575225830078
2021-11-12,30.327531814575195,325.20953369140625,146.90821838378906,147.65957641601562,338.8014221191406,344.47332763671875,51.939815521240234,88.59342193603516,46.65681457519531,493.0673522949219,132.5785675048828,49.853153228759766,150.22894287109375,205.79344177246094,355.0850524902344,285.989990234375,250.13677978515625,145.81362915039062,430.4972229003906,100.86895751953125
2021-11-15,29.963281631469727,324.5818176269531,146.91798400878906,147.4351348876953,345.4305114746094,337.7966613769531,52.17497253417969,89.04802703857422,46.38842010498047,495.6605529785156,133.33843994140625,49.86195373535156,149.95887756347656,205.9971923828125,352.99468994140625,284.6700134277344,248.96148681640625,144.49697875976562,422.81561279296875,100.75685119628906
2021-11-16,30.14092254638672,327.9041748046875,147.89744567871094,146.8630828857422,340.85870361328125,351.57666015625,52.451629638671875,90.55396270751953,45.20746612548828,502.1722106933594,133.14845275878906,49.50971221923828,148.8784637451172,208.7917022705078,361.0047912597656,283.3599853515625,248.27748107910156,143.74586486816406,421.7088623046875,100.3946762084961
2021-11-17,29.200855255126953,328.1266784667969,150.3363037109375,147.03289794921875,338.68212890625,363.0033264160156,52.531856536865234,90.28874206542969,44.81908416748047,501.7623596191406,133.06707763671875,49.23670959472656,148.07713317871094,198.97215270996094,350.8553466796875,281.5899963378906,251.61073303222656,144.28489685058594,421.0804748535156,101.19664764404297
2021-11-18,31.609888076782227,330.20697021484375,154.62631225585938,148.8121337890625,336.6148681640625,365.4599914550781,53.008636474609375,89.6541976928711,45.20431137084961,504.6988830566406,133.0851287841797,48.79639434814453,146.79869079589844,197.2935028076172,340.1588439941406,280.6300048828125,251.75523376464844,143.50729370117188,421.5682373046875,100.9552001953125
2021-11-19,32.91720199584961,331.98736572265625,157.25123596191406,147.9063720703125,343.1843566894531,379.0199890136719,52.447017669677734,89.00068664550781,44.96118927001953,508.9127197265625,132.81378173828125,48.549808502197266,144.88099670410156,194.89683532714844,331.8555908203125,279.989990234375,251.1483917236328,143.94027709960938,412.68609619140625,100.23945617675781
2021-11-22,31.890310287475586,328.8136901855469,157.7115936279297,145.2998504638672,338.920654296875,385.6233215332031,51.02315902709961,89.60684204101562,45.715843200683594,514.4998168945312,133.70028686523438,48.84922409057617,147.96913146972656,189.77357482910156,313.8619689941406,284.9700012207031,250.89784240722656,142.04574584960938,410.3787841796875,99.73064422607422
2021-11-23,31.68074607849121,326.7333984375,158.09356689453125,144.78341674804688,335.1836853027344,369.6766662597656,51.192832946777344,88.025146484375,46.041080474853516,519.848388671875,135.18382263183594,49.21028518676758,151.50743103027344,192.5972137451172,321.3836975097656,288.55999755859375,252.3621063232422,142.9263153076172,419.3734436035156,102.51604461669922
2021-11-24,32.60682678222656,326.95599365234375,158.61268615722656,145.11911010742188,338.9703369140625,372.0,51.52574920654297,88.63130950927734,46.27159118652344,524.1099853515625,134.47824096679688,48.813995361328125,150.3189697265625,197.2158966064453,332.1291198730469,287.2799987792969,252.40066528320312,142.52603149414062,422.21539306640625,102.3263168334961
2021-11-26,31.43824577331543,318.9927062988281,153.5880889892578,141.20907592773438,331.0789794921875,360.6400146484375,50.40620422363281,87.44741821289062,45.75373077392578,520.6776733398438,133.40176391601562,47.3169059753418,145.7903289794922,191.7821044921875,316.6656188964844,283.0899963378906,250.8303985595703,141.60101318359375,412.6016540527344,100.47228240966797
2021-11-29,33.30739212036133,325.7174377441406,156.9476318359375,144.53363037109375,335.9588928222656,378.9966735839844,52.0431022644043,88.025146484375,45.03696823120117,529.0198974609375,134.80393981933594,48.06544494628906,145.1601104736328,190.4624786376953,315.5325012207031,282.1199951171875,245.4933624267578,142.09017944335938,423.941162109375,100.79998016357422
2021-11-30,32.60882568359375,319.87322998046875,161.90365600585938,140.92552185058594,322.4720153808594,381.586669921875,51.06004333496094,85.94147491455078,44.40544128417969,514.2421264648438,130.78744506835938,46.547882080078125,142.99928283691406,188.01731872558594,307.6297302246094,276.69000244140625,238.9521026611328,138.6924591064453,416.64410400390625,99.4115982055664
2021-12-01,31.374225616455078,319.3797302246094,161.3845672607422,140.08531188964844,308.6969909667969,365.0,51.15964126586914,85.00383758544922,43.303436279296875,505.14678955078125,132.433837890625,46.414756774902344,142.1529998779297,184.51451110839844,299.1897277832031,275.0,240.00222778320312,140.60482788085938,416.7566223144531,99.95487976074219
2021-12-02,32.06388854980469,318.8089294433594,160.39527893066406,141.9866943359375,308.48828125,361.5333251953125,50.94660568237305,85.23114776611328,42.776119232177734,501.0186767578125,133.2117919921875,47.098106384277344,145.14208984375,192.40313720703125,312.7875061035156,279.0899963378906,238.7980194091797,139.72425842285156,418.33233642578125,100.78274536132812
2021-12-03,30.633655548095703,312.5389404296875,158.51473999023438,141.02882385253906,304.9599914550781,338.3233337402344,51.4694938659668,83.57369232177734,43.42028045654297,504.2792663574219,135.58184814453125,47.515228271484375,142.51315307617188,190.49163818359375,314.6533203125,277.42999267578125,236.5823211669922,141.76109313964844,422.80194091796875,102.49016571044922
2021-12-06,29.97892951965332,315.6158447265625,161.92323303222656,142.17440795898438,315.92236328125,336.336669921875,52.102115631103516,84.23668670654297,43.8907470703125,508.3502502441406,137.63528442382812,48.73106002807617,144.19674682617188,196.6627655029297,325.6135559082031,281.3800048828125,237.3048095703125,144.92755126953125,432.9551696777344,104.64604949951172
2021-12-07,32.36430740356445,324.06280517578125,167.66285705566406,146.26071166992188,320.8321533203125,350.5833435058594,54.44633865356445,85.28797149658203,43.7486572265625,516.7592163085938,137.27345275878906,48.99729537963867,146.36651611328125,201.2135772705078,331.6504821777344,284.9700012207031,236.1295166015625,145.30111694335938,437.3025817871094,104.78402709960938
2021-12-08,31.76447105407715,324.1112976074219,171.4827117919922,147.1714630126953,328.53466796875,356.32000732421875,54.27666091918945,84.23668670654297,43.30659103393555,505.4042663574219,137.88858032226562,48.81093978881836,144.6919403076172,202.78546142578125,334.4149169921875,283.7200012207031,235.3684539794922,146.17279052734375,441.1888427734375,105.09446716308594
2021-12-09,30.431047439575195,322.30181884765625,170.97337341308594,146.62721252441406,327.79925537109375,334.6000061035156,53.80263900756836,84.07567596435547,43.90895462036133,499.8937683105469,138.69369506835938,48.68669128417969,144.46685791015625,205.11424255371094,336.5445251464844,284.5199890136719,234.00047302246094,147.5603485107422,445.3855895996094,107.06062316894531
2021-12-10,30.139619827270508,331.43585205078125,175.76287841796875,146.98770141601562,327.72967529296875,339.010009765625,58.253150939941406,97.20272064208984,44.71105194091797,532.7763061523438,140.62954711914062,49.94689178466797,143.89064025878906,207.06451416015625,341.8194885253906,288.2300109863281,235.1950225830078,147.19566345214844,450.00579833984375,108.19892883300781
2021-12-13,28.10655403137207,328.3976135253906,172.12913513183594,144.82762145996094,332.4405822753906,322.13665771484375,57.3291130065918,95.55474090576172,45.51630401611328,531.250732421875,142.62869262695312,51.260345458984375,142.1800079345703,204.75521850585938,337.3161926269531,290.010009765625,239.42422485351562,149.82843017578125,449.9211730957031,109.09577178955078
2021-12-14,28.282215118408203,317.6961364746094,170.74810791015625,142.92127990722656,331.6952209472656,319.5033264160156,56.706642150878906,94.60762023925781,45.95064163208008,519.924560546875,143.15338134765625,51.29585266113281,143.26939392089844,203.74607849121094,332.66644287109375,295.0299987792969,240.24307250976562,151.46502685546875,451.1632080078125,109.7684097290039
2021-12-15,30.400114059448242,323.8016052246094,175.6160430908203,145.43789672851562,339.56671142578125,325.3299865722656,59.007511138916016,98.1688003540039,46.21377944946289,539.1258544921875,143.7052001953125,51.5265998840332,142.197998046875,206.00686645507812,338.33209228515625,294.5799865722656,265.1941223144531,152.22108459472656,465.2026672363281,112.30369567871094
2021-12-16,28.332115173339844,314.36761474609375,168.72064208984375,143.45556640625,332.8481140136719,308.97332763671875,57.23874282836914,97.76152801513672,45.44339370727539,526.874755859375,145.74053955078125,52.050201416015625,144.42181396484375,208.00575256347656,344.7500915527344,300.1700134277344,268.81640625,153.88438415527344,463.77239990234375,113.64033508300781
2021-12-17,27.74725341796875,313.30328369140625,167.6236572265625,140.75421142578125,331.7449035644531,310.8566589355469,58.55562973022461,91.51055145263672,43.988216400146484,522.0886840820312,142.43875122070312,51.23373031616211,141.1356201171875,205.58966064453125,341.2236022949219,293.6600036621094,257.62213134765625,149.6327667236328,458.3711242675781,111.70005798339844
2021-12-20,27.665409088134766,309.5394287109375,166.26223754882812,140.63699340820312,323.4560241699219,299.9800109863281,59.484283447265625,86.79389190673828,44.13087844848633,522.9945068359375,142.80056762695312,51.06510925292969,138.59669494628906,202.54286193847656,329.2181701660156,289.6099853515625,253.82643127441406,149.20582580566406,455.1812438964844,112.84699249267578
2021-12-21,29.01878547668457,316.68023681640625,169.43565368652344,142.48971557617188,332.15240478515625,312.84332275390625,59.977108001708984,86.67076110839844,44.2640380859375,520.0103759765625,142.7101287841797,51.26922607421875,140.5323944091797,208.98574829101562,342.62054443359375,293.239990234375,255.1751708984375,148.72552490234375,458.455810546875,112.06226348876953
2021-12-22,29.343156814575195,322.39862060546875,172.03121948242188,145.41207885742188,328.4253234863281,336.2900085449219,60.808677673339844,85.10802459716797,44.321083068847656,524.0526733398438,144.1212921142578,51.63309097290039,141.08160400390625,211.48915100097656,349.2044677734375,294.4100036621094,256.73577880859375,149.36593627929688,464.9674072265625,113.87318420410156
2021-12-23,29.582691192626953,323.8403015136719,172.65806579589844,145.91015625,333.1860046386719,355.6666564941406,61.699642181396484,84.9754409790039,44.22282028198242,524.719970703125,144.826904296875,51.66858673095703,141.58580017089844,210.18894958496094,352.2326965332031,294.489990234375,263.0939636230469,149.65057373046875,466.14361572265625,114.77001190185547
2021-12-27,30.885173797607422,331.3487854003906,176.6248779296875,146.89337158203125,344.0589599609375,364.64666748046875,62.57948303222656,84.8049545288086,44.625450134277344,537.2096557617188,146.51852416992188,52.050201416015625,142.39608764648438,211.16896057128906,351.96893310546875,296.6700134277344,268.2094421386719,150.91360473632812,470.0205383300781,115.90833282470703
2021-12-28,30.26337432861328,330.1876220703125,175.606201171875,145.6822052001953,344.0987854003906,362.8233337402344,62.08944320678711,83.9620132446289,45.2658576965332,538.3250732421875,147.30548095703125,52.25432205200195,142.82823181152344,211.5764923095703,352.4281311035156,298.2900085449219,266.3019714355469,151.5184326171875,473.2574768066406,115.89107513427734
2021-12-29,29.9429988861084,330.864990234375,175.69439697265625,145.65045166015625,340.8388671875,362.0633239746094,62.42448806762695,83.54529571533203,45.2436637878418,541.3092651367188,148.52670288085938,52.316444396972656,142.7562255859375,211.69293212890625,352.92626953125,299.4599914550781,268.2190856933594,152.58575439453125,475.7416076660156,116.72755432128906
2021-12-30,29.5288028717041,328.3202209472656,174.53860473632812,145.19906616210938,342.2501220703125,356.7799987792969,61.725624084472656,83.35587310791016,45.389488220214844,537.6290283203125,147.24221801757812,52.165565490722656,142.68417358398438,211.40184020996094,352.6332092285156,299.9800109863281,267.0919189453125,153.26174926757812,474.6595153808594,117.2190933227539
2021-12-31,29.35413932800293,325.41754150390625,173.9215850830078,143.85980224609375,334.2892150878906,352.260009765625,61.756248474121094,82.5981674194336,45.87139129638672,541.2424926757812,147.9748992919922,52.547176361083984,142.56715393066406,210.27627563476562,351.001953125,299.0,266.09967041015625,152.15882873535156,472.5046691894531,116.76203918457031
2022-01-03,30.062763214111328,323.89837646484375,178.2703094482422,143.99832153320312,336.4657897949219,399.9266662597656,61.56229019165039,83.2516860961914,45.858707427978516,540.2984008789062,147.35977172851562,52.627052307128906,145.58323669433594,214.8561248779297,362.3627014160156,300.7900085449219,261.774169921875,152.5768585205078,472.6364440917969,116.77930450439453
2022-01-04,29.23337173461914,318.3444519042969,176.0077667236328,143.410400390625,334.46807861328125,383.1966552734375,62.267635345458984,84.1419677734375,45.01856994628906,537.9341430664062,147.8754119873047,53.50565719604492,151.10226440429688,215.8555908203125,366.69989013671875,308.5299987792969,257.0344543457031,152.16773986816406,461.92803955078125,116.55508422851562
2022-01-05,27.55063247680664,306.1239013671875,171.32601928710938,136.8312530517578,322.183837890625,362.7066650390625,59.6764030456543,81.8878173828125,45.62727737426758,524.2911376953125,148.54483032226562,53.94938659667969,148.3397979736328,213.46859741210938,365.2443542480469,309.9200134277344,251.10011291503906,153.1816864013672,460.7894287109375,117.1673355102539
2022-01-06,28.12352180480957,303.7049255371094,168.4660186767578,136.80393981933594,330.42303466796875,354.8999938964844,59.1223258972168,82.07794189453125,45.500457763671875,524.1766357421875,147.29647827148438,53.665401458740234,149.91578674316406,213.2260284423828,361.9090270996094,313.2200012207031,249.8284912109375,152.65692138671875,441.9321594238281,116.61544799804688
2022-01-07,27.194316864013672,303.8597717285156,168.6324920654297,136.07847595214844,329.7572021484375,342.32000732421875,57.462894439697266,83.1902084350586,45.934783935546875,511.1912536621094,147.21505737304688,53.54115295410156,151.40118408203125,210.51885986328125,361.56658935546875,319.7799987792969,249.99229431152344,154.720458984375,431.53436279296875,116.31363677978516
2022-01-10,27.34702491760254,304.0823059082031,168.652099609375,137.71961975097656,326.0599670410156,352.7066650390625,57.649436950683594,84.8728256225586,45.84601974487305,494.6213684082031,145.20681762695312,53.62990188598633,151.54608154296875,205.67697143554688,355.95208740234375,318.92999267578125,250.57989501953125,153.95555114746094,437.5566101074219,117.61577606201172
2022-01-11,27.76321792602539,304.7692565917969,171.4827117919922,138.77882385253906,332.3213195800781,354.79998779296875,57.732051849365234,84.1123275756836,45.71603775024414,497.70086669921875,143.52426147460938,53.647647857666016,151.70005798339844,208.01547241210938,358.28009033203125,319.79998779296875,252.70895385742188,152.31890869140625,441.32049560546875,118.11592102050781
2022-01-12,27.944866180419922,307.95263671875,171.92347717285156,140.46170043945312,331.2181396484375,368.739990234375,57.72740936279297,83.95072174072266,45.475093841552734,501.29510498046875,143.84083557128906,53.72752380371094,152.56048583984375,209.3059844970703,359.27764892578125,320.3900146484375,246.54345703125,151.0203094482422,445.7619934082031,118.3918685913086
2022-01-13,26.523624420166016,294.919189453125,168.652099609375,137.63771057128906,324.4797058105469,343.85333251953125,55.424800872802734,83.45637512207031,46.11867141723633,492.79083251953125,143.18955993652344,54.047019958496094,152.37030029296875,208.61705017089844,361.439453125,321.260009765625,240.52239990234375,150.1041717529297,439.84320068359375,116.33561706542969
2022-01-14,26.889911651611328,300.1441955566406,169.5140380859375,138.5250701904297,329.8664245605469,349.8699951171875,55.34870529174805,83.36132049560547,45.98868179321289,479.5482177734375,144.56459045410156,54.48186111450195,143.00509643554688,208.2968292236328,364.00213623046875,324.1300048828125,235.17581176757812,149.28590393066406,441.0288391113281,118.38318634033203
2022-01-18,25.85291862487793,292.83892822265625,166.31117248535156,135.06643676757812,316.2007141113281,343.5033264160156,53.624298095703125,81.32695770263672,45.18342590332031,465.3236083984375,141.77835083007812,54.047019958496094,137.00918579101562,209.3059844970703,358.2898254394531,320.2900085449219,238.01766967773438,148.6277313232422,433.78326416015625,119.17605590820312
2022-01-19,25.018537521362305,293.4969482421875,162.81454467773438,134.1909637451172,317.6318664550781,331.8833312988281,52.3416748046875,79.26407623291016,45.63361358642578,467.31622314453125,146.54563903808594,54.13576126098633,134.8897705078125,208.3065185546875,352.8416442871094,314.75,236.07171630859375,148.16517639160156,435.222900390625,117.80810546875
2022-01-20,24.103307723999023,291.8230285644531,161.1298828125,132.3943634033203,314.6204528808594,332.0899963378906,50.833518981933594,78.63665771484375,44.77128219604492,460.3182678222656,147.33688354492188,53.91389465332031,133.73947143554688,207.986328125,356.0401611328125,311.010009765625,234.2220458984375,146.98219299316406,435.6746520996094,115.90868377685547
2022-01-21,23.32880973815918,286.43359375,159.07301330566406,129.4586181640625,301.3125,314.6333312988281,49.48872756958008,78.16133880615234,44.44473648071289,459.1646423339844,147.90077209472656,53.647647857666016,131.4027557373047,199.8163299560547,347.31512451171875,305.2200012207031,234.1546173095703,146.6442108154297,433.95269775390625,114.99382781982422
2022-01-24,23.326810836791992,286.7625732421875,158.29922485351562,129.90802001953125,306.8185119628906,310.0,50.26367950439453,78.35144805908203,44.447906494140625,466.1148376464844,146.7002716064453,53.21279525756836,131.2849884033203,195.85743713378906,341.7789611816406,303.7300109863281,231.61134338378906,144.95425415039062,434.9877014160156,115.15067291259766
2022-01-25,22.280838012695312,279.1380310058594,156.49708557128906,126.06550598144531,298.31097412109375,306.1333312988281,49.573177337646484,77.06810760498047,43.480960845947266,455.0745849609375,145.09954833984375,53.088539123535156,132.7160186767578,196.0030059814453,331.35211181640625,307.19000244140625,230.6865234375,149.0990753173828,429.878173828125,115.96096801757812
2022-01-26,22.72797393798828,287.09149169921875,156.40892028808594,128.34776306152344,292.8247985839844,312.4700012207031,51.705936431884766,75.66114807128906,43.03712463378906,460.93792724609375,143.8353271484375,52.89330291748047,133.97499084472656,199.75807189941406,337.1230773925781,309.260009765625,229.14517211914062,149.76620483398438,431.3742980957031,116.95423126220703
2022-01-27,21.901575088500977,290.1200256347656,155.94859313964844,128.12135314941406,292.83477783203125,276.3666687011719,50.331424713134766,75.84178161621094,43.06564712524414,460.0321960449219,144.72666931152344,52.937679290771484,131.61106872558594,200.02978515625,342.86468505859375,307.6700134277344,228.04690551757812,151.7318572998047,434.3572082519531,118.47029113769531
2022-01-28,22.79584312438965,298.26715087890625,166.83030700683594,132.43756103515625,299.8614501953125,282.1166687011719,51.98250198364258,76.50724029541016,43.598270416259766,469.4803466796875,145.97268676757812,53.99375915527344,132.78848266601562,221.2310791015625,374.1452941894531,312.8999938964844,236.119873046875,152.79922485351562,438.5541076660156,120.16932678222656
2022-01-31,24.43865966796875,300.8988952636719,171.1888885498047,134.37667846679688,311.3406982421875,312.239990234375,54.3751335144043,77.15365600585938,44.324256896972656,481.5885009765625,145.9271697998047,54.14463806152344,134.59091186523438,219.45541381835938,377.93072509765625,313.0199890136719,236.3992462158203,153.2439422607422,444.6798400878906,119.27190399169922
2022-02-01,24.590364456176758,298.75091552734375,171.0223388671875,136.70114135742188,317.0455017089844,310.4166564941406,55.009944915771484,77.03958892822266,44.67300033569336,484.7156066894531,145.28146362304688,53.745269775390625,136.90049743652344,225.46165466308594,383.486572265625,313.9599914550781,239.18336486816406,151.98980712890625,440.765380859375,119.36775970458984
2022-02-02,25.193199157714844,303.2985534667969,172.22706604003906,146.98623657226562,321.0209655761719,301.88665771484375,56.003936767578125,78.42750549316406,44.65398406982422,497.69134521484375,147.88258361816406,54.295509338378906,135.80455017089844,228.43081665039062,388.07391357421875,319.6000061035156,241.63995361328125,153.67088317871094,451.4642639160156,120.77925872802734
2022-02-03,23.90169906616211,291.48431396484375,169.34751892089844,142.10984802246094,236.30325317382812,297.0466613769531,53.90829849243164,77.89515686035156,44.6983642578125,498.2070007324219,149.28318786621094,54.677120208740234,134.6814422607422,224.666015625,381.54010009765625,315.2300109863281,235.8404998779297,153.66200256347656,459.92376708984375,122.61766815185547
2022-02-04,24.271982192993164,296.02227783203125,169.06312561035156,142.3114776611328,235.63735961914062,307.7733459472656,54.77235412597656,78.0567626953125,44.172096252441406,496.2972412109375,146.909423828125,54.10026168823242,138.17755126953125,221.6094970703125,373.8421630859375,314.989990234375,233.39356994628906,152.65692138671875,454.65423583984375,122.5479965209961
2022-02-07,24.68018913269043,291.19415283203125,168.3472137451172,138.2474822998047,223.53201293945312,302.4466552734375,54.53754425048828,76.75439453125,43.73775863647461,492.5924377441406,145.80892944335938,54.668235778808594,138.63949584960938,220.416015625,367.9049072265625,316.510009765625,234.62664794921875,152.14988708496094,455.15301513671875,124.18600463867188
2022-02-08,25.059457778930664,294.6870422363281,171.4560089111328,138.44415283203125,218.8309783935547,307.3333435058594,55.706016540527344,76.80191802978516,43.74726867675781,497.6150207519531,145.48153686523438,55.02322769165039,141.24795532226562,221.1728973388672,366.183349609375,321.44000244140625,231.1199951171875,152.5501708984375,464.2899169921875,125.03986358642578
2022-02-09,26.65336799621582,301.1214599609375,172.8780517578125,140.62210083007812,230.57855224609375,310.6666564941406,56.73805236816406,79.33059692382812,43.652164459228516,504.94818115234375,145.1541290283203,54.171260833740234,141.8367156982422,224.01589965820312,373.0302429199219,322.3800048828125,234.35693359375,152.53240966796875,468.70318603515625,124.76978302001953
2022-02-10,25.774076461791992,292.57769775390625,168.79830932617188,137.67047119140625,226.67263793945312,301.51666259765625,54.88373565673828,77.80960845947266,43.1417350769043,495.06549072265625,142.94407653808594,54.47300338745117,141.24795532226562,219.24876403808594,366.2029113769531,319.8500061035156,230.85992431640625,150.6912078857422,457.9947509765625,124.34285736083984
2022-02-11,23.902698516845703,285.4756774902344,165.38543701171875,133.36270141601562,218.204833984375,286.6666564941406,53.21873474121094,75.81326293945312,42.903968811035156,486.6534118652344,142.14370727539062,53.50565719604492,139.4093475341797,218.3740692138672,361.6839904785156,319.1400146484375,227.10279846191406,149.1702423095703,449.9117126464844,123.7329330444336
2022-02-14,24.22008514404297,285.43701171875,165.62086486816406,134.59765625,216.3661651611328,291.9200134277344,53.6976203918457,75.05274963378906,42.46645736694336,483.6838073730469,142.55299377441406,53.85176467895508,138.1141815185547,219.00579833984375,365.9779052734375,314.2799987792969,227.0350799560547,147.29351806640625,446.40185546875,124.59551239013672
2022-02-15,26.443777084350586,290.7296142578125,169.45538330078125,135.67276000976562,219.6459197998047,307.4766540527344,55.94268035888672,75.83226776123047,42.599609375,490.7115173339844,142.625732421875,54.05588150024414,140.13392639160156,221.4160919189453,373.1965637207031,316.20001220703125,235.88662719726562,148.8144989013672,450.00579833984375,126.12901306152344
2022-02-16,26.45974349975586,290.3902587890625,169.21998596191406,136.79452514648438,215.21327209472656,307.7966613769531,55.42666244506836,75.2809066772461,42.33330535888672,489.2601623535156,143.70803833007812,54.047019958496094,140.38754272460938,222.38796997070312,374.5561218261719,315.6499938964844,237.5698699951172,148.72552490234375,451.7184143066406,127.0961685180664
2022-02-17,24.459617614746094,281.8870849609375,165.62086486816406,131.63113403320312,206.4373779296875,292.1166687011719,53.73659896850586,71.80157470703125,44.029422760009766,491.7522277832031,145.3542022705078,55.12972640991211,137.15408325195312,218.2963104248047,365.528076171875,313.54998779296875,233.1102294921875,147.8182830810547,442.5814514160156,126.31198120117188
2022-02-18,23.596294403076172,279.1722106933594,164.0713348388672,129.509765625,204.89686584472656,285.6600036621094,53.82848358154297,70.88896942138672,43.74726867675781,489.51788330078125,145.4269561767578,55.50246047973633,137.7971649169922,216.4302520751953,361.8600158691406,314.79998779296875,232.47177124023438,146.23382568359375,440.2008361816406,125.49296569824219
2022-02-22,23.344778060913086,278.9685974121094,161.14883422851562,128.92428588867188,200.8418731689453,273.84332275390625,53.59367370605469,70.461181640625,43.259037017822266,479.50164794921875,143.63526916503906,55.27171325683594,137.55262756347656,215.0988006591797,360.2363586425781,314.1600036621094,231.3302764892578,144.24656677246094,435.2135314941406,126.8260498046875
2022-02-23,22.343717575073242,271.74517822265625,156.9808807373047,126.71403503417969,197.23410034179688,254.67999267578125,52.45490264892578,68.89261627197266,42.815189361572266,472.8941345214844,141.84359741210938,54.65936279296875,134.67239379882812,209.87974548339844,353.3307800292969,309.989990234375,230.5369873046875,144.3182373046875,432.4941101074219,127.87161254882812
2022-02-24,23.70208740234375,285.629638671875,159.59934997558594,131.7820587158203,206.32806396484375,266.92333984375,53.82940673828125,71.11711883544922,42.65034103393555,482.74810791015625,138.02374267578125,53.700889587402344,130.92269897460938,211.19178771972656,361.3025207519531,308.2799987792969,235.15142822265625,141.5611114501953,428.9842834472656,126.57341003417969
2022-02-25,24.110294342041016,288.2669372558594,161.6686248779297,133.53848266601562,209.19039916992188,269.9566650390625,54.572818756103516,72.58109283447266,43.236854553222656,494.1202697753906,143.91722106933594,55.777584075927734,134.020263671875,213.1064453125,361.018798828125,319.239990234375,242.66799926757812,148.5970916748047,447.67218017578125,130.29380798339844
2022-02-28,24.337854385375977,289.7018737792969,161.9333953857422,134.1318817138672,209.7370147705078,290.1433410644531,54.51991653442383,72.21984100341797,42.850067138671875,495.8006896972656,141.7799530029297,55.23623275756836,128.4319610595703,210.04493713378906,352.9296569824219,321.45001220703125,241.79733276367188,147.31698608398438,447.78509521484375,128.75160217285156
2022-03-01,23.431612014770508,285.978759765625,160.05044555664062,133.14320373535156,202.24322509765625,288.1233215332031,52.91244888305664,72.25787353515625,43.11320877075195,499.31463623046875,139.43344116210938,54.996604919433594,123.58631896972656,203.095947265625,336.9470520019531,316.8399963378906,241.36203002929688,146.80673217773438,448.1427001953125,128.68191528320312
2022-03-02,24.177291870117188,291.059326171875,163.3456268310547,133.6497039794922,206.8349151611328,293.2966613769531,54.36585235595703,74.41581726074219,43.1671028137207,504.15557861328125,139.87001037597656,55.404842376708984,126.14952087402344,202.61973571777344,336.5655212402344,323.6400146484375,245.87969970703125,148.63287353515625,456.73388671875,130.31997680664062
2022-03-03,23.67218589782715,286.9191589355469,163.02197265625,132.98231506347656,201.72640991210938,279.7633361816406,53.69948196411133,74.3873062133789,44.1594123840332,508.9774169921875,140.388427734375,55.44034194946289,125.25286865234375,201.40487670898438,333.5333557128906,327.739990234375,250.20391845703125,150.8170928955078,457.8724060058594,131.05184936523438
2022-03-04,22.89556121826172,281.04351806640625,160.02102661132812,131.0029296875,198.83425903320312,279.42999267578125,55.31343460083008,72.71418762207031,45.278541564941406,501.76837158203125,141.09779357910156,55.529083251953125,121.72957611083984,194.659912109375,323.5270690917969,325.3399963378906,254.2959747314453,151.71221923828125,469.22064208984375,131.18251037597656
2022-03-07,21.314350128173828,270.42657470703125,156.22572326660156,125.5128173828125,186.32138061523438,268.1933288574219,52.966285705566406,70.65129852294922,44.9139404296875,504.652099609375,139.00595092773438,54.206756591796875,117.02886199951172,185.33950805664062,306.0771484375,322.7200012207031,253.1060791015625,154.1560821533203,458.13592529296875,130.2154083251953
2022-03-08,21.476064682006836,267.4595947265625,154.40164184570312,126.23384857177734,189.12408447265625,274.79998779296875,53.45352554321289,69.71019744873047,43.985042572021484,499.72515869140625,133.5035858154297,52.05908203125,116.20465087890625,186.32110595703125,307.45635986328125,318.5199890136719,251.4518280029297,151.03189086914062,445.51727294921875,128.21142578125
2022-03-09,22.97341537475586,279.7248229980469,159.80526733398438,132.50608825683594,197.28379821777344,286.3233337402344,55.409027099609375,72.34342956542969,44.21330642700195,503.821533203125,135.30438232421875,52.3253173828125,120.86007690429688,194.1448516845703,320.9544982910156,325.3999938964844,254.218505859375,151.6048126220703,456.9126281738281,129.68392944335938
2022-03-10,22.61804962158203,276.9033508300781,155.4607696533203,131.5223846435547,194.0139617919922,279.4333190917969,54.54682159423828,72.86629486083984,45.218299865722656,508.66241455078125,131.82102966308594,51.366851806640625,119.42903137207031,192.40513610839844,317.491943359375,325.29998779296875,257.3432312011719,151.87339782714844,462.4361267089844,129.97142028808594
2022-03-11,22.061033248901367,271.55126953125,151.743896484375,128.9809112548828,186.46051025390625,265.1166687011719,53.6298713684082,73.97853088378906,45.04075241088867,503.6017150878906,130.25672912597656,51.40234375,116.7390365600586,191.1805877685547,317.68756103515625,326.6000061035156,257.6140441894531,151.59588623046875,455.7165222167969,129.87559509277344
2022-03-14,21.292388916015625,268.03167724609375,147.71324157714844,125.08824920654297,185.48654174804688,255.4566650390625,52.6971321105957,73.26557159423828,45.668487548828125,502.1981506347656,131.9210968017578,52.35026931762695,117.89834594726562,194.6988067626953,321.4044189453125,329.9800109863281,260.2259521484375,153.6905517578125,460.48260498046875,132.52435302734375
2022-03-15,22.932493209838867,278.4158935546875,152.09698486328125,128.31300354003906,190.85342407226562,267.2966613769531,55.01365661621094,76.62129211425781,46.216949462890625,517.8289184570312,136.66859436035156,53.316070556640625,119.99058532714844,200.3455047607422,327.6742248535156,332.54998779296875,266.4752502441406,157.6740264892578,469.91082763671875,135.81784057617188
2022-03-16,24.452808380126953,285.43572998046875,156.51014709472656,132.36753845214844,202.38238525390625,280.07666015625,56.34640121459961,76.01289367675781,46.080623626708984,518.8506469726562,136.20477294921875,53.17299270629883,125.35247039794922,205.9144287109375,337.1426086425781,336.1099853515625,267.42333984375,156.223876953125,470.24114990234375,135.9659423828125
2022-03-17,24.722332000732422,286.240478515625,157.52023315429688,132.92222595214844,206.5665740966797,290.5333251953125,55.93339538574219,76.62129211425781,46.150638580322266,527.826171875,136.63221740722656,53.73638153076172,126.93749237060547,207.4499969482422,338.8641662597656,344.9700012207031,276.1974792480469,158.2648468017578,478.508544921875,138.17906188964844
2022-03-18,26.406352996826172,291.2919921875,160.8153839111328,135.1930694580078,215.16357421875,301.7966613769531,56.6517448425293,77.64800262451172,46.2874870300293,535.9994506835938,136.55946350097656,53.74531936645508,126.89221954345703,212.95089721679688,342.4342956542969,342.4100036621094,278.2580261230469,156.51034545898438,477.6591491699219,138.7105255126953
2022-03-21,26.686857223510742,290.06060791015625,162.1884002685547,135.1692352294922,210.1942138671875,307.0533447265625,56.18269348144531,76.96353912353516,45.902400970458984,530.4423217773438,137.07791137695312,54.1745719909668,126.48463439941406,210.93907165527344,338.0229797363281,349.6600036621094,280.19281005859375,157.39654541015625,479.112548828125,139.451171875
2022-03-22,26.47722816467285,294.8115539550781,165.56199645996094,138.90992736816406,215.32257080078125,331.32666015625,57.121726989746094,77.76205444335938,45.76555252075195,534.1566162109375,138.1328887939453,54.37130355834961,129.17465209960938,212.32888793945312,341.8865966796875,349.92999267578125,275.7234802246094,156.65357971191406,476.9041442871094,139.41627502441406
2022-03-23,25.58880043029785,290.380615234375,166.9251708984375,137.3283233642578,212.1521453857422,333.03668212890625,56.00422286987305,76.42166900634766,45.1767692565918,529.0006713867188,137.1688232421875,54.01360321044922,126.60237121582031,208.64544677734375,334.69732666015625,348.1600036621094,274.9205017089844,156.06275939941406,474.9316101074219,138.03089904785156
2022-03-24,28.100366592407227,294.85040283203125,170.710693359375,140.60226440429688,218.22470092773438,337.97332763671875,58.53168869018555,78.18034362792969,45.45684051513672,532.9058837890625,137.40528869628906,54.53227615356445,127.42662048339844,211.2015380859375,341.7104797363281,352.3699951171875,278.30633544921875,156.86837768554688,484.58642578125,139.65155029296875
2022-03-25,27.643173217773438,294.4432067871094,171.34815979003906,140.70254516601562,220.46090698242188,336.8800048828125,58.759681701660156,77.69554138183594,45.65415954589844,530.6141357421875,138.9968719482422,55.024112701416016,128.54063415527344,212.2899932861328,341.3876647949219,358.760009765625,279.593017578125,158.37225341796875,484.18060302734375,140.56642150878906
2022-03-28,28.169240951538086,301.2496032714844,172.21116638183594,140.48655700683594,222.2200469970703,363.9466552734375,59.13435745239258,79.47322082519531,46.465721130371094,539.685302734375,139.9518585205078,55.37287902832031,127.58959197998047,214.5642547607422,342.8255310058594,359.57000732421875,282.1469421386719,159.18687438964844,484.3409423828125,141.1240234375
2022-03-29,28.605466842651367,305.8163757324219,175.50634765625,141.52935791015625,228.45166015625,366.5233459472656,59.93698501586914,80.129150390625,46.857177734375,544.2398071289062,141.3888702392578,55.587501525878906,127.87041473388672,221.7076416015625,359.5124816894531,355.1199951171875,278.9836120605469,159.1062774658203,482.0099182128906,141.30702209472656
2022-03-30,27.641178131103516,304.3135070800781,174.33929443359375,140.96624755859375,226.4539794921875,364.663330078125,58.96711349487305,79.24505615234375,47.6973762512207,550.4367065429688,140.41571044921875,55.63220977783203,127.29071807861328,217.6549072265625,354.318603515625,357.6099853515625,280.43463134765625,160.76235961914062,491.532470703125,142.67494201660156
2022-03-31,27.237890243530273,298.93231201171875,171.240234375,138.1149139404297,220.9976348876953,359.20001220703125,58.83536911010742,78.64616394042969,47.395042419433594,549.8447265625,138.96963500976562,55.444419860839844,123.46855926513672,215.53614807128906,349.5649108886719,352.9100036621094,277.0294189453125,158.6497344970703,481.29266357421875,141.2460174560547
2022-04-01,26.664899826049805,300.00860595703125,170.94607543945312,139.1904754638672,223.47238159179688,361.5299987792969,58.58308029174805,77.9616928100586,48.06019592285156,549.5773315429688,141.0523223876953,56.222434997558594,122.55377197265625,219.99713134765625,356.0107727050781,351.8800048828125,283.1239318847656,159.5091094970703,483.7653503417969,141.74266052246094
2022-04-04,27.31175422668457,305.3897399902344,174.99635314941406,141.9921875,232.45697021484375,381.8166809082031,59.31843948364258,79.92001342773438,48.069740295410156,549.1572265625,140.13377380371094,55.92732238769531,123.09722137451172,221.33834838867188,358.8865661621094,345.42999267578125,281.91473388671875,157.9694061279297,481.3398132324219,141.0543212890625
2022-04-05,25.88527488708496,301.4241027832031,171.6815948486328,139.6279754638672,230.41952514648438,363.7533264160156,57.3814811706543,78.84579467773438,48.20659255981445,549.338623046875,140.62489318847656,55.86473083496094,121.66468811035156,219.7346954345703,355.375,344.79998779296875,282.9498291015625,158.9899444580078,488.64459228515625,142.39610290527344
2022-04-06,24.363964080810547,290.3902587890625,168.51390075683594,135.6126708984375,221.9318389892578,348.586669921875,56.24903106689453,78.06627655029297,49.32686233520508,558.3809814453125,142.63487243652344,56.42811584472656,119.9766845703125,212.8537139892578,345.81866455078125,344.7099914550781,295.8643798828125,163.1255645751953,501.847900390625,147.17083740234375
2022-04-07,24.16531753540039,292.2034606933594,168.81793212890625,134.9576873779297,221.58399963378906,352.4200134277344,56.347137451171875,77.81813049316406,49.82015609741211,580.590576171875,144.48110961914062,56.73216247558594,119.61170196533203,210.07411193847656,342.38067626953125,346.510009765625,298.3699035644531,162.70481872558594,506.7555236816406,150.97840881347656
2022-04-08,23.07823371887207,287.93719482421875,166.80747985839844,132.37451171875,220.96778869628906,341.8299865722656,54.84747314453125,77.24552917480469,50.0970458984375,572.9422607421875,145.60887145996094,57.0809326171875,121.80155181884766,210.8807830810547,345.04486083984375,353.1000061035156,301.5235290527344,163.02711486816406,515.2588500976562,152.4422149658203
2022-04-11,21.878353118896484,276.58343505859375,162.55125427246094,127.94109344482422,215.13375854492188,325.30999755859375,54.25041580200195,76.11937713623047,49.10408020019531,558.2664184570312,145.05409240722656,57.063045501708984,121.3544692993164,208.71348571777344,340.24530029296875,352.0199890136719,298.88262939453125,160.98614501953125,507.2179260253906,147.97242736816406
2022-04-12,21.466079711914062,273.480712890625,164.42442321777344,126.83966827392578,212.8280029296875,328.98333740234375,54.667144775390625,75.70902252197266,48.766727447509766,555.1058349609375,144.61749267578125,57.733741760253906,120.02230834960938,205.45762634277344,338.70751953125,349.739990234375,298.0313415527344,161.03982543945312,503.6976623535156,145.77674865722656
2022-04-13,22.163848876953125,278.87158203125,167.1115264892578,129.00424194335938,213.67279052734375,340.7900085449219,55.3651237487793,76.10985565185547,50.03657913208008,564.3965454101562,145.0268096923828,57.885765075683594,116.15357971191406,207.2750701904297,347.8560485839844,346.2200012207031,292.7977600097656,161.72018432617188,506.8026428222656,139.66976928710938
2022-04-14,21.220518112182617,271.318603515625,162.10011291503906,125.86193084716797,208.89222717285156,328.3333435058594,53.61878204345703,75.82353210449219,49.992027282714844,563.7281494140625,144.2173614501953,58.14509582519531,115.07689666748047,206.8085479736328,350.4810791015625,344.3299865722656,292.01416015625,161.03982543945312,504.7452697753906,142.6222381591797
2022-04-18,21.744590759277344,271.9875793457031,161.88436889648438,126.80194091796875,209.4786376953125,334.7633361816406,54.800758361816406,74.6496810913086,49.610107421875,555.8314819335938,142.84402465820312,57.62643051147461,117.21199798583984,207.17791748046875,349.48187255859375,346.6499938964844,289.0733642578125,159.03468322753906,504.04693603515625,140.03004455566406
2022-04-19,22.15886116027832,276.6221923828125,164.1693878173828,129.1184539794922,215.97854614257812,342.7166748046875,55.83977508544922,75.92851257324219,50.17342758178711,567.4614868164062,144.9813232421875,58.189823150634766,119.63908386230469,209.63674926757812,356.406982421875,348.5,287.3224182128906,163.88645935058594,507.46331787109375,137.3851776123047
2022-04-20,21.444114685058594,277.6499328613281,164.00265502929688,127.1629409790039,199.19204711914062,325.73333740234375,55.84912109375,76.62521362304688,50.80358123779297,576.2747192382812,148.83753967285156,58.9857177734375,120.05879211425781,211.66799926757812,357.7978210449219,348.82000732421875,283.3658447265625,164.61154174804688,515.3059692382812,137.6927032470703
2022-04-21,20.147409439086914,272.26873779296875,163.20826721191406,123.95954132080078,186.91770935058594,336.260009765625,55.382869720458984,75.85218048095703,50.87997055053711,565.0170288085938,148.7213897705078,59.20928192138672,119.12810516357422,210.36566162109375,356.9652404785156,343.6000061035156,280.16375732421875,164.13710021972656,507.2179260253906,139.29193115234375
2022-04-22,19.480588912963867,265.69500732421875,158.6676483154297,118.81600189208984,182.9819793701172,335.01666259765625,54.842796325683594,72.73143768310547,49.92200469970703,545.8822021484375,147.47755432128906,58.35078430175781,115.70646667480469,202.3184356689453,343.9772644042969,335.55999755859375,269.6386413574219,162.50787353515625,491.64569091796875,136.19007873535156
2022-04-25,19.866907119750977,272.1815185546875,159.7366485595703,122.23095703125,185.84432983398438,332.67333984375,54.929691314697266,73.46629333496094,49.94746398925781,542.5497436523438,148.66653442382812,58.96783447265625,115.66995239257812,204.0484161376953,347.32708740234375,336.95001220703125,275.89764404296875,166.50930786132812,494.78851318359375,137.34121704101562
2022-04-26,18.75486946105957,262.0008544921875,153.77395629882812,117.83726501464844,179.84132385253906,292.1400146484375,52.331214904785156,71.1090087890625,49.4255256652832,528.7523193359375,146.14224243164062,58.17193603515625,112.24832916259766,195.4471893310547,337.0521545410156,330.6499938964844,273.6048583984375,165.3187255859375,484.88836669921875,137.23574829101562
2022-04-27,18.38252830505371,274.60546875,153.5484161376953,113.51160430908203,173.87806701660156,293.836669921875,52.281700134277344,71.34760284423828,49.088172912597656,529.0577392578125,145.7489776611328,58.62799835205078,110.78841400146484,208.0914764404297,354.15411376953125,329.5799865722656,275.7911682128906,163.00921630859375,484.91668701171875,138.5010986328125
2022-04-28,19.74711799621582,280.8205261230469,160.48196411132812,117.71063232421875,204.46949768066406,292.5033264160156,54.0943717956543,72.66462707519531,49.715126037597656,537.4931030273438,149.4530487060547,59.19139862060547,112.5403060913086,214.45733642578125,371.06011962890625,331.2699890136719,287.57391357421875,164.22662353515625,494.9300537109375,137.35000610351562
2022-04-29,18.51430320739746,269.07879638671875,154.6075439453125,113.32786560058594,199.24172973632812,290.2533264160156,51.800498962402344,70.04967498779297,48.69034194946289,508.5336608886719,146.83737182617188,57.7784538269043,108.9087905883789,207.13900756835938,355.9270324707031,322.8299865722656,282.6015930175781,161.5411376953125,479.9524230957031,129.0638427734375
2022-05-02,19.49855613708496,275.81744384765625,154.91162109375,115.784423828125,209.83642578125,300.9800109863281,53.85237121582031,70.62229919433594,48.368900299072266,505.8843994140625,144.85269165039062,56.73216247558594,109.90335083007812,205.583984375,351.6759948730469,318.19000244140625,280.11541748046875,159.9119415283203,472.96856689453125,129.9337615966797
2022-05-03,19.567434310913086,273.2092590332031,156.4022674560547,116.5302734375,210.73089599609375,303.0833435058594,54.302738189697266,69.94470977783203,48.53758239746094,505.0523681640625,142.8680419921875,56.41023254394531,112.25743865966797,202.69747924804688,350.45159912109375,318.989990234375,278.6739807128906,159.59860229492188,471.52459716796875,131.45388793945312
2022-05-04,20.298147201538086,281.15985107421875,162.8160400390625,121.42353057861328,222.04119873046875,317.5400085449219,56.40413284301758,71.77705383300781,49.20909881591797,520.689453125,143.9197998046875,58.154048919677734,115.97107696533203,208.48997497558594,360.9615173339844,326.79998779296875,285.28125,161.3083953857422,479.0748291015625,133.20252990722656
2022-05-05,18.810771942138672,268.91400146484375,153.74453735351562,115.70745086669922,207.00387573242188,291.09332275390625,54.19247817993164,69.4770736694336,48.7874755859375,494.7615966796875,141.2675018310547,57.68902587890625,113.06951141357422,199.47080993652344,346.1223449707031,318.67999267578125,282.833740234375,158.22901916503906,466.9001770019531,133.72093200683594
2022-05-06,18.642072677612305,266.37371826171875,154.47134399414062,114.95364379882812,202.52151489257812,288.54998779296875,54.20276641845703,69.18120574951172,47.77174377441406,481.4102783203125,142.67596435546875,57.89470291137695,112.88702392578125,197.1188507080078,340.00048828125,318.8800048828125,287.21600341796875,157.87989807128906,471.52459716796875,134.2921142578125
2022-05-09,16.92011260986328,256.53240966796875,149.34454345703125,111.74031829833984,195.00782775878906,262.3699951171875,52.59751892089844,68.27458953857422,48.330718994140625,477.0777893066406,142.31927490234375,57.7784538269043,111.18990325927734,187.57485961914062,321.2628479003906,312.9599914550781,279.796142578125,158.73927307128906,459.06689453125,132.64898681640625
2022-05-10,17.56397247314453,261.30279541015625,151.7508087158203,113.61141204833984,196.4390106201172,266.67999267578125,54.32329559326172,69.21940612792969,47.65035629272461,479.5931091308594,141.56930541992188,57.241905212402344,108.47994995117188,188.1385498046875,318.6573791503906,312.5299987792969,276.3813171386719,158.52442932128906,460.5675354003906,133.6418914794922
2022-05-11,16.600675582885742,252.6249542236328,143.88381958007812,112.8243408203125,187.5836181640625,244.6666717529297,52.989013671875,67.78787231445312,47.152069091796875,467.7530212402344,139.5754852294922,57.51017761230469,107.79561614990234,191.19032287597656,319.1863098144531,311.5400085449219,277.3389892578125,157.6650848388672,458.8121032714844,133.52764892578125
2022-05-12,16.14647674560547,247.5831756591797,140.01419067382812,112.07103729248047,190.06826782226562,242.6666717529297,53.40574264526367,67.50154876708984,47.107357025146484,464.97943115234375,139.00843811035156,57.68902587890625,107.70437622070312,188.8776397705078,314.6513366699219,308.05999755859375,282.2823181152344,159.22265625,451.8753967285156,135.5750274658203
2022-05-13,17.674774169921875,253.1776580810547,144.48294067382812,115.25556945800781,197.40306091308594,256.5299987792969,54.96334457397461,67.92147064208984,47.2894172668457,475.5858154296875,140.49923706054688,58.771095275878906,108.66242980957031,193.99954223632812,325.9741516113281,310.3599853515625,283.06854248046875,158.30960083007812,458.10430908203125,134.88084411621094
2022-05-16,17.233558654785156,253.54608154296875,142.94094848632812,113.66106414794922,198.81436157226562,241.4566650390625,54.442893981933594,66.52810668945312,47.34053039550781,472.9653015136719,141.87109375,58.9857177734375,107.90510559082031,192.6168670654297,322.96722412109375,309.2900085449219,290.5910339355469,159.41067504882812,461.7095031738281,136.61190795898438
2022-05-17,18.14495086669922,258.7043151855469,146.5748748779297,115.67518615722656,201.37855529785156,253.8699951171875,56.82366943359375,68.59908294677734,41.9551887512207,469.08233642578125,141.46868896484375,58.824745178222656,111.48187255859375,198.6443328857422,331.9098815917969,314.6000061035156,292.5517272949219,160.0730743408203,464.83331298828125,136.00558471679688
2022-05-18,16.908132553100586,246.9255828857422,138.3052520751953,111.13300323486328,191.06214904785156,236.60333251953125,53.312313079833984,65.1824722290039,39.10600280761719,410.6754455566406,132.65203857421875,54.729007720947266,109.57485961914062,194.7395782470703,329.01055908203125,306.6400146484375,286.5240783691406,157.10113525390625,444.8726806640625,133.94065856933594
2022-05-19,17.09380340576172,246.0120391845703,134.89724731445312,109.62789154052734,190.1179656982422,236.47332763671875,51.03617858886719,63.9799919128418,38.03276824951172,404.4875793457031,129.59730529785156,53.6558952331543,107.95072937011719,192.18838500976562,325.4061279296875,304.1499938964844,277.86590576171875,155.70469665527344,451.639404296875,133.3167724609375
2022-05-20,16.66456413269043,245.44837951660156,135.13294982910156,108.16199493408203,192.35418701171875,221.3000030517578,50.75400924682617,65.49739837646484,38.07429122924805,398.2709655761719,129.6796417236328,54.53227615356445,107.06565856933594,193.80479431152344,329.2848815917969,304.04998779296875,290.07659912109375,158.4259796142578,458.4157409667969,132.69287109375
2022-05-23,16.868202209472656,253.310546875,140.55438232421875,110.72432708740234,195.0277099609375,224.96665954589844,49.18145751953125,66.84304809570312,39.16030502319336,410.751953125,132.6612091064453,56.2134895324707,113.68998718261719,202.1108856201172,341.28363037109375,310.20001220703125,293.7164611816406,161.66024780273438,464.4085998535156,130.0743408203125
2022-05-24,16.12551498413086,252.30960083007812,137.85348510742188,105.24412536621094,180.1693115234375,209.3866729736328,48.97964096069336,65.879150390625,39.649009704589844,418.623046875,135.02084350585938,57.25083541870117,115.2958755493164,197.31028747558594,333.7023620605469,309.1700134277344,296.9779052734375,163.426025390625,469.5804443359375,131.02333068847656
2022-05-25,16.945070266723633,255.1279754638672,138.0106201171875,105.08024597167969,182.70367431640625,219.60000610351562,49.673866271972656,66.64262390136719,39.40625,420.9183349609375,132.80755615234375,57.29555130004883,116.09881591796875,198.48854064941406,337.6888732910156,308.6400146484375,297.9970397949219,161.8223876953125,470.08056640625,133.52764892578125
2022-05-26,17.81952476501465,258.4128112792969,141.21240234375,107.05414581298828,190.4558868408203,235.91000366210938,51.45197677612305,68.38911437988281,40.24632263183594,444.7134704589844,133.96908569335938,57.50123596191406,118.10618591308594,203.0748291015625,342.7137145996094,312.5,304.2576599121094,161.67828369140625,473.98785400390625,132.30625915527344
2022-05-27,18.777828216552734,265.5460205078125,146.96774291992188,111.5471420288086,193.9344482421875,253.2100067138672,54.49988555908203,69.4579849243164,41.0384635925293,450.2318420410156,136.01773071289062,57.84104919433594,119.77594757080078,207.29119873046875,350.44183349609375,319.1099853515625,313.9835205078125,163.1467742919922,478.5934143066406,131.80538940429688
2022-05-31,18.63907814025879,264.2146301269531,146.1820526123047,112.98274993896484,192.45359802246094,252.75332641601562,54.2055549621582,68.63723754882812,41.08637619018555,445.88983154296875,135.24951171875,56.67850875854492,120.65186309814453,206.599853515625,350.5299987792969,315.9800109863281,304.2382507324219,161.74130249023438,468.8443603515625,129.49440002441406
2022-06-01,18.287696838378906,264.7492370605469,146.0543670654297,113.11185455322266,187.48422241210938,246.7899932861328,53.597293853759766,68.33184051513672,40.07064437866211,437.06231689453125,133.20082092285156,56.40128707885742,118.53502655029297,204.4186553955078,349.73663330078125,312.2099914550781,301.94757080078125,160.10166931152344,464.8521728515625,128.30816650390625
2022-06-02,19.55745506286621,266.8482666015625,148.50975036621094,116.81680297851562,197.6416015625,258.3333435058594,53.888816833496094,69.80155944824219,40.728633880615234,466.3470764160156,134.63668823242188,56.99149703979492,120.4420166015625,209.40423583984375,355.6331481933594,314.95001220703125,293.5514831542969,159.59713745117188,464.5785217285156,128.9495849609375
2022-06-03,18.686988830566406,262.4167175292969,142.7838134765625,113.75640869140625,189.61109924316406,234.51666259765625,52.63489532470703,68.5131607055664,40.029117584228516,455.4824523925781,133.42945861816406,56.31186294555664,118.76314544677734,207.0672149658203,350.4810791015625,310.94000244140625,292.79443359375,158.93948364257812,458.302490234375,129.3186492919922
2022-06-06,18.75287437438965,261.1825256347656,143.53025817871094,116.02029418945312,193.05984497070312,238.27999877929688,52.439598083496094,69.63932037353516,39.8853759765625,451.8672790527344,132.90814208984375,56.222434997558594,118.37078094482422,207.34962463378906,352.7534484863281,312.1499938964844,294.4542236328125,158.9214630126953,462.61541748046875,128.75628662109375
2022-06-07,18.89263153076172,264.826904296875,146.0543670654297,116.3470458984375,194.4512481689453,238.8866729736328,53.53843307495117,69.3720932006836,39.40625,451.20733642578125,134.3897705078125,56.562252044677734,118.68101501464844,208.86865234375,356.5538330078125,313.6499938964844,302.93756103515625,160.66921997070312,469.1462707519531,131.0496826171875
2022-06-08,18.619056701660156,262.7957763671875,145.3177490234375,116.39124298095703,195.4351806640625,241.86666870117188,52.825496673583984,68.12188720703125,39.064483642578125,447.5826110839844,132.71604919433594,56.240325927734375,116.79227447509766,207.89492797851562,354.8985900878906,308.739990234375,304.2867736816406,159.7142791748047,465.7770690917969,131.14639282226562
2022-06-09,18.019983291625977,257.3340148925781,140.0927734375,114.04889678955078,182.87265014648438,239.7066650390625,51.97148132324219,66.06047058105469,38.65563201904297,451.4655456542969,130.3198699951172,55.26556396484375,114.33780670166016,200.6988983154297,341.8419189453125,300.79998779296875,294.347412109375,156.49801635742188,461.90771484375,127.78971099853516
2022-06-10,16.947656631469727,245.86630249023438,134.68118286132812,110.40006256103516,174.4943084716797,232.22999572753906,50.57460021972656,64.07542419433594,38.872825622558594,443.1067199707031,129.82598876953125,54.91680908203125,109.0821533203125,194.2721710205078,327.88421630859375,291.7099914550781,288.2906188964844,155.4529571533203,457.3775634765625,125.83020782470703
2022-06-13,15.622711181640625,235.4384002685547,129.52493286132812,105.66372680664062,163.25357055664062,215.73666381835938,48.36482620239258,61.12647247314453,38.14137268066406,432.5290222167969,126.35055541992188,54.85420608520508,105.83387756347656,187.2125244140625,313.18206787109375,281.55999755859375,282.72882080078125,153.88534545898438,443.2871398925781,122.50874328613281
2022-06-14,15.811419486999512,237.60562133789062,130.38919067382812,105.98451232910156,162.72682189941406,220.88999938964844,48.60308837890625,67.49202728271484,38.1573371887207,434.96783447265625,122.40864562988281,53.34999084472656,104.07286834716797,188.43946838378906,315.5328063964844,277.6400146484375,282.25323486328125,151.5249481201172,435.7842102050781,120.92704772949219
2022-06-15,16.501344680786133,244.67091369628906,133.01150512695312,109.01263427734375,168.31240844726562,233.0,49.21415710449219,66.51856231689453,38.13179016113281,438.7838134765625,121.19224548339844,53.74631118774414,105.30465698242188,191.01014709472656,318.71612548828125,278.92999267578125,284.38861083984375,153.1466064453125,438.21905517578125,121.34004974365234
2022-06-16,15.576784133911133,238.07211303710938,127.73738861083984,105.30718994140625,159.8843536376953,213.10000610351562,46.45497131347656,65.5737533569336,38.527870178222656,432.06036376953125,121.93307495117188,53.20587921142578,103.49800872802734,184.08680725097656,302.44683837890625,268.55999755859375,279.6130676269531,153.2277069091797,431.97747802734375,122.2714614868164
2022-06-17,15.855348587036133,240.67665100097656,129.2106170654297,106.40957641601562,162.73678588867188,216.75999450683594,46.59232711791992,64.62894439697266,37.78362274169922,427.21142578125,121.0550537109375,53.53013610839844,103.13304901123047,185.0216064453125,304.3177185058594,268.0799865722656,282.3599853515625,152.6691436767578,428.16058349609375,121.50698852539062
2022-06-21,16.540285110473633,246.59515380859375,133.4436798095703,110.77993774414062,156.0877685546875,237.0366668701172,47.46095275878906,64.59077453613281,39.02294921875,442.9154052734375,124.7225341796875,54.67406463623047,105.68787384033203,189.28660583496094,310.8900451660156,271.7699890136719,288.6109313964844,155.86737060546875,454.9265441894531,126.06745147705078
2022-06-22,16.33460235595703,246.00234985351562,132.93295288085938,110.72383117675781,154.8951416015625,236.086669921875,46.73834991455078,63.49326705932617,38.55022430419922,439.9026794433594,126.6706314086914,55.079383850097656,105.09480285644531,188.73159790039062,309.6656799316406,269.7900085449219,297.6864318847656,158.32688903808594,463.7916259765625,129.66136169433594
2022-06-23,16.199811935424805,251.57093811035156,135.8008270263672,111.47315979003906,157.77735900878906,235.07000732421875,46.78357696533203,64.54303741455078,39.486106872558594,454.28692626953125,130.1460723876953,55.73692321777344,103.94512939453125,191.47752380371094,310.2632141113281,267.5199890136719,303.5394592285156,161.85845947265625,473.38616943359375,131.32211303710938
2022-06-24,17.099411010742188,260.16204833984375,139.13027954101562,117.16688537597656,169.117431640625,245.7066650390625,47.962158203125,67.47291564941406,39.5180549621582,463.24835205078125,132.02099609375,56.781761169433594,107.04741668701172,200.1147003173828,323.72137451171875,278.2799987792969,316.06072998046875,164.22787475585938,469.4366149902344,133.8615264892578
2022-06-27,16.842815399169922,257.4311828613281,139.13027954101562,115.0400619506836,168.45155334472656,244.9199981689453,47.64372634887695,67.19615173339844,39.64581298828125,460.74261474609375,131.01492309570312,56.66466522216797,106.18971252441406,198.21583557128906,322.0855407714844,278.3999938964844,317.66229248046875,164.07469177246094,478.9267883300781,134.56451416015625
2022-06-28,15.957191467285156,249.25802612304688,134.98558044433594,111.24026489257812,159.69549560546875,232.663330078125,46.959754943847656,65.44969940185547,39.08683776855469,448.175537109375,128.88392639160156,56.097206115722656,105.67874145507812,192.91868591308594,311.7618408203125,273.8599853515625,308.29559326171875,159.407958984375,481.55987548828125,133.99339294433594
2022-06-29,15.51787281036377,252.93157958984375,136.74366760253906,110.93636322021484,162.93556213378906,228.49000549316406,46.20228576660156,66.05093383789062,38.94309997558594,449.3519592285156,130.05459594726562,56.502532958984375,105.20428466796875,194.262451171875,315.97357177734375,273.489990234375,313.5176086425781,159.45303344726562,488.4455871582031,135.44320678710938
2022-06-30,15.135469436645508,249.59811401367188,134.2784881591797,108.21660614013672,160.2620086669922,224.47332763671875,45.768917083740234,66.68081665039062,38.83450698852539,458.38037109375,131.5088348388672,56.66466522216797,102.74983215332031,191.72100830078125,309.00946044921875,273.0199890136719,314.7115173339844,159.9215087890625,486.4754638671875,134.5821075439453
2022-07-01,14.500457763671875,252.2707061767578,136.4490203857422,107.99266052246094,159.04949951171875,227.26333618164062,45.01805114746094,67.63517761230469,39.169883728027344,464.57781982421875,133.63067626953125,57.988731384277344,104.06375122070312,193.95083618164062,311.71282958984375,277.5,315.1773681640625,161.73236083984375,490.04620361328125,135.1444549560547
2022-07-05,14.940770149230957,255.44863891601562,139.03204345703125,112.48716735839844,167.1595001220703,233.06666564941406,44.87296676635742,68.70403289794922,39.68734359741211,466.96875,132.341064453125,56.9979362487793,103.66790771484375,195.275146484375,312.7118835449219,275.69000244140625,317.5748596191406,160.48907470703125,478.5290222167969,135.25868225097656
2022-07-06,15.106514930725098,258.71405029296875,140.36776733398438,113.78719329833984,168.72984313964844,231.73333740234375,45.46744155883789,68.38911437988281,39.96841812133789,471.16729736328125,133.57579040527344,57.11503219604492,102.99594116210938,195.83993530273438,313.603271484375,275.6499938964844,320.4576721191406,160.63319396972656,488.0477294921875,134.02850341796875
2022-07-07,15.83338451385498,260.8423767089844,143.7365264892578,117.96935272216797,171.135009765625,244.5433349609375,46.96823501586914,68.55135345458984,40.029117584228516,473.3670654296875,133.53005981445312,56.66466522216797,105.60098266601562,197.47581481933594,317.9097900390625,279.2799987792969,318.32232666015625,160.8134002685547,487.1859130859375,133.5627899169922
2022-07-08,15.81341552734375,260.12322998046875,144.41419982910156,118.53594207763672,169.8330535888672,250.76333618164062,46.982357025146484,68.58951568603516,40.054664611816406,479.669677734375,132.63375854492188,56.8718376159668,105.26961517333984,198.22561645507812,316.9189758300781,280.8299865722656,320.768310546875,160.6151885986328,491.2112121582031,134.30970764160156
2022-07-11,15.128480911254883,257.0619201660156,142.28292846679688,114.88414001464844,161.88204956054688,234.3433380126953,45.490989685058594,68.60869598388672,40.07064437866211,477.14471435546875,133.566650390625,56.691688537597656,103.88883209228516,199.67649841308594,318.0274963378906,278.510009765625,321.3507385253906,160.67828369140625,489.6199951171875,134.64361572265625
2022-07-12,15.058588981628418,246.52711486816406,143.25526428222656,113.23948669433594,162.2696533203125,233.07000732421875,45.35062026977539,67.49667358398438,39.94926071166992,469.17803955078125,132.38682556152344,56.4484977722168,103.99010467529297,199.44281005859375,316.7227478027344,277.2799987792969,314.0903015136719,158.42596435546875,487.22369384765625,133.9669952392578
2022-07-13,15.140460968017578,245.60386657714844,142.891845703125,110.59075164794922,162.4883270263672,237.0399932861328,45.38452911376953,67.13241577148438,40.04508590698242,470.7560729980469,133.25567626953125,56.187286376953125,103.01436614990234,198.7903594970703,317.22308349609375,277.4700012207031,312.9934997558594,158.0565948486328,474.74053955078125,133.69454956054688
2022-07-14,15.348138809204102,246.9255828857422,145.8186492919922,109.61150360107422,157.08163452148438,238.31333923339844,45.65868377685547,66.57640838623047,40.82765197753906,489.6161193847656,132.86239624023438,56.007137298583984,99.4151611328125,200.50418090820312,318.85150146484375,274.4100036621094,317.2934875488281,158.27281188964844,475.86761474609375,133.42852783203125
2022-07-15,15.737533569335938,249.49124145507812,147.48831176757812,111.01183319091797,163.69088745117188,240.06666564941406,46.58384323120117,67.81303405761719,41.226924896240234,500.1460266113281,132.6795196533203,56.29536819458008,103.9716796875,204.5257568359375,326.24822998046875,278.4800109863281,321.86517333984375,160.57015991210938,501.7432861328125,136.24896240234375
2022-07-18,16.07600975036621,247.09080505371094,144.4436798095703,108.28314971923828,166.2053985595703,240.54666137695312,46.263526916503906,67.3049545288086,41.13109588623047,493.7859802246094,131.06979370117188,55.529754638671875,102.90389251708984,201.77003479003906,324.71795654296875,276.260009765625,312.3237609863281,156.96649169921875,491.9120788574219,132.6569366455078
2022-07-19,16.965621948242188,252.2220916748047,148.30345153808594,113.0304183959961,174.70301818847656,245.52999877929688,47.953678131103516,69.2509765625,41.38343811035156,497.5445861816406,131.7374725341797,56.3223876953125,105.45370483398438,208.05072021484375,333.9097595214844,283.54998779296875,316.6236877441406,154.67816162109375,505.24761962890625,132.80767822265625
2022-07-20,17.77935791015625,254.88491821289062,150.30702209472656,113.11980438232422,181.96820068359375,247.5,48.21464157104492,69.58648681640625,41.728397369384766,501.341552734375,129.4601593017578,55.394649505615234,105.43528747558594,207.76832580566406,334.7828063964844,286.0400085449219,312.5760192871094,153.79525756835938,492.00665283203125,130.98948669433594
2022-07-21,18.02198028564453,257.3825988769531,152.57577514648438,113.55677795410156,182.0477294921875,271.7066650390625,48.77143478393555,71.45579528808594,42.33848190307617,506.37225341796875,129.58258056640625,55.26853942871094,106.15328979492188,210.51429748535156,340.3254699707031,286.8500061035156,317.3226013183594,154.3358154296875,494.83868408203125,131.042724609375
2022-07-22,17.2921199798584,253.02871704101562,151.33827209472656,107.16090393066406,168.23289489746094,272.24334716796875,48.28530502319336,71.80091094970703,42.22987747192383,506.6208190917969,131.65377807617188,55.4757080078125,105.6378173828125,208.08966064453125,337.3432312011719,285.92999267578125,319.0988464355469,155.06558227539062,493.8441162109375,131.68130493164062
2022-07-25,16.99757194519043,251.5418243408203,150.2186737060547,106.77357482910156,165.62893676757812,268.4333190917969,48.34089279174805,71.7625732421875,42.16919708251953,506.0660705566406,132.54666137695312,56.016143798828125,106.06122589111328,208.6446990966797,337.66693115234375,287.989990234375,321.8166198730469,155.3718719482422,501.4780578613281,133.2333984375
2022-07-26,16.507339477539062,244.80697631835938,148.8927764892578,104.30062103271484,158.1748809814453,258.8599853515625,48.15058517456055,70.96691131591797,38.962276458740234,489.6065979003906,132.80442810058594,56.934879302978516,104.40433502197266,206.9114227294922,334.7925720214844,285.30999755859375,321.8263244628906,156.4709930419922,503.4860534667969,133.80990600585938
2022-07-27,17.762386322021484,261.1727294921875,153.9900665283203,112.28555297851562,168.54098510742188,274.82000732421875,49.72391128540039,72.73078155517578,40.43477249145508,499.5338439941406,134.06552124023438,56.754737854003906,106.07965087890625,204.94447326660156,336.74481201171875,290.29998779296875,319.28326416015625,156.03857421875,506.3462219238281,134.05824279785156
2022-07-28,17.956085205078125,268.6268310546875,154.5400848388672,113.43760681152344,159.7352752685547,280.8999938964844,50.27223205566406,73.85235595703125,41.444129943847656,513.6843872070312,136.29319763183594,57.700496673583984,105.68385314941406,205.80137634277344,345.7502746582031,293.8999938964844,321.0885925292969,156.93943786621094,512.8626708984375,132.81655883789062
2022-07-29,18.134807586669922,272.83489990234375,159.60794067382812,115.52323150634766,158.12521362304688,297.1499938964844,50.44840621948242,74.6192626953125,42.17877960205078,518.5894775390625,127.87036895751953,57.79957580566406,106.19011688232422,206.54141235351562,347.0649108886719,300.6000061035156,320.0111999511719,157.22775268554688,513.6676635742188,127.28214263916016
2022-08-01,18.412372589111328,270.1817932128906,158.62582397460938,114.07322692871094,158.9501190185547,297.27667236328125,50.532257080078125,74.23582458496094,42.33529281616211,523.8683471679688,131.54330444335938,58.11483383178711,105.13153839111328,205.8111114501953,343.8765869140625,295.8599853515625,314.6337890625,156.67822265625,507.0756530761719,124.3641586303711
2022-08-02,18.497238159179688,267.0815734863281,157.15255737304688,114.34137725830078,159.20851135253906,300.586669921875,50.04611587524414,73.19090270996094,42.38001251220703,520.658935546875,130.66879272460938,57.322200775146484,103.49302673339844,200.84500122070312,342.375732421875,292.1700134277344,310.7998352050781,155.78628540039062,507.1513366699219,124.51495361328125
2022-08-03,18.863672256469727,274.5161437988281,163.1632843017578,117.27116394042969,167.76577758789062,307.39666748046875,51.50922775268555,74.16870880126953,41.68368911743164,524.059814453125,133.36595153808594,57.574398040771484,104.5792236328125,203.00669860839844,347.3983459472656,294.9599914550781,304.6167907714844,157.2908172607422,512.0670776367188,125.2333755493164
2022-08-04,19.1851749420166,275.6629638671875,162.84901428222656,117.38041687011719,169.52496337890625,308.6333312988281,52.08014678955078,74.19747161865234,40.10896682739258,520.4863891601562,133.15420532226562,57.349212646484375,103.42858123779297,207.86570739746094,349.3014831542969,292.9100036621094,296.81292724609375,154.76824951171875,505.5317687988281,123.21118927001953
2022-08-05,18.959524154663086,274.9437561035156,162.62278747558594,116.66535186767578,166.08612060546875,288.1700134277344,51.9520149230957,74.14954376220703,40.43157196044922,517.9857788085938,133.21865844726562,57.088008880615234,106.5583267211914,210.2026824951172,350.7140808105469,292.07000732421875,292.4741516113281,154.15565490722656,506.77252197265625,122.43067932128906
2022-08-08,17.765377044677734,272.42669677734375,162.1507110595703,116.49651336669922,169.20689392089844,290.42333984375,51.395225524902344,73.30594635009766,40.76057434082031,519.164306640625,133.72494506835938,56.71871566772461,105.26040649414062,207.7196807861328,345.4658508300781,292.3399963378906,293.6194763183594,153.33578491210938,508.23114013671875,124.47058868408203
2022-08-09,17.059478759765625,274.3509521484375,162.19989013671875,115.83110046386719,167.49742126464844,283.3333435058594,50.195919036865234,73.5935287475586,41.16304016113281,513.3394165039062,133.41197204589844,56.79076385498047,106.20852661132812,204.73997497558594,339.95263671875,292.7699890136719,294.1241760253906,153.31776428222656,508.85626220703125,124.39079284667969
2022-08-10,18.068912506103516,281.0178527832031,166.44863891601562,118.88006591796875,177.247314453125,294.3566589355469,51.854976654052734,74.33167266845703,41.2492790222168,517.1715698242188,134.67308044433594,57.33120346069336,108.97926330566406,206.5316925048828,346.66259765625,295.1099853515625,295.66748046875,153.75921630859375,509.29180908203125,125.00276947021484
2022-08-11,17.914146423339844,278.93804931640625,165.7110137939453,118.02595520019531,176.40252685546875,286.6300048828125,51.385807037353516,73.96739959716797,41.64707946777344,509.8711853027344,133.71572875976562,56.94389724731445,110.59016418457031,205.90249633789062,343.9158020019531,296.4700012207031,292.3284912109375,150.5789794921875,504.6888732910156,126.01387023925781
2022-08-12,18.679956436157227,283.6904296875,169.26145935058594,120.84651184082031,179.39407348632812,300.0299987792969,52.591712951660156,75.87504577636719,42.41701126098633,514.6710205078125,135.01368713378906,57.3762321472168,112.4219741821289,206.14637756347656,347.53564453125,301.54998779296875,300.0119323730469,148.9213104248047,514.955810546875,126.47505187988281
2022-08-15,19.002456665039062,285.2064208984375,170.33349609375,121.2437744140625,179.78170776367188,309.32000732421875,52.660484313964844,75.83672332763672,42.53892135620117,522.852783203125,136.75344848632812,58.096824645996094,112.72572326660156,211.11151123046875,353.1077575683594,302.82000732421875,305.7183837890625,149.63302612304688,515.8460083007812,126.20008850097656
2022-08-16,18.849695205688477,284.4678649902344,170.17616271972656,120.86637878417969,178.37039184570312,306.5633239746094,51.9718017578125,76.22974395751953,44.710784912109375,529.8178100585938,138.0146026611328,58.57421112060547,113.80272674560547,211.81385803222656,352.4210510253906,306.6499938964844,302.1834716796875,150.9663848876953,517.2478637695312,126.43073272705078
2022-08-17,18.30653953552246,283.7178955078125,171.67103576660156,118.7311019897461,173.7787322998047,303.9966735839844,50.74140167236328,75.97090148925781,44.7588996887207,532.9791870117188,137.3794403076172,58.43909454345703,112.84541320800781,209.25814819335938,348.57562255859375,304.260009765625,308.52301025390625,150.9754180908203,516.18701171875,125.44624328613281
2022-08-18,18.743860244750977,282.597900390625,171.27767944335938,119.34685516357422,173.58987426757812,302.8699951171875,52.61244201660156,76.03802490234375,44.61453628540039,537.4246826171875,137.86727905273438,58.74535369873047,111.97091674804688,209.97019958496094,350.5669860839844,304.2699890136719,308.42559814453125,150.24566650390625,516.3953247070312,125.31318664550781
2022-08-19,17.821292877197266,278.6828308105469,168.69100952148438,116.4071273803711,166.93092346191406,296.6666564941406,51.668434143066406,75.40534210205078,43.956886291503906,531.264404296875,137.8304901123047,58.7003059387207,109.20018005371094,207.59983825683594,347.5455627441406,297.2799987792969,314.317138671875,152.53399658203125,519.3316040039062,125.80986785888672
2022-08-22,17.007556915283203,270.50201416015625,164.80618286132812,113.45746612548828,162.0509796142578,289.913330078125,49.814361572265625,73.29637145996094,43.170902252197266,522.5844116210938,137.4622802734375,57.826602935791016,107.39598083496094,203.49305725097656,338.94219970703125,288.69000244140625,314.6385498046875,151.99888610839844,515.7798461914062,124.47058868408203
2022-08-23,17.15433120727539,269.2262268066406,164.47177124023438,113.08007049560547,160.12289428710938,296.4533386230469,49.91139602661133,73.2484359741211,42.9880485534668,519.3270874023438,134.8111572265625,57.889652252197266,106.33739471435547,201.72747802734375,334.4100341796875,289.6499938964844,306.8480529785156,150.67469787597656,507.4733581542969,123.29985046386719
2022-08-24,17.195268630981445,268.59320068359375,164.766845703125,112.91123962402344,162.2597198486328,297.0966796875,50.011268615722656,73.01835632324219,43.29924011230469,520.4287719726562,134.2312469482422,57.97072219848633,106.59514617919922,201.60064697265625,333.2524719238281,293.5199890136719,310.5193176269531,150.17587280273438,508.09857177734375,122.31538391113281
2022-08-25,17.885194778442383,271.5733947753906,167.2255859375,115.85096740722656,167.74588012695312,296.07000732421875,51.82860565185547,73.70855712890625,43.587947845458984,527.662109375,134.12074279785156,58.249942779541016,109.1265640258789,204.67340087890625,338.11822509765625,298.1300048828125,314.677490234375,151.5816650390625,512.9383544921875,123.57479858398438
2022-08-26,16.234764099121094,261.0941162109375,160.92129516601562,109.58419036865234,160.78878784179688,288.0899963378906,49.07102966308594,71.5612564086914,42.21811294555664,509.5072326660156,130.98178100585938,56.84481430053711,105.5549545288086,197.91339111328125,325.6498107910156,289.9599914550781,307.29595947265625,148.98773193359375,501.2698059082031,120.93179321289062
2022-08-29,15.776471138000488,258.30877685546875,158.71827697753906,108.67049407958984,158.19476318359375,284.82000732421875,48.44169616699219,71.12026977539062,42.628746032714844,508.77899169921875,130.4294891357422,56.502532958984375,105.2972183227539,197.36712646484375,323.0894470214844,287.45001220703125,302.0276794433594,147.83587646484375,501.76226806640625,120.36419677734375
2022-08-30,15.443988800048828,256.10772705078125,156.2890167236328,108.19378662109375,156.19712829589844,277.70001220703125,47.70779037475586,71.07234954833984,42.500423431396484,502.1493225097656,129.03944396972656,55.98011779785156,105.31564331054688,196.44041442871094,321.5786437988281,285.4200134277344,298.9991760253906,147.31887817382812,495.1986389160156,120.22225189208984
2022-08-31,15.070572853088379,254.64694213867188,154.62689208984375,107.47872161865234,161.9317169189453,275.6099853515625,47.02192306518555,71.0819320678711,42.522884368896484,500.1949462890625,126.97749328613281,55.583797454833984,104.68968963623047,193.8358917236328,318.20404052734375,280.79998779296875,293.3412780761719,146.33030700683594,491.8741149902344,119.2555160522461
2022-09-01,13.915366172790527,253.6048126220703,155.3546905517578,108.9883041381836,164.34686279296875,277.1600036621094,46.353031158447266,72.18435668945312,43.14203643798828,506.96832275390625,128.54238891601562,55.845001220703125,105.40770721435547,195.22109985351562,319.0673828125,282.42999267578125,301.0343933105469,149.95819091796875,496.2972717285156,122.79432678222656
2022-09-02,13.625816345214844,249.37802124023438,153.24014282226562,107.11123657226562,159.33773803710938,270.2099914550781,47.126495361328125,71.59000396728516,42.667240142822266,497.33050537109375,126.25947570800781,55.079383850097656,104.67125701904297,192.90921020507812,316.42852783203125,277.6700134277344,293.4385681152344,147.60006713867188,489.0516662597656,120.86972045898438
2022-09-06,13.444100379943848,246.64138793945312,151.9812469482422,106.07835388183594,157.56863403320312,274.4200134277344,46.93619155883789,70.77517700195312,42.45551300048828,497.12921142578125,124.85106658935547,55.10641860961914,104.69889831542969,193.7676239013672,317.9195556640625,276.5899963378906,298.7848815917969,147.99916076660156,490.3114318847656,122.03156280517578
2022-09-07,13.696781158447266,251.35508728027344,153.3876495361328,108.70027923583984,159.4073028564453,283.70001220703125,47.589080810546875,71.40786743164062,43.5462532043457,507.4185485839844,126.73814392089844,56.124229431152344,106.68720245361328,195.50396728515625,322.3732604980469,281.0400085449219,303.439697265625,148.8063507080078,494.09991455078125,123.02493286132812
2022-09-08,13.97243595123291,251.77386474609375,151.91241455078125,107.63761901855469,161.06707763671875,289.260009765625,48.22972106933594,71.5612564086914,43.76761245727539,506.9203796386719,126.90382385253906,55.95309829711914,109.17257690429688,195.78688049316406,323.7957458496094,283.3399963378906,307.2375183105469,150.0035400390625,499.6217041015625,124.63025665283203
2022-09-09,14.368935585021973,257.5588073730469,154.77444458007812,109.8920669555664,168.11363220214844,299.67999267578125,49.216121673583984,72.76912689208984,43.899139404296875,514.0674438476562,128.8369140625,56.13323974609375,109.69725799560547,200.16671752929688,329.46588134765625,285.7699890136719,309.3799133300781,150.29380798339844,498.1775207519531,125.42849731445312
2022-09-12,14.486785888671875,259.69171142578125,160.7344207763672,110.10062408447266,167.9248046875,304.4200134277344,49.843563079833984,73.89070892333984,44.29372787475586,516.8841552734375,129.8863525390625,56.29536819458008,110.99517822265625,201.56166076660156,331.987060546875,288.510009765625,306.9648742675781,150.23028564453125,504.7428283691406,126.15576171875
2022-09-13,13.114513397216797,245.41429138183594,151.30262756347656,103.60542297363281,152.19175720214844,292.1300048828125,47.44965744018555,72.89374542236328,43.37943649291992,488.8901062011719,127.19840240478516,54.466896057128906,107.13824462890625,194.77235412597656,319.25372314453125,278.2900085449219,298.4537353515625,146.3212432861328,488.3155517578125,122.86528778076172
2022-09-14,13.111515998840332,245.63824462890625,152.7483673095703,104.28076171875,150.54196166992188,302.6099853515625,48.11854553222656,69.13591766357422,43.2831916809082,486.68658447265625,127.50218200683594,54.755126953125,106.88970947265625,194.51873779296875,319.6559753417969,278.4200134277344,301.5018310546875,149.3414764404297,484.33453369140625,123.76995086669922
2022-09-15,12.91276741027832,238.9767303466797,149.8568878173828,102.20509338378906,148.6337127685547,303.75,47.11896514892578,67.3337173461914,42.81801986694336,482.3753662109375,126.51720428466797,54.011146545410156,108.5006103515625,190.5778350830078,310.9349670410156,276.70001220703125,301.36541748046875,149.72238159179688,496.8188781738281,126.39523315429688
2022-09-16,13.181427955627441,238.35345458984375,148.21441650390625,102.09584045410156,145.39370727539062,303.3500061035156,47.34130096435547,65.98206329345703,42.72819137573242,482.9885559082031,127.29047393798828,54.020225524902344,107.77339172363281,188.55862426757812,309.1397399902344,274.80999755859375,300.8006591796875,152.00796508789062,495.0231628417969,127.76995849609375
2022-09-19,13.365199089050293,238.13919067382812,151.9320831298828,102.3639907836914,147.1130828857422,309.07000732421875,47.27912521362305,66.21212005615234,43.09391403198242,485.3165588378906,127.02351379394531,54.428497314453125,108.7675552368164,188.3927764892578,308.06060791015625,278.95001220703125,297.10015869140625,150.8107452392578,497.427001953125,126.52828216552734
2022-09-20,13.159457206726074,236.12318420410156,154.31216430664062,100.44720458984375,145.1949005126953,308.7300109863281,46.45194625854492,65.29185485839844,42.84368896484375,478.5623779296875,126.57242584228516,54.34684753417969,106.62274932861328,187.35879516601562,307.3150329589844,277.1300048828125,293.8281555175781,149.62261962890625,496.71441650390625,125.73889923095703
2022-09-21,13.244349479675293,232.71450805664062,151.1846160888672,98.59994506835938,141.24923706054688,300.79998779296875,45.804039001464844,63.988136291503906,43.23506164550781,472.3829650878906,124.943115234375,53.89320373535156,103.54824829101562,182.43264770507812,298.7117919921875,270.739990234375,288.71563720703125,148.08984375,486.529296875,124.44401550292969
2022-09-22,12.545228004455566,234.69154357910156,150.2207794189453,99.45405578613281,141.94497680664062,288.5899963378906,45.37368392944336,63.29792404174805,42.7923583984375,466.73046875,125.38497161865234,53.76617431640625,102.3699951171875,181.23280334472656,292.6885070800781,268.510009765625,302.728759765625,150.72006225585938,491.6408996582031,126.83870697021484
2022-09-23,12.500286102294922,231.7113800048828,147.94886779785156,98.06365203857422,139.54971313476562,275.3299865722656,44.52531433105469,61.879150390625,41.72407150268555,446.8319396972656,124.80504608154297,53.1673583984375,100.46453857421875,179.44772338867188,287.9992980957031,267.7699890136719,303.3033447265625,151.20982360839844,487.98284912109375,126.88304901123047
2022-09-26,12.212647438049316,231.25369262695312,148.28326416015625,97.49754333496094,135.53448486328125,276.010009765625,43.915409088134766,60.82466506958008,42.125083923339844,460.148681640625,124.9246826171875,52.505043029785156,98.30133819580078,176.16038513183594,284.5953369140625,264.32000732421875,299.447021484375,150.28469848632812,482.9949035644531,125.24222564697266
2022-09-27,12.397416114807129,230.2407989501953,149.25692749023438,96.83213806152344,133.57652282714844,282.94000244140625,44.15195846557617,59.8372802734375,42.00959396362305,458.23260498046875,121.49114227294922,51.153175354003906,97.4360580444336,173.50709533691406,281.0343933105469,265.4700012207031,302.95281982421875,149.5954132080078,483.0044250488281,125.69457244873047
2022-09-28,12.720008850097656,234.77923583984375,147.3686065673828,99.36467742919922,140.74237060546875,287.80999755859375,44.26691818237305,60.460391998291016,42.70253372192383,467.8034973144531,121.49114227294922,51.69755172729492,99.40595245361328,174.7849578857422,284.6639404296875,271.7799987792969,325.62310791015625,150.88328552246094,488.2964782714844,128.24888610839844
2022-09-29,12.204657554626465,231.30238342285156,140.1300048828125,96.752685546875,135.57421875,268.2099914550781,42.76304244995117,58.85948944091797,42.426631927490234,458.8841247558594,118.4718017578125,51.325557708740234,97.72142791748047,175.64337158203125,281.31884765625,269.5799865722656,321.3675842285156,149.22354125976562,483.44146728515625,126.58151245117188
2022-09-30,12.123758316040039,226.82240295410156,135.9206085205078,94.99481201171875,134.84869384765625,265.25,42.181636810302734,58.54314041137695,41.60858917236328,452.4556579589844,116.21651458740234,50.8265495300293,96.19336700439453,173.29251098632812,278.93499755859375,267.0199890136719,314.8819885253906,148.16238403320312,479.8405456542969,119.0337905883789
2022-10-03,12.496289253234863,234.45782470703125,140.1004638671875,97.9643325805664,137.76072692871094,242.39999389648438,43.39479446411133,60.46997833251953,42.51646041870117,457.68658447265625,118.29689025878906,51.39814376831055,99.16661834716797,177.1943817138672,284.95831298828125,272.79998779296875,313.12908935546875,148.01727294921875,489.78814697265625,122.67903900146484
2022-10-04,13.150466918945312,242.3854217529297,143.6903076171875,100.94377899169922,139.42051696777344,249.44000244140625,45.58743667602539,62.97200012207031,43.06824493408203,465.734130859375,119.76054382324219,51.51609420776367,103.80598449707031,181.09622192382812,295.5431823730469,280.489990234375,321.250732421875,150.212158203125,497.0659484863281,125.93405151367188
2022-10-05,13.192414283752441,242.69703674316406,143.9853515625,100.73522186279297,138.1284637451172,240.80999755859375,46.05674362182617,63.88267135620117,42.641578674316406,460.1678466796875,118.93207550048828,51.026153564453125,102.52433013916016,183.0667266845703,298.4175109863281,279.3599853515625,323.0911560058594,149.74960327148438,500.77130126953125,127.12252044677734
2022-10-06,13.11351490020752,240.34994506835938,143.0313262939453,100.72528076171875,138.21792602539062,238.1300048828125,45.5532341003418,62.598121643066406,42.243778228759766,462.2468566894531,116.42823791503906,49.92832946777344,100.43465423583984,181.03773498535156,294.01556396484375,276.30999755859375,324.2305603027344,146.84730529785156,493.2275695800781,124.42626190185547
2022-10-07,12.06083869934082,228.12744140625,137.7794189453125,98.00405883789062,132.63235473632812,223.07000732421875,43.746299743652344,60.671287536621094,41.24285888671875,448.5085144042969,114.39385986328125,49.456539154052734,98.42855834960938,179.32089233398438,289.8298034667969,269.0400085449219,318.1053161621094,145.29640197753906,479.6600341796875,123.06925964355469
2022-10-10,11.65534782409668,223.26766967773438,138.10397338867188,97.1896743774414,132.97027587890625,222.9600067138672,41.58217239379883,59.981082916259766,41.48667526245117,446.7456359863281,113.92440795898438,49.34765625,97.50910186767578,177.71136474609375,286.69537353515625,266.92999267578125,315.4078369140625,145.48684692382812,473.9689025878906,122.67015075683594
2022-10-11,11.571454048156738,219.5278778076172,136.68772888183594,96.51433563232422,127.75242614746094,216.5,40.9228630065918,60.13524627685547,42.561370849609375,452.2161865234375,114.3570556640625,49.429317474365234,94.69499969482422,174.74594116210938,281.065185546875,267.30999755859375,319.0206604003906,147.5909881591797,474.87152099609375,125.50831604003906
2022-10-12,11.48556137084961,219.85897827148438,136.0583038330078,96.8917236328125,126.71881103515625,217.24000549316406,40.90481185913086,61.45531463623047,42.08016586303711,446.8127746582031,114.54115295410156,50.02813720703125,96.2274169921875,173.86802673339844,278.4418029785156,264.0,316.0700378417969,147.5547332763672,475.0140075683594,124.15130615234375
2022-10-13,11.94498348236084,228.12744140625,140.631591796875,98.3814468383789,129.49171447753906,221.72000122070312,41.60782241821289,62.82354736328125,42.43626022338867,448.3551940917969,116.27175903320312,50.690460205078125,101.5770034790039,180.1305389404297,288.83740234375,275.7799987792969,323.40277099609375,149.785888671875,484.4675598144531,128.0487060546875
2022-10-14,11.212902069091797,222.5956573486328,136.09764099121094,95.89857482910156,125.98334503173828,204.99000549316406,40.57515335083008,61.96598815917969,41.8427734375,435.5748596191406,115.1395034790039,49.882965087890625,103.267333984375,178.1405792236328,283.6592102050781,272.6700134277344,322.71142578125,149.1600799560547,487.5268859863281,128.06658935546875
2022-10-17,11.873072624206543,231.33157348632812,140.06117248535156,99.28521728515625,133.21875,219.35000610351562,41.36082077026367,64.57721710205078,42.144325256347656,444.6955261230469,117.21988677978516,50.527137756347656,107.60456848144531,180.7060546875,289.8985900878906,277.0199890136719,324.0455627441406,151.09190368652344,495.8403015136719,129.38365173339844
2022-10-18,11.951973915100098,232.27627563476562,141.37908935546875,100.0797348022461,131.98634338378906,220.19000244140625,41.30951690673828,64.58685302734375,43.032958984375,453.4136962890625,118.16802215576172,51.207603454589844,110.37222290039062,182.5789794921875,295.14556884765625,281.6700134277344,326.25604248046875,150.56585693359375,496.15380859375,129.55389404296875
2022-10-19,12.035868644714355,230.30899047851562,141.48727416992188,98.94754028320312,132.4136962890625,222.0399932861328,41.35416030883789,63.88347625732422,42.91105651855469,451.6508483886719,119.2634506225586,50.77211380004883,108.20823669433594,181.83761596679688,292.5711364746094,278.3399963378906,320.6664123535156,149.36865234375,494.3581237792969,128.23684692382812
2022-10-20,12.178690910339355,229.98756408691406,141.0249481201172,99.28521728515625,130.72413635253906,207.27999877929688,40.87915802001953,66.72593688964844,43.01692581176758,445.12652587890625,117.7273178100586,49.97369384765625,107.85531616210938,182.6277313232422,291.1169128417969,273.5299987792969,320.4521789550781,149.74960327148438,494.8901672363281,128.05764770507812
2022-10-21,12.450346946716309,235.80177307128906,144.8409881591797,100.43727111816406,129.21340942382812,214.44000244140625,42.72504425048828,70.05018615722656,43.88630294799805,458.11767578125,119.20134735107422,50.77211380004883,113.52069854736328,185.7004852294922,297.1007995605469,282.510009765625,331.8457336425781,153.01467895507812,507.09893798828125,131.75791931152344
2022-10-24,12.583182334899902,240.7979736328125,146.98507690429688,101.8177490234375,128.9252166748047,211.25,43.37010192871094,70.26216888427734,44.7236213684082,476.11932373046875,119.93372344970703,52.232852935791016,113.65998840332031,186.03211975097656,300.2745666503906,287.4800109863281,338.7890625,155.073486328125,514.5763549804688,135.1893768310547
2022-10-25,13.244349479675293,244.11895751953125,149.82737731933594,103.76432800292969,136.66749572753906,222.4199981689453,43.707359313964844,70.4741439819336,44.935340881347656,478.12164306640625,121.31504821777344,53.48492431640625,113.95720672607422,189.61212158203125,305.9832763671875,289.239990234375,342.1097717285156,154.82862854003906,513.2651977539062,134.230712890625
2022-10-26,12.879807472229004,225.28363037109375,146.88668823242188,94.27973937988281,129.02462768554688,224.63999938964844,43.81280517578125,72.0929183959961,45.27859878540039,478.4953308105469,122.1679458618164,53.884117126464844,115.26673126220703,198.3425750732422,313.942138671875,288.5199890136719,348.4881591796875,156.1890869140625,516.0679931640625,136.64080810546875
2022-10-27,13.159457206726074,220.83290100097656,142.41175842285156,91.58830261230469,97.33993530273438,225.08999633789062,43.26369857788086,72.410888671875,45.14707946777344,476.56610107421875,122.26065826416016,54.011146545410156,115.7218246459961,199.27903747558594,313.8045959472656,289.8800048828125,346.9982604980469,156.27976989746094,514.766357421875,137.52780151367188
2022-10-28,13.816631317138672,229.71490478515625,153.17132568359375,95.63042449951172,98.59220886230469,228.52000427246094,44.92622756958008,74.54033660888672,45.71811294555664,490.3197021484375,125.35700988769531,55.127113342285156,117.09635162353516,204.20518493652344,323.72857666015625,299.6300048828125,350.4748229980469,158.6016082763672,523.7352905273438,132.25070190429688
2022-10-31,13.480052947998047,226.07252502441406,150.81088256835938,93.86262512207031,92.58921813964844,227.5399932861328,44.6621208190918,75.2244644165039,45.660362243652344,481.3266296386719,124.8471450805664,54.30148696899414,116.91059875488281,202.0786590576172,322.4610595703125,295.0899963378906,352.6073913574219,157.7853546142578,527.4503173828125,131.16659545898438
2022-11-01,13.525996208190918,222.21583557128906,148.16522216796875,89.85030364990234,94.6167221069336,227.82000732421875,44.45121765136719,74.29945373535156,45.455047607421875,479.84857177734375,125.04180145263672,54.11094665527344,119.01886749267578,201.8542938232422,327.3837890625,294.1300048828125,343.3464660644531,156.98721313476562,520.00146484375,131.62351989746094
2022-11-02,13.202402114868164,214.35643005371094,142.637939453125,86.37425994873047,89.98527526855469,214.97999572753906,43.323551177978516,72.38197326660156,45.15349578857422,464.0603332519531,123.24336242675781,53.35790252685547,117.92294311523438,196.0209503173828,314.2467346191406,289.4599914550781,345.6641540527344,154.5746612548828,516.3150024414062,129.48219299316406
2022-11-03,13.404150009155273,208.65907287597656,136.58934020996094,82.85851287841797,88.3652572631836,215.30999755859375,42.192081451416016,72.2952651977539,45.14386749267578,466.7284240722656,122.39968872070312,53.33067321777344,118.13655090332031,189.97305297851562,303.7823486328125,283.8500061035156,352.2081298828125,154.8376922607422,516.4859619140625,129.39259338378906
2022-11-04,14.138226509094238,215.6127166748047,136.32339477539062,85.98694610595703,90.23372650146484,207.47000122070312,44.20421600341797,73.22991180419922,45.22407150268555,466.8436584472656,124.63390350341797,53.76617431640625,121.36858367919922,192.14834594726562,312.8219909667969,287.4700012207031,348.04998779296875,155.52696228027344,511.3175048828125,130.16311645507812
2022-11-07,14.283042907714844,221.9236602783203,136.85536193847656,87.88385772705078,96.12739562988281,197.0800018310547,45.146629333496094,73.94293212890625,45.698856353759766,468.8974609375,126.54364776611328,53.974853515625,122.0094223022461,195.19183349609375,319.4642333984375,290.19000244140625,355.5093688964844,156.88743591308594,517.8258056640625,132.68971252441406
2022-11-08,14.58366584777832,222.8975830078125,137.42674255371094,88.29105377197266,95.8789291381836,191.3000030517578,45.801185607910156,72.88302612304688,45.80793762207031,472.9382019042969,126.83106994628906,54.07466506958008,122.083740234375,196.8306121826172,320.0734558105469,292.6099853515625,357.05780029296875,157.66741943359375,525.4550170898438,133.07493591308594
2022-11-09,13.75870418548584,218.65135192871094,132.8655242919922,86.72187805175781,100.84830474853516,177.58999633789062,44.60036849975586,72.90230560302734,44.742855072021484,470.26043701171875,126.5251235961914,53.32160568237305,120.4955825805664,189.59600830078125,310.13958740234375,288.6499938964844,353.75653076171875,156.40675354003906,513.6831665039062,132.25961303710938
2022-11-10,15.730225563049316,236.63934326171875,144.68719482421875,93.29652404785156,111.18458557128906,190.72000122070312,48.12492370605469,74.35726165771484,45.669986724853516,492.4887390136719,130.88230895996094,55.23598861694336,125.45508575439453,200.97586059570312,331.39263916015625,303.20001220703125,359.0638122558594,158.23883056640625,517.0181274414062,134.14112854003906
2022-11-11,16.306499481201172,240.66160583496094,147.4751739501953,95.74960327148438,112.32752227783203,195.97000122070312,49.21934509277344,74.90648651123047,45.740570068359375,494.7345886230469,130.68759155273438,55.635196685791016,125.6594009399414,200.41859436035156,333.37750244140625,309.7200012207031,343.0738220214844,153.50445556640625,496.0303649902344,134.53536987304688
2022-11-14,16.274539947509766,235.24668884277344,146.07623291015625,95.04447174072266,113.52018737792969,190.9499969482422,48.75668716430664,75.66769409179688,44.396392822265625,489.17755126953125,130.69688415527344,55.09989929199219,124.36845397949219,202.23703002929688,333.4560241699219,308.9100036621094,347.7026062011719,155.9169921875,488.11590576171875,135.95095825195312
2022-11-15,16.645076751708984,235.6557159423828,147.8101043701172,97.76570892333984,116.3626708984375,194.4199981689453,49.82070541381836,76.29402160644531,47.299686431884766,505.29205322265625,130.24264526367188,55.0091667175293,123.46754455566406,205.2970733642578,337.5238952636719,309.9800109863281,341.7359619140625,156.3523406982422,477.911865234375,137.11566162109375
2022-11-16,15.890024185180664,236.08544921875,146.57867431640625,98.17288970947266,112.5362548828125,186.9199981689453,48.615142822265625,76.97811126708984,47.639739990234375,503.027099609375,131.40145874023438,54.90937042236328,123.63471984863281,205.44374084472656,336.7869873046875,308.760009765625,344.64605712890625,157.3227996826172,485.9971923828125,136.06741333007812
2022-11-17,15.657316207885742,236.03660583496094,148.47996520996094,97.68624877929688,110.76714324951172,183.1699981689453,48.65123748779297,76.31327819824219,47.47934341430664,500.3492736816406,130.5949249267578,55.081756591796875,123.0960464477539,206.27474975585938,335.3229675292969,307.44000244140625,352.30206298828125,158.59254455566406,489.5981140136719,136.32725524902344
2022-11-18,15.389652252197266,235.58737182617188,149.04153442382812,96.76261901855469,111.36347961425781,180.19000244140625,48.94099044799805,76.82395935058594,48.19473648071289,502.6047058105469,132.17092895507812,55.47188186645508,124.30340576171875,206.08895874023438,337.7007141113281,310.760009765625,353.180908203125,159.807861328125,503.55511474609375,138.85379028320312
2022-11-21,15.297769546508789,236.39797973632812,145.81024169921875,94.9451675415039,109.18689727783203,167.8699951171875,49.1575927734375,76.91067504882812,48.489871978759766,502.3168640136719,133.84890747070312,56.32474899291992,123.56971740722656,201.70909118652344,332.35552978515625,311.20001220703125,352.692626953125,160.62940979003906,491.38427734375,140.7621612548828
2022-11-22,16.017864227294922,239.30836486816406,147.94801330566406,96.38522338867188,110.75721740722656,169.91000366210938,50.355560302734375,79.12683868408203,48.663108825683594,510.5517883300781,134.99847412109375,56.56970977783203,125.41792297363281,205.6294708251953,338.9486389160156,315.760009765625,352.409423828125,161.4053192138672,496.989990234375,143.16329956054688
2022-11-23,16.498252868652344,241.798828125,148.8247833251953,97.78556060791016,111.55230712890625,183.1999969482422,50.696617126464844,79.5508041381836,48.89730453491211,512.9894409179688,135.7678985595703,56.823760986328125,126.75532531738281,206.9981689453125,342.5646057128906,316.17999267578125,353.2297058105469,161.57875061035156,503.2796325683594,142.80491638183594
2022-11-25,16.24957275390625,241.71096801757812,145.9088134765625,96.79241180419922,110.72740173339844,182.86000061035156,50.34226608276367,79.70498657226562,49.1058235168457,512.1929321289062,136.01820373535156,56.87819290161133,126.99678802490234,209.01214599609375,345.1683349609375,317.42999267578125,356.6768798828125,161.78871154785156,510.79498291015625,143.01100158691406
2022-11-28,15.807127952575684,236.11473083496094,142.07659912109375,95.39207458496094,108.11351013183594,182.9199981689453,49.61075210571289,78.42344665527344,49.246978759765625,509.5631103515625,135.90696716308594,56.887271881103516,124.77711486816406,206.53868103027344,338.58514404296875,313.2699890136719,357.1846618652344,161.870849609375,505.7119445800781,141.94482421875
2022-11-29,15.619363784790039,234.7181396484375,139.0719451904297,94.5379638671875,108.78934478759766,180.8300018310547,49.53284454345703,77.90314483642578,49.07374572753906,507.6820068359375,134.86865234375,56.68766403198242,126.82959747314453,204.3878631591797,337.15057373046875,315.1300048828125,355.4073486328125,160.73895263671875,501.6549377441406,141.7387237548828
2022-11-30,16.90607452392578,249.1822967529297,145.8300018310547,100.29823303222656,117.37640380859375,194.6999969482422,52.34868621826172,80.00367736816406,48.89730453491211,517.5580444335938,138.28024291992188,58.12221145629883,128.33416748046875,212.15042114257812,350.1893005371094,318.6000061035156,362.3700256347656,162.48245239257812,520.4288940429688,144.40866088867188
2022-12-01,17.11786460876465,248.74281311035156,146.10581970214844,100.29823303222656,119.70206451416016,194.6999969482422,52.32209396362305,81.0443115234375,49.20206832885742,483.59173583984375,138.36367797851562,58.286685943603516,126.53242492675781,212.15042114257812,354.5125732421875,315.8399963378906,361.63763427734375,163.15794372558594,510.1202697753906,144.81187438964844
2022-12-02,16.85912322998047,249.0651397705078,145.61325073242188,99.75199890136719,122.73339080810547,194.86000061035156,51.3768310546875,80.31201934814453,49.153953552246094,474.6369934082031,139.62448120117188,58.798370361328125,125.52935791015625,212.79566955566406,353.7854309082031,316.1499938964844,365.9636535644531,163.28573608398438,510.9780578613281,146.63063049316406
2022-12-05,16.593385696411133,244.35768127441406,144.45079040527344,98.79857635498047,121.67987823486328,182.4499969482422,50.4116096496582,76.534912109375,48.65028381347656,469.0030822753906,138.21534729003906,57.99428939819336,122.0094223022461,208.9045867919922,349.8846740722656,310.57000732421875,360.62200927734375,163.19444274902344,509.91070556640625,146.8815155029297
2022-12-06,15.971013069152832,239.3962860107422,140.78607177734375,96.31571197509766,113.4207992553711,179.82000732421875,49.95370864868164,76.03384399414062,48.085655212402344,461.8048095703125,138.39149475097656,57.96687698364258,122.21373748779297,204.40740966796875,341.4738464355469,307.7799987792969,359.8896789550781,160.74807739257812,513.98974609375,146.6843719482422
2022-12-07,16.1038818359375,238.66378784179688,138.84535217285156,94.28968811035156,113.2319564819336,174.0399932861328,49.25828552246094,75.90858459472656,47.83543395996094,462.582275390625,139.28146362304688,58.058258056640625,122.13015747070312,203.1658172607422,341.36578369140625,305.82000732421875,363.2391052246094,161.7248077392578,517.4110107421875,148.18959045410156
2022-12-08,17.151826858520508,241.62306213378906,140.52993774414062,93.0680923461914,114.6233901977539,173.44000244140625,50.45341491699219,77.15155792236328,47.90949630737305,462.0543518066406,140.2826690673828,58.30495834350586,123.41182708740234,204.427001953125,345.0504455566406,305.989990234375,363.0633544921875,161.75221252441406,522.185791015625,148.71817016601562
2022-12-09,16.98399543762207,239.68927001953125,140.0471954345703,92.19413757324219,115.18990325927734,179.0500030517578,51.74923324584961,76.94921875,46.79209899902344,463.5899963378906,139.91184997558594,57.6927604675293,122.74314880371094,204.035888671875,342.75115966796875,306.3900146484375,352.5168151855469,160.4194793701172,513.8753051757812,146.0930633544922
2022-12-12,17.5174617767334,246.61370849609375,142.3425750732422,92.67083740234375,114.00717163085938,167.82000732421875,52.88070297241211,78.31746673583984,47.66476058959961,468.0625,141.3488006591797,58.45115661621094,124.64708709716797,209.7942657470703,351.9284362792969,311.45001220703125,358.6299133300781,162.3363800048828,520.2225341796875,148.11788940429688
2022-12-13,18.05392837524414,250.92076110839844,143.30801391601562,94.97494506835938,119.41385650634766,160.9499969482422,54.24967575073242,77.62369537353516,47.49409103393555,468.5616149902344,141.1355743408203,58.46943664550781,124.52630615234375,208.27890014648438,350.92620849609375,312.3299865722656,350.2414855957031,163.58697509765625,512.9412841796875,147.64303588867188
2022-12-14,17.65632438659668,251.2137451171875,141.08160400390625,94.41878509521484,120.84501647949219,156.8000030517578,54.57267761230469,78.83778381347656,47.230045318603516,464.06982421875,141.69178771972656,58.46943664550781,123.90409088134766,208.55267333984375,351.27996826171875,309.2900085449219,354.96795654296875,164.0889892578125,513.0747680664062,147.7057342529297
2022-12-15,16.935043334960938,243.19540405273438,134.47132873535156,90.23761749267578,115.43836975097656,157.6699981689453,53.0108528137207,77.15155792236328,46.808204650878906,445.2487487792969,140.08799743652344,57.66535186767578,120.8299331665039,203.26356506347656,340.2161560058594,301.9100036621094,351.5598449707031,162.0168914794922,502.8963623046875,146.12889099121094
2022-12-16,16.55443000793457,238.97633361816406,132.5109100341797,89.64173126220703,118.69825744628906,150.22999572753906,52.81229782104492,76.6794204711914,45.96774673461914,442.8876953125,139.46690368652344,57.336402893066406,120.07762908935547,202.26634216308594,339.81329345703125,300.0,351.4231262207031,160.3555450439453,499.1032409667969,143.78150939941406
2022-12-19,16.23774528503418,234.8353271484375,130.40267944335938,87.83419799804688,113.7785873413086,149.8699951171875,52.65137481689453,77.56590270996094,45.98383712768555,440.1810607910156,139.4297637939453,57.41864776611328,120.79275512695312,200.2426300048828,335.3131408691406,300.0299987792969,349.3822937011719,160.18212890625,499.00799560546875,144.68641662597656
2022-12-20,16.06891632080078,236.15380859375,130.33372497558594,88.41022491455078,116.37260437011719,137.8000030517578,52.11396026611328,77.9898452758789,46.3863639831543,439.4037170410156,139.4854278564453,57.372955322265625,121.37788391113281,200.7705535888672,336.97369384765625,302.0,351.19854736328125,160.3555450439453,495.7773132324219,143.87109375
2022-12-21,16.4844970703125,238.7223663330078,133.4369659423828,88.96638488769531,119.0262451171875,137.57000732421875,53.76258087158203,78.52943420410156,46.75023651123047,443.47308349609375,140.76475524902344,58.29582214355469,122.74314880371094,202.18817138671875,339.6658935546875,307.82000732421875,359.37213134765625,162.19033813476562,502.7629699707031,145.3314971923828
2022-12-22,15.323660850524902,232.62806701660156,130.26478576660156,87.15885925292969,116.40241241455078,125.3499984741211,52.982818603515625,77.55625915527344,46.20281219482422,440.2579040527344,141.0892333984375,57.87550354003906,121.35001373291016,200.47726440429688,335.5685729980469,302.69000244140625,356.7354736328125,161.59701538085938,502.3341369628906,146.28121948242188
2022-12-23,15.190793991088867,233.15548706054688,129.9003143310547,88.6187973022461,117.31678771972656,123.1500015258789,52.91958999633789,77.90314483642578,46.29619216918945,444.03936767578125,141.48788452148438,58.314090728759766,121.92584228515625,201.23004150390625,337.6123352050781,306.489990234375,359.2646484375,162.00778198242188,506.3558654785156,146.12889099121094
2022-12-27,14.106879234313965,231.4268341064453,128.0974884033203,86.79138946533203,116.16387939453125,109.0999984741211,53.02592468261719,78.02839660644531,46.309078216552734,440.05633544921875,142.72084045410156,58.670448303222656,122.3530502319336,201.6797637939453,340.12774658203125,305.54998779296875,356.3155822753906,161.9621124267578,507.0039978027344,146.03033447265625
2022-12-28,14.021963119506836,229.05357360839844,124.16679382324219,85.43077087402344,114.91160583496094,112.70999908447266,52.19731140136719,77.40208435058594,45.49760055541992,434.7679443359375,140.87599182128906,58.08565902709961,123.02175903320312,200.40882873535156,335.9910888671875,303.42999267578125,356.6475524902344,161.25926208496094,503.6302795410156,145.34942626953125
2022-12-29,14.588395118713379,235.3822479248047,127.68373107910156,87.84412384033203,119.5231704711914,121.81999969482422,53.434959411621094,78.43309020996094,45.77452850341797,438.16558837890625,141.46005249023438,58.432884216308594,123.72762298583984,203.41017150878906,342.14202880859375,309.05999755859375,358.40533447265625,162.08079528808594,504.99310302734375,145.6450653076172
2022-12-30,14.599386215209961,234.22006225585938,127.99896240234375,87.6256332397461,119.60267639160156,123.18000030517578,53.56140899658203,78.76068878173828,45.65861129760742,438.13677978515625,140.5051727294922,58.12221145629883,124.54491424560547,203.11691284179688,341.67041015625,308.8999938964844,357.2530822753906,161.25013732910156,505.27899169921875,144.7939453125
2023-01-03,14.300683975219727,233.9856719970703,123.2112045288086,88.5095443725586,123.97571563720703,108.0999984741211,53.020172119140625,80.66853332519531,46.241458892822266,435.0462951660156,140.51443481445312,57.5191535949707,125.49222564697266,202.7552032470703,340.7566223144531,309.9100036621094,356.4229736328125,162.65586853027344,494.28094482421875,145.48379516601562
2023-01-04,14.734251022338867,223.75038146972656,124.4820327758789,87.4766616821289,126.58961486816406,113.63999938964844,53.66774368286133,81.40084075927734,46.29297637939453,438.1943664550781,141.12632751464844,57.49174499511719,126.66248321533203,207.85850524902344,348.96112060546875,314.54998779296875,354.5773620605469,164.42677307128906,480.8050537109375,146.65750122070312
2023-01-05,14.25073528289795,217.11888122558594,123.16195678710938,85.60954284667969,126.16224670410156,110.33999633789062,53.16769790649414,81.23701477050781,46.13519287109375,432.08062744140625,139.37416076660156,56.833858489990234,126.63438415527344,206.39207458496094,345.6399230957031,312.8999938964844,350.4955139160156,163.21270751953125,466.9479675292969,146.4783172607422
2023-01-06,14.84414005279541,219.67771911621094,127.69357299804688,86.74173736572266,129.22340393066406,113.05999755859375,56.368186950683594,82.5378189086914,47.26546096801758,463.446044921875,142.69305419921875,57.93033218383789,129.05758666992188,212.88363647460938,361.8492431640625,318.69000244140625,354.4211730957031,164.5363006591797,466.986083984375,149.2199249267578
2023-01-09,15.612371444702148,221.8165740966797,128.2156982421875,87.41706848144531,128.67672729492188,119.7699966430664,55.262718200683594,83.58235931396484,46.676177978515625,459.49176025390625,140.95016479492188,57.2084846496582,128.5242919921875,213.71466064453125,365.0969543457031,315.5299987792969,341.6187438964844,160.27340698242188,467.04327392578125,144.8387451171875
2023-01-10,15.893092155456543,223.50621032714844,128.78709411621094,87.8143310546875,132.1751708984375,118.8499984741211,55.07495880126953,83.65972900390625,46.64719772338867,462.03515625,140.8111114501953,56.769901275634766,129.6751251220703,216.14898681640625,365.1363220214844,316.3500061035156,344.4701843261719,159.89002990722656,463.1739807128906,143.0289306640625
2023-01-11,15.984997749328613,230.26461791992188,131.5060577392578,90.89309692382812,132.0757598876953,123.22000122070312,55.38246154785156,85.69076538085938,47.05615997314453,464.82806396484375,139.6708221435547,56.66025161743164,130.63877868652344,217.13645935058594,371.8778991699219,320.3699951171875,351.950439453125,159.63446044921875,470.2264709472656,140.8159637451172
2023-01-12,16.49448585510254,232.94061279296875,131.42724609375,90.50576782226562,135.87240600585938,123.55999755859375,55.746482849121094,85.86486053466797,46.631099700927734,463.02374267578125,138.88282775878906,55.92926788330078,130.5078125,218.62246704101562,373.7970275878906,318.92999267578125,350.69073486328125,158.83114624023438,472.3897705078125,137.67745971679688
2023-01-13,16.88210105895996,233.64381408691406,132.75718688964844,91.4889907836914,136.14071655273438,122.4000015258789,55.464839935302734,86.27107238769531,46.7856559753418,465.7302551269531,139.87481689453125,56.13028335571289,133.80111694335938,218.07498168945312,369.574951171875,317.6400146484375,353.132080078125,158.31082153320312,466.57623291015625,138.9256134033203
2023-01-17,17.684297561645508,234.73764038085938,133.91964721679688,90.66468048095703,134.53067016601562,131.49000549316406,55.487831115722656,85.69076538085938,46.50228500366211,467.1891784667969,139.46690368652344,56.35871505737305,131.73342895507812,218.01634216308594,369.0632019042969,314.8599853515625,349.34307861328125,157.3341064453125,462.2972106933594,138.2291717529297
2023-01-18,17.3596248626709,230.3037109375,133.2005157470703,90.49584197998047,132.2050018310547,128.77999877929688,55.01365280151367,83.86283874511719,45.35268783569336,460.18280029296875,135.73085021972656,54.650054931640625,127.77583312988281,214.55545043945312,363.0794677734375,308.29998779296875,343.74761962890625,154.96080017089844,453.8724060058594,134.9459686279297
2023-01-19,16.748233795166016,226.51429748535156,133.25961303710938,92.41262817382812,135.31581115722656,127.16999816894531,53.95321273803711,83.11812591552734,44.70543670654297,450.604248046875,132.86036682128906,54.567813873291016,126.07301330566406,215.48422241210938,362.1149597167969,305.2300109863281,342.8394470214844,154.75083923339844,461.61102294921875,134.50279235839844
2023-01-20,17.8211612701416,234.61070251464844,135.8209686279297,97.34857177734375,138.51608276367188,133.4199981689453,54.67741775512695,84.38509368896484,45.25608444213867,460.7969970703125,133.37342834472656,54.89676284790039,126.38178253173828,219.2970428466797,370.3228759765625,309.8699951171875,337.947021484375,154.02969360351562,463.8601989746094,135.29867553710938
2023-01-23,19.17380714416504,236.91561889648438,139.01280212402344,99.10645294189453,142.3922119140625,143.75,55.7167854309082,86.04862213134766,45.93233108520508,472.7941589355469,131.58229064941406,55.0338134765625,128.43075561523438,219.16995239257812,372.57666015625,310.4200134277344,334.1776428222656,153.63717651367188,462.99285888671875,134.3580780029297
2023-01-24,19.245731353759766,236.38821411132812,140.41171264648438,97.03076934814453,142.2629852294922,143.88999938964844,56.042484283447266,86.75465393066406,46.0546760559082,472.3143615722656,132.3006591796875,55.326202392578125,129.53475952148438,218.8864288330078,373.99383544921875,311.29998779296875,338.2595520019531,153.63717651367188,468.5110168457031,133.58021545410156
2023-01-25,19.303672790527344,234.9915771484375,139.75169372558594,94.5677719116211,140.63304138183594,144.42999267578125,56.10475158691406,86.69662475585938,45.835716247558594,471.13385009765625,132.20736694335938,55.673423767089844,130.16160583496094,219.87384033203125,376.3361511230469,311.8999938964844,341.5210876464844,154.73257446289062,469.36871337890625,133.6707000732422
2023-01-26,19.782194137573242,242.20904541015625,141.82046508789062,96.85199737548828,146.39749145507812,160.27000427246094,57.34049987792969,86.88038635253906,45.793853759765625,478.25531005859375,131.67559814453125,55.56377410888672,130.96624755859375,219.6881103515625,371.2677307128906,310.95001220703125,339.8415222167969,154.1666259765625,469.349609375,133.31790161132812
2023-01-27,20.344635009765625,242.36532592773438,143.7611846923828,98.68932342529297,150.810302734375,177.89999389648438,56.613426208496094,86.0679702758789,46.14484405517578,483.0445861816406,131.134521484375,55.27138137817383,131.2843780517578,226.26768493652344,368.1085510253906,309.1700134277344,334.0702209472656,153.5641632080078,463.2215881347656,132.30496215820312
2023-01-30,19.142837524414062,237.0425567626953,140.87472534179688,96.27598571777344,146.15896606445312,166.66000366210938,55.69954299926758,84.48180389404297,45.77452850341797,483.0350036621094,131.54502868652344,55.4084358215332,130.1709747314453,223.98004150390625,365.2445983886719,307.3299865722656,332.5077819824219,147.87728881835938,462.97381591796875,131.735107421875
2023-01-31,19.51746368408203,242.02346801757812,142.14556884765625,98.16295623779297,148.05726623535156,173.22000122070312,56.040565490722656,85.55537414550781,46.328399658203125,490.578857421875,132.8230438232422,56.0297737121582,130.94752502441406,225.06520080566406,364.73284912109375,311.5199890136719,336.07208251953125,149.17349243164062,475.74444580078125,133.63446044921875
2023-02-01,20.922054290771484,246.84812927246094,143.26861572265625,99.74207305908203,152.1818389892578,181.41000366210938,57.73995590209961,87.0931625366211,46.58601760864258,497.0764465332031,133.5786590576172,56.038909912109375,130.6013641357422,225.73973083496094,368.1576843261719,310.57000732421875,334.5292053222656,150.542724609375,473.6573791503906,132.59437561035156
2023-02-02,21.687288284301758,258.42138671875,148.57855224609375,107.00200653076172,187.61343383789062,188.27000427246094,58.029258728027344,86.44515991210938,46.247894287109375,503.2489318847656,132.62713623046875,55.079490661621094,129.99319458007812,224.42971801757812,369.004150390625,311.8599853515625,322.9378356933594,151.1086883544922,448.7164306640625,131.0024871826172
2023-02-03,21.078895568847656,252.3173828125,152.20382690429688,104.06227111816406,185.3871307373047,189.97999572753906,57.248531341552734,86.6772689819336,45.632843017578125,494.95172119140625,133.03761291503906,54.668331146240234,132.00477600097656,224.98699951171875,367.99041748046875,308.510009765625,331.1211242675781,150.25975036621094,449.8505859375,131.32809448242188
2023-02-06,21.067909240722656,250.77423095703125,149.47499084472656,102.19515228271484,184.92001342773438,194.75999450683594,57.6010627746582,85.62307739257812,45.301170349121094,495.7113037109375,131.90884399414062,54.9789924621582,132.78128051757812,224.3124237060547,367.0653381347656,308.42999267578125,329.7344055175781,149.11871337890625,452.9193420410156,131.16531372070312
2023-02-07,22.15082550048828,261.31231689453125,152.35159301757812,106.90267944335938,190.4459686279297,196.80999755859375,58.860748291015625,84.85900115966797,45.39777755737305,496.6151123046875,130.6214599609375,54.88761520385742,134.39988708496094,226.15040588378906,369.1222229003906,312.9700012207031,331.70709228515625,149.1551971435547,454.4823303222656,131.27383422851562
2023-02-08,22.182790756225586,260.501708984375,149.6621551513672,98.68932342529297,182.30613708496094,201.2899932861328,57.64032745361328,83.84349822998047,45.15304183959961,484.38543701171875,129.26876831054688,54.567813873291016,133.45494079589844,225.055419921875,364.4867858886719,308.4800109863281,332.732421875,149.346923828125,460.5245056152344,130.7944793701172
2023-02-09,22.314659118652344,257.46429443359375,148.6277618408203,94.35919952392578,176.82992553710938,207.32000732421875,57.42000198364258,83.8048095703125,45.571659088134766,481.3280334472656,127.85077667236328,54.476436614990234,131.37789916992188,224.66358947753906,364.55572509765625,307.2099914550781,333.7675476074219,147.32957458496094,462.9166564941406,134.4937286376953
2023-02-10,21.24373435974121,256.9564208984375,148.9927978515625,93.92220306396484,173.0829620361328,196.88999938964844,56.829917907714844,84.2787094116211,46.28010177612305,480.7126770019531,128.9795684814453,54.476436614990234,131.9579620361328,222.5575408935547,361.0225524902344,309.8900146484375,337.0193786621094,148.0142059326172,471.0364990234375,137.52369689941406
2023-02-13,21.766210556030273,264.9845275878906,151.7948760986328,93.96192932128906,178.33065795898438,194.63999938964844,57.58381271362305,86.48384857177734,46.98530960083008,486.9236755371094,130.66810607910156,55.37189483642578,133.38946533203125,224.20321655273438,364.95916748046875,313.739990234375,342.1753845214844,148.56190490722656,472.0848388671875,139.04318237304688
2023-02-14,22.948026657104492,265.8146667480469,151.15357971191406,94.03145599365234,178.3803253173828,209.25,57.697811126708984,86.1646957397461,46.85006332397461,483.81817626953125,129.93112182617188,54.44902801513672,133.9788818359375,224.70277404785156,364.10296630859375,310.7900085449219,340.5002136230469,147.91378784179688,469.68316650390625,138.01211547851562
2023-02-15,22.741235733032227,263.69000244140625,153.255126953125,96.27598571777344,176.07455444335938,214.24000549316406,58.21318435668945,85.4393081665039,47.19784164428711,491.5674133300781,129.63262939453125,54.44902801513672,134.54025268554688,224.2423858642578,363.78802490234375,309.6300048828125,328.2051086425781,145.47653198242188,468.1773986816406,136.62826538085938
2023-02-16,21.979995727539062,256.669921875,151.65676879882812,94.85576629638672,171.38345336914062,202.0399932861328,57.528255462646484,84.83967590332031,46.45720672607422,484.664306640625,127.93478393554688,54.11094665527344,132.68775939941406,221.2154998779297,361.7311096191406,308.17999267578125,319.4466857910156,144.44508361816406,464.4606018066406,135.24441528320312
2023-02-17,21.36661148071289,252.66537475585938,150.5122528076172,93.70370483398438,171.82078552246094,208.30999755859375,57.05406951904297,84.41410827636719,47.155975341796875,487.9139404296875,130.61212158203125,54.93330001831055,133.0806884765625,218.99188232421875,355.4127197265625,308.239990234375,321.7293395996094,147.46066284179688,475.6396179199219,136.85438537597656
2023-02-21,20.634342193603516,247.38809204101562,146.49661254882812,91.1612548828125,171.0256805419922,197.3699951171875,55.708168029785156,83.36957550048828,47.44257736206055,482.3952331542969,130.51882934570312,54.640907287597656,130.63877868652344,216.1119842529297,350.3246154785156,302.7200012207031,320.857421875,145.26332092285156,468.2345886230469,137.47845458984375
2023-02-22,20.733243942260742,246.25230407714844,146.92086791992188,91.02220916748047,170.07156372070312,200.86000061035156,55.193748474121094,83.48564910888672,46.44754409790039,478.2129821777344,131.06924438476562,54.805381774902344,129.6376495361328,215.5242156982422,349.3503112792969,303.1600036621094,322.38580322265625,145.06106567382812,465.92828369140625,136.27552795410156
2023-02-23,23.64033317565918,249.44418334960938,147.404296875,90.26741790771484,170.98593139648438,202.07000732421875,55.92466354370117,85.67144775390625,45.755210876464844,474.1268005371094,130.64942932128906,54.9058952331543,130.67617797851562,216.611572265625,349.9013977050781,303.07000732421875,320.8672180175781,145.0150909423828,468.59674072265625,137.54177856445312
2023-02-24,23.262712478637695,244.01022338867188,144.75025939941406,88.51947021484375,169.3460235595703,196.8800048828125,55.34510040283203,85.74881744384766,45.87757873535156,469.771484375,129.9124755859375,54.677459716796875,131.8550567626953,215.0638427734375,347.5296630859375,304.0199890136719,315.106689453125,143.39698791503906,461.5823669433594,138.1206512451172
2023-02-27,23.477497100830078,244.9305419921875,145.94410705566406,89.25440979003906,168.501220703125,207.6300048828125,56.08271408081055,85.07179260253906,45.545902252197266,468.25238037109375,129.800537109375,54.65918731689453,133.005859375,215.8474884033203,349.8522644042969,304.6600036621094,310.1886291503906,143.08438110351562,460.6198425292969,139.54061889648438
2023-02-28,23.19278335571289,244.2059783935547,145.4408721923828,89.44309997558594,173.8681640625,205.7100067138672,56.929534912109375,84.53018951416016,45.768096923828125,465.51226806640625,128.32656860351562,54.37592315673828,134.11923217773438,215.44586181640625,349.6651916503906,305.17999267578125,304.8982849121094,140.90542602539062,453.58648681640625,139.19691467285156
2023-03-01,22.6752986907959,241.12188720703125,143.36895751953125,89.74105072021484,172.35748291015625,202.77000427246094,56.86056137084961,83.50497436523438,45.130496978759766,460.2147521972656,128.4198455810547,53.78200149536133,133.3707275390625,213.89813232421875,347.903564453125,304.6199951171875,307.78839111328125,140.2710723876953,452.9002685546875,140.43606567382812
2023-03-02,23.29068374633789,245.8606719970703,143.96095275878906,91.36981201171875,173.46066284179688,190.89999389648438,57.347206115722656,84.11430358886719,45.24320983886719,466.964111328125,130.53750610351562,54.567813873291016,131.98605346679688,214.5838623046875,349.9407958984375,307.75,308.6504821777344,140.16073608398438,455.2637939453125,139.63107299804688
2023-03-03,23.866107940673828,249.9532928466797,149.0125732421875,93.00851440429688,184.11497497558594,197.7899932861328,60.61473846435547,86.31942749023438,45.29795455932617,456.9361877441406,131.48904418945312,54.31196594238281,134.40928649902344,219.1976318359375,355.7768859863281,312.45001220703125,311.9618225097656,141.6041717529297,456.0833740234375,141.1505889892578
2023-03-06,23.530441284179688,251.5002899169922,151.77517700195312,94.4783706665039,183.7671356201172,193.80999755859375,60.63006591796875,86.79335021972656,45.29151153564453,464.45465087890625,130.92930603027344,55.15260314941406,133.62338256835938,222.11668395996094,361.1209411621094,316.9700012207031,312.4810791015625,143.02001953125,458.1991271972656,140.44509887695312
2023-03-07,23.26866340637207,248.8371124267578,149.57493591308594,93.21707153320312,183.3795166015625,187.7100067138672,59.885746002197266,85.45864868164062,44.840694427490234,466.44488525390625,128.32656860351562,54.83279037475586,129.69381713867188,218.60986328125,354.2415771484375,311.1199951171875,304.3202819824219,141.66851806640625,451.62322998046875,138.31961059570312
2023-03-08,24.160921096801758,248.3965301513672,150.8280029296875,93.60440063476562,183.83670043945312,182.0,60.56684494018555,85.58438873291016,44.47037124633789,467.3006286621094,128.34524536132812,54.86021041870117,128.9266357421875,217.64988708496094,353.34600830078125,311.3699951171875,306.1915588378906,140.62960815429688,448.497314453125,135.3077392578125
2023-03-09,23.416540145874023,247.0453643798828,148.5784454345703,91.6876220703125,180.57679748535156,172.9199981689453,59.63380432128906,84.017578125,44.170894622802734,461.0319519042969,127.40303039550781,54.33024597167969,121.94698333740234,215.51443481445312,348.8286437988281,304.82000732421875,310.4139099121094,139.0482635498047,443.07452392578125,133.27272033691406
2023-03-10,22.945934295654297,243.39337158203125,146.51637268066406,90.00919342041016,178.41014099121094,173.44000244140625,58.897151947021484,81.30950927734375,44.10649871826172,452.9750671386719,127.98143768310547,54.101810455322266,125.04383850097656,211.7235107421875,341.6147155761719,303.6300048828125,308.62109375,139.38844299316406,440.272216796875,135.4072265625
2023-03-13,22.946929931640625,248.61195373535156,148.4600372314453,90.48591613769531,179.7916259765625,174.47999572753906,59.05426025390625,82.14127349853516,44.23529815673828,453.8018493652344,128.86764526367188,54.650054931640625,122.79839324951172,210.08761596679688,339.252685546875,302.8800048828125,317.8987731933594,140.72154235839844,443.47625732421875,137.43321228027344
2023-03-14,24.043020248413086,255.3382568359375,150.5517120361328,93.3263168334961,192.8312530517578,183.25999450683594,60.585994720458984,81.78343963623047,44.47037124633789,463.3394470214844,130.46287536621094,54.851070404052734,125.95136260986328,214.1920166015625,347.2343444824219,305.3299865722656,320.4263916015625,141.51222229003906,444.3370056152344,139.1517333984375
2023-03-15,24.207881927490234,259.89111328125,150.94638061523438,95.45165252685547,196.53839111328125,180.4499969482422,59.97100830078125,80.25531768798828,44.966270446777344,466.9351806640625,132.30995178222656,55.216552734375,120.00091552734375,211.94879150390625,342.5693359375,297.8800048828125,322.7776184082031,141.90756225585938,445.14996337890625,139.34165954589844
2023-03-16,25.519792556762695,270.4261779785156,153.7681884765625,99.63282012939453,203.6743927001953,184.1300048828125,60.9730224609375,82.03489685058594,44.71083450317383,468.4734802246094,133.29879760742188,55.5203971862793,122.33058166503906,213.0067596435547,342.4906311035156,302.010009765625,322.8363342285156,141.6133575439453,451.4528503417969,140.46319580078125
2023-03-17,25.70363998413086,273.5886535644531,152.92950439453125,100.92391967773438,194.41151428222656,180.1300048828125,60.443267822265625,82.46044158935547,45.072975158691406,468.2716369628906,133.33612060546875,55.26259231567383,117.70869445800781,212.94798278808594,344.12432861328125,293.510009765625,322.49346923828125,140.0963592529297,449.0426025390625,139.48638916015625
2023-03-20,25.87849235534668,266.5391845703125,155.29745483398438,100.52665710449219,196.59803771972656,183.25,61.663692474365234,84.1046142578125,45.55797576904297,470.42529296875,135.3884735107422,55.79662322998047,118.95304107666016,213.69244384765625,343.78973388671875,301.05999755859375,326.82366943359375,141.48463439941406,456.1775817871094,141.204833984375
2023-03-21,26.177242279052734,268.0567321777344,157.15235900878906,104.20130920410156,200.92138671875,197.5800018310547,61.435977935791016,84.70427703857422,45.40277862548828,471.9251403808594,134.408935546875,55.538818359375,122.1434555053711,217.414794921875,348.9566345214844,303.8500061035156,324.3549499511719,141.48463439941406,459.1807556152344,141.79275512695312
2023-03-22,26.446022033691406,266.5978698730469,155.7217254638672,102.66194152832031,198.5857696533203,191.14999389648438,60.87348175048828,85.01375579833984,45.11177444458008,468.7235412597656,134.3249969482422,55.290218353271484,118.99047088623047,215.54380798339844,345.4726867675781,299.7300109863281,324.24713134765625,138.87355041503906,454.80023193359375,138.9888916015625
2023-03-23,27.168424606323242,271.85565185546875,156.80703735351562,104.87664794921875,203.0283966064453,192.22000122070312,61.67526626586914,84.89768981933594,45.47713851928711,468.9542236328125,134.13839721679688,55.17051696777344,118.67235565185547,218.04171752929688,348.759765625,298.3699951171875,325.8832092285156,138.94712829589844,449.43475341796875,140.46319580078125
2023-03-24,26.756765365600586,274.704833984375,158.109375,104.71775817871094,204.74777221679688,190.41000366210938,61.38002395629883,85.12014770507812,45.84897994995117,476.17462158203125,136.87173461914062,56.07284927368164,116.86664581298828,216.52337646484375,346.06317138671875,298.9200134277344,329.3023681640625,140.3446044921875,455.2497863769531,142.92332458496094
2023-03-27,26.508970260620117,270.6024475097656,156.1657257080078,101.7581558227539,201.5972137451172,191.80999755859375,60.479827880859375,87.18021392822266,46.61528396606445,474.20379638671875,136.15341186523438,56.48716354370117,120.21611785888672,217.2776641845703,349.0058288574219,302.1400146484375,327.8033752441406,140.9422149658203,460.9023742675781,142.4891815185547
2023-03-28,26.388071060180664,269.4764709472656,155.54412841796875,100.33795928955078,199.450439453125,189.19000244140625,60.27335739135742,86.89973449707031,46.43421173095703,468.00244140625,136.535888671875,56.55162811279297,120.58099365234375,215.827880859375,348.72039794921875,302.32000732421875,330.79150390625,139.58151245117188,451.9883728027344,143.13136291503906
2023-03-29,26.961593627929688,274.6460876464844,158.6224365234375,100.69549560546875,204.09182739257812,193.8800048828125,60.35053634643555,87.64445495605469,46.63468551635742,471.94439697265625,136.9556884765625,56.956756591796875,120.82425689697266,218.7372283935547,353.83807373046875,305.29998779296875,329.0475769042969,140.95140075683594,446.2594299316406,142.90524291992188
2023-03-30,27.360261917114258,278.1120300292969,160.1912078857422,100.19891357421875,206.5665740966797,195.27999877929688,61.14652633666992,87.53805541992188,47.10028839111328,472.5308532714844,137.552734375,56.94753646850586,120.4593734741211,217.81640625,353.5723571777344,305.0799865722656,333.7696838378906,141.06173706054688,449.5782470703125,142.8328857421875
2023-03-31,27.75393295288086,282.273193359375,162.69728088378906,103.01947784423828,210.6414337158203,207.4600067138672,61.89813995361328,89.86892700195312,47.67583084106445,477.7130126953125,138.7095184326172,57.11327362060547,121.9189224243164,220.8530731201172,357.6566467285156,308.7699890136719,336.44427490234375,142.5051727294922,451.99798583984375,144.14434814453125
2023-04-03,27.94178009033203,281.22564697265625,163.9503173828125,103.64514923095703,211.76454162597656,194.77000427246094,61.987876892089844,90.83609008789062,48.07675552368164,477.86688232421875,139.47447204589844,57.453948974609375,121.77857971191406,224.3207550048828,360.6681823730469,310.30999755859375,343.61553955078125,144.2060546875,472.65679931640625,145.09402465820312
2023-04-04,27.430200576782227,281.1766052246094,163.41754150390625,104.00267791748047,213.40440368652344,192.5800018310547,61.210208892822266,90.91346740722656,47.60469055175781,478.53985595703125,140.14610290527344,57.27900314331055,120.15062713623047,223.00811767578125,358.138916015625,309.07000732421875,347.416748046875,145.7138214111328,471.7578125,144.5151824951172
2023-04-05,26.858680725097656,278.3960266113281,161.572509765625,103.75440979003906,210.18426513671875,185.52000427246094,60.68920135498047,91.77423858642578,48.39363098144531,477.9629821777344,141.1070098876953,57.82223892211914,120.32977294921875,223.5077362060547,358.5923156738281,310.3900146484375,354.8819580078125,152.25985717773438,487.0414733886719,145.437744140625
2023-04-06,27.014549255371094,285.5042419433594,162.4604949951172,107.67733764648438,214.7759552001953,185.05999755859375,60.07460021972656,92.7704086303711,48.75899887084961,467.2429504394531,142.0025634765625,57.859073638916016,120.19776153564453,221.3722381591797,356.3055114746094,312.510009765625,360.80908203125,151.83694458007812,490.46551513671875,146.11611938476562
2023-04-10,27.55609703063965,283.34051513671875,159.86563110351562,105.71089935302734,213.43423461914062,184.50999450683594,60.53289794921875,91.06108093261719,48.665225982666016,474.79022216796875,140.82713317871094,57.7209587097168,120.59381103515625,221.80322265625,354.9945373535156,312.6199951171875,359.5452575683594,151.07386779785156,492.7322082519531,145.8718719482422
2023-04-11,27.146442413330078,276.9176025390625,158.65206909179688,104.62836456298828,212.53976440429688,186.7899932861328,59.971370697021484,91.26502227783203,48.52296829223633,479.4244079589844,140.54727172851562,57.61968231201172,121.18785858154297,223.78196716308594,358.9274597167969,313.70001220703125,356.64544677734375,151.0278778076172,498.2699279785156,145.96234130859375
2023-04-12,26.472999572753906,277.5638122558594,157.96142578125,103.92322540283203,212.6888427734375,180.5399932861328,59.50148010253906,91.19705200195312,48.28692626953125,470.4829406738281,140.92977905273438,57.7209587097168,121.16901397705078,223.15505981445312,356.61102294921875,314.54998779296875,361.5536193847656,150.7061004638672,498.48040771484375,146.84869384765625
2023-04-13,26.441024780273438,283.7810974121094,163.34848022460938,106.69412231445312,218.99993896484375,185.89999389648438,60.22897720336914,92.799560546875,48.335426330566406,478.6936950683594,141.58274841308594,58.14450454711914,121.63105010986328,227.9353790283203,364.36865234375,318.04998779296875,367.52972412109375,152.71957397460938,503.30072021484375,148.5008544921875
2023-04-14,26.73577880859375,280.1584167480469,163.00315856933594,108.12425231933594,220.13296508789062,185.0,59.7755012512207,92.95494842529297,48.008853912353516,472.3577880859375,140.86444091796875,58.05242156982422,130.81536865234375,229.23814392089844,367.1089172363281,319.739990234375,367.1182861328125,152.47134399414062,489.4899597167969,147.49676513671875
2023-04-17,26.979578018188477,282.76275634765625,163.02284240722656,105.24412536621094,217.51904296875,187.0399932861328,60.530006408691406,92.8384017944336,48.34512710571289,474.8960266113281,140.91110229492188,58.429927825927734,131.85263061523438,228.7091827392578,367.4342346191406,323.7900085449219,364.7866516113281,152.3150177001953,483.33050537109375,147.12252807617188
2023-04-18,27.644027709960938,282.34173583984375,164.24630737304688,103.7841796875,216.5550079345703,184.30999755859375,61.0085563659668,93.69306945800781,48.45183181762695,477.74188232421875,141.0603790283203,58.522003173828125,133.3330535888672,228.8267364501953,367.00042724609375,324.6300048828125,362.3962097167969,148.0306854248047,482.49847412109375,145.6712188720703
2023-04-19,27.907806396484375,282.420166015625,165.3908233642578,103.46638488769531,214.37840270996094,180.58999633789062,61.218902587890625,93.05205535888672,48.503562927246094,476.90545654296875,141.0883331298828,58.63248825073242,133.16329956054688,227.81781005859375,367.4736328125,323.0899963378906,362.94482421875,149.4281463623047,465.01495361328125,147.14993286132812
2023-04-20,27.081493377685547,280.1290588378906,164.4239044189453,104.56877136230469,211.76454162597656,162.99000549316406,61.07609939575195,92.10028839111328,48.81396484375,486.087158203125,141.60556030273438,58.89029312133789,132.7766876220703,229.80630493164062,369.6422119140625,323.82000732421875,367.1966247558594,150.39352416992188,466.2200622558594,147.6337127685547
2023-04-21,27.096479415893555,279.7863464355469,162.815673828125,104.6879653930664,211.58563232421875,165.0800018310547,61.06452560424805,92.41106414794922,49.05970001220703,486.8275146484375,146.50567626953125,58.97317123413086,132.52210998535156,229.26754760742188,369.878662109375,324.3299865722656,377.4147644042969,149.5752716064453,462.7386779785156,148.24525451660156
2023-04-24,27.019540786743164,275.8797607421875,163.12155151367188,105.24412536621094,211.4862518310547,162.5500030517578,61.222747802734375,92.6927261352539,49.39273452758789,491.70208740234375,146.7685089111328,58.8810920715332,132.70127868652344,228.00389099121094,369.3760070800781,326.04998779296875,375.5632019042969,150.4854278564453,467.63555908203125,149.76962280273438
2023-04-25,26.219207763671875,269.6624755859375,161.58238220214844,103.1386489868164,206.27833557128906,160.6699981689453,60.01477813720703,91.35244750976562,49.007972717285156,483.7701416015625,146.8060760498047,58.78901672363281,129.8158416748047,224.89865112304688,363.26458740234375,324.3399963378906,377.02288818359375,151.86453247070312,470.4857177734375,150.5181121826172
2023-04-26,26.933610916137695,289.1954345703125,161.572509765625,102.99960327148438,208.1170196533203,153.75,59.4522819519043,91.01251983642578,48.7945671081543,475.5882568359375,145.10699462890625,58.512794494628906,127.5150375366211,223.4880828857422,361.5199279785156,320.5299987792969,368.62701416015625,149.51087951660156,461.90655517578125,147.68846130371094
2023-04-27,27.20339012145996,298.4576721191406,166.160400390625,106.85301208496094,237.0983428955078,160.19000244140625,59.666465759277344,92.30424499511719,48.946533203125,481.94342041015625,146.88116455078125,58.63248825073242,129.23123168945312,224.33055114746094,368.3312072753906,326.2300109863281,382.4209899902344,149.86026000976562,469.09893798828125,135.8861541748047
2023-04-28,27.7259578704834,300.8368835449219,167.41343688964844,106.60472869873047,238.84759521484375,164.30999755859375,60.44702911376953,91.9934310913086,48.81396484375,483.81817626953125,146.79669189453125,59.06523132324219,130.3533172607422,227.9745330810547,374.60028076171875,328.54998779296875,387.8190612792969,150.5038299560547,470.6483154296875,137.93992614746094
2023-05-01,28.8859920501709,299.17242431640625,167.32461547851562,106.46569061279297,241.69003295898438,161.8300018310547,61.551761627197266,92.13912200927734,49.014427185058594,474.55950927734375,146.97503662109375,59.20335388183594,133.1444549560547,227.75900268554688,374.43267822265625,330.1700134277344,397.56695556640625,150.4119110107422,474.1010437011719,140.30404663085938
2023-05-02,28.18657684326172,299.0256042480469,166.2886505126953,104.59857177734375,237.77418518066406,160.30999755859375,59.080810546875,92.07115173339844,48.88187026977539,475.732421875,146.8435821533203,58.93633270263672,130.99452209472656,222.34201049804688,370.65740966796875,325.8599853515625,395.9896545410156,151.72662353515625,471.8917236328125,138.3963165283203
2023-05-03,27.778913497924805,298.0367126464844,165.21322631835938,104.6879653930664,235.5777130126953,160.61000061035156,59.16379165649414,92.05170440673828,48.7008056640625,471.16552734375,146.65585327148438,58.604862213134766,128.22227478027344,221.36245727539062,369.5435791015625,323.2200012207031,422.4314270019531,149.74075317382812,468.11383056640625,136.23301696777344
2023-05-04,27.53911590576172,299.0256042480469,163.5753936767578,103.97289276123047,232.0892333984375,161.1999969482422,58.870479583740234,92.23625946044922,48.83711624145508,472.4180908203125,145.98001098632812,58.66931915283203,126.46839904785156,220.99020385742188,370.7462158203125,320.0,419.7373046875,149.06039428710938,466.0479431152344,134.5078582763672
2023-05-05,28.656187057495117,304.1559753417969,171.25148010253906,104.84686279296875,231.353759765625,170.05999755859375,60.79629898071289,94.1786880493164,49.25904846191406,480.8193054199219,146.4681396484375,58.945533752441406,128.9389190673828,227.04391479492188,379.16412353515625,323.8800048828125,419.12005615234375,149.56607055664062,472.742919921875,135.11941528320312
2023-05-08,29.126789093017578,302.19781494140625,171.1824188232422,107.03178405761719,231.8407745361328,171.7899932861328,60.694026947021484,94.00387573242188,49.5673828125,480.8193054199219,145.78285217285156,58.85346603393555,129.25006103515625,227.4847412109375,380.0020751953125,326.1400146484375,423.9303283691406,149.22589111328125,471.1552734375,134.58999633789062
2023-05-09,28.547273635864258,300.58233642578125,169.47549438476562,106.61466217041016,231.94015502929688,169.14999389648438,59.67612075805664,93.37257385253906,49.651763916015625,482.4861755371094,144.29031372070312,58.365474700927734,128.6277313232422,228.4936981201172,377.46875,324.8699951171875,419.6784973144531,148.0674591064453,469.0128173828125,134.0240936279297
2023-05-10,28.86101531982422,305.78131103515625,171.24159240722656,110.9845199584961,231.6519317626953,168.5399932861328,60.424835205078125,94.71284484863281,49.512203216552734,481.39739990234375,144.59068298339844,58.466758728027344,128.69374084472656,226.5443572998047,377.0744323730469,322.989990234375,427.0653991699219,148.6190948486328,468.71636962890625,133.6498260498047
2023-05-11,28.554269790649414,303.6273193359375,171.42906188964844,115.77151489257812,234.3453369140625,172.0800018310547,60.559913635253906,94.63516235351562,49.697208404541016,483.5459289550781,144.9286346435547,58.79822540283203,128.2882843017578,226.7308349609375,377.9122619628906,322.6400146484375,426.70281982421875,148.01231384277344,467.46343994140625,133.8050079345703
2023-05-12,28.316465377807617,302.5111389160156,170.5003662109375,116.705078125,232.37745666503906,167.97999572753906,60.89567565917969,95.03333282470703,49.68097686767578,485.646240234375,146.40243530273438,59.028411865234375,126.44953155517578,227.093994140625,376.4633483886719,322.489990234375,426.7126770019531,147.81922912597656,469.8258361816406,134.316162109375
2023-05-15,28.928956985473633,302.9908752441406,170.00634765625,115.71192932128906,237.39651489257812,166.35000610351562,61.73025894165039,94.46033477783203,49.29475784301758,483.6904296875,146.44935607910156,58.87187194824219,127.5150375366211,228.4974822998047,377.9319763183594,323.5299987792969,426.791259765625,146.68836975097656,465.6462097167969,133.8050079345703
2023-05-16,29.188739776611328,305.2232360839844,170.00634765625,118.69137573242188,237.35675048828125,166.52000427246094,61.888484954833984,95.42183685302734,48.61316680908203,478.01568603515625,146.1958770751953,58.208953857421875,126.65697479248047,226.20083618164062,374.80731201171875,323.75,428.8931884765625,146.4953155517578,458.8173522949219,130.79281616210938
2023-05-17,30.152936935424805,308.1080627441406,170.61892700195312,120.01226806640625,241.0042724609375,173.86000061035156,63.43512725830078,96.89807891845703,48.53202438354492,476.9077453613281,145.5763397216797,58.14450454711914,130.5513458251953,228.34043884277344,381.47076416015625,327.3900146484375,429.6986999511719,146.17352294921875,463.68548583984375,130.8476104736328
2023-05-18,31.651695251464844,312.5433044433594,172.95059204101562,121.98863983154297,245.3375701904297,176.88999938964844,65.40628051757812,99.39410400390625,49.16168212890625,479.89453125,143.1826171875,57.82223892211914,131.5414581298828,229.27285766601562,386.41900634765625,329.760009765625,430.1111755371094,145.70462036132812,458.3487243652344,130.9297332763672
2023-05-19,31.238037109375,312.36663818359375,173.0592498779297,121.91911315917969,244.135009765625,180.13999938964844,65.82599639892578,99.87969970703125,48.655357360839844,478.3721923828125,143.78341674804688,57.8498649597168,131.23971557617188,228.9882354736328,380.0611572265625,330.3900146484375,434.521484375,146.0999755859375,457.9565734863281,132.45411682128906
2023-05-22,31.15011215209961,315.1533203125,172.11077880859375,124.19342803955078,246.7985382080078,188.8699951171875,65.4516372680664,98.84051513671875,48.22693634033203,473.89215087890625,140.01913452148438,56.634490966796875,130.15530395507812,226.99583435058594,379.0360107421875,329.1300048828125,426.28045654296875,145.31259155273438,459.6780700683594,132.2624053955078
2023-05-23,30.662517547607422,309.344482421875,169.50244140625,121.72047424316406,245.22825622558594,185.77000427246094,66.23605346679688,95.70348358154297,48.13605880737305,467.14794921875,138.50779724121094,56.5332145690918,128.79747009277344,220.41993713378906,368.4100036621094,323.1099853515625,415.69195556640625,145.25698852539062,458.5495300292969,130.08999633789062
2023-05-24,30.51264190673828,307.96087646484375,169.77908325195312,120.07185363769531,247.68312072753906,182.89999389648438,65.56355285644531,95.48981475830078,47.915348052978516,465.11517333984375,137.36257934570312,56.05442810058594,127.6187744140625,218.1331024169922,363.2350158691406,320.20001220703125,418.20648193359375,145.11805725097656,459.8789367675781,128.83946228027344
2023-05-25,37.948455810546875,319.8044128417969,170.91529846191406,122.6341781616211,251.14178466796875,184.47000122070312,70.31729888916016,101.28797912597656,47.43824768066406,468.7665710449219,136.48016357421875,55.62167739868164,127.92994689941406,219.24217224121094,364.7530212402344,319.0199890136719,419.7191467285156,143.03382873535156,456.8853759765625,126.53011322021484
2023-05-26,38.91366195678711,326.64361572265625,173.32601928710938,123.75643920898438,260.4345397949219,193.1699981689453,78.4151840209961,101.08401489257812,47.52263259887695,488.7196350097656,136.48956298828125,55.48357009887695,129.12750244140625,220.8419647216797,369.0211486816406,320.6000061035156,418.2261962890625,142.97825622558594,460.53887939453125,125.56256866455078
2023-05-30,40.07769012451172,324.9951171875,175.173583984375,122.8228759765625,260.91156005859375,201.16000366210938,77.50920867919922,102.12321472167969,47.405792236328125,489.46148681640625,134.4055938720703,55.04161071777344,129.6178436279297,217.53440856933594,362.2492980957031,322.19000244140625,419.65045166015625,142.99679565429688,458.941650390625,124.54027557373047
2023-05-31,37.80258560180664,322.2280578613281,175.1242218017578,122.02835845947266,263.09808349609375,203.92999267578125,77.9549560546875,102.89047241210938,47.6686897277832,492.86248779296875,133.76727294921875,54.93112564086914,127.96768951416016,216.9357147216797,359.80474853515625,321.0799865722656,421.8309020996094,143.63592529296875,466.0096435546875,125.9277114868164
2023-06-01,39.73698043823242,326.33941650390625,177.93017578125,122.8725357055664,270.939697265625,207.52000427246094,76.21730041503906,102.93902587890625,47.84394454956055,493.8644714355469,135.1378173828125,55.24418258666992,129.7310028076172,222.3043670654297,365.5810241699219,323.1199951171875,428.73614501953125,143.15423583984375,472.1211853027344,121.80191040039062
2023-06-02,39.29434585571289,329.10650634765625,178.77980041503906,123.81602478027344,270.939697265625,213.97000122070312,78.3447494506836,102.84191131591797,48.30158233642578,493.8548889160156,137.5409393310547,56.31223678588867,132.45611572265625,224.55197143554688,368.39031982421875,329.4800109863281,434.47235107421875,145.40524291992188,477.8119812011719,124.9327621459961
2023-06-05,39.13847351074219,329.6363830566406,177.42626953125,125.14685821533203,269.72723388671875,217.61000061035156,77.40885925292969,103.85196685791016,48.61965560913086,499.3079528808594,136.99647521972656,55.93473434448242,131.1548614501953,222.56939697265625,365.2262268066406,328.5799865722656,436.36810302734375,146.65576171875,476.4825134277344,124.92362213134766
2023-06-06,38.62190246582031,327.4187927246094,177.06072998046875,126.43795013427734,269.4588928222656,221.30999755859375,76.22211456298828,104.01707458496094,48.61316680908203,497.39068603515625,135.63534545898438,55.52960968017578,131.3905792236328,223.99253845214844,374.5312805175781,333.4100036621094,435.19921875,146.5260467529297,466.3252868652344,123.61833190917969
2023-06-07,37.447750091552734,317.3121032714844,175.68739318847656,121.660888671875,261.98492431640625,224.57000732421875,76.47586059570312,102.22032928466797,48.68457794189453,492.5445556640625,135.9263153076172,55.446746826171875,132.66354370117188,221.09716796875,366.0837097167969,335.4200134277344,428.61822509765625,146.84100341796875,461.1223449707031,124.59500885009766
2023-06-08,38.48200607299805,319.1567687988281,178.40440368652344,121.30335998535156,262.95892333984375,234.86000061035156,77.59217834472656,104.38614654541016,49.38887023925781,501.080810546875,137.4658203125,55.5848503112793,132.70127868652344,218.91827392578125,362.3380432128906,335.95001220703125,437.7431640625,148.4528350830078,468.86932373046875,125.63558959960938
2023-06-09,38.74181365966797,320.6580810546875,178.7897186279297,121.39274597167969,263.32666015625,244.39999389648438,77.63269805908203,106.68792724609375,49.68747329711914,498.3734436035156,137.57846069335938,55.67692565917969,132.96530151367188,219.4188232421875,363.9447937011719,335.2900085449219,438.1164855957031,148.2212677001953,472.1116638183594,126.12850952148438
2023-06-12,39.45330047607422,325.62310791015625,181.58578491210938,122.79307556152344,269.3892822265625,249.8300018310547,82.52828216552734,113.07850646972656,50.015281677246094,501.9285583496094,136.4989471435547,55.437530517578125,132.95590209960938,221.98048400878906,369.94775390625,333.6000061035156,437.3994140625,148.1193389892578,471.12652587890625,125.71775817871094
2023-06-13,40.99217224121094,328.0173645019531,181.1115264892578,122.9817886352539,269.65765380859375,258.7099914550781,82.11919403076172,113.3213119506836,50.404754638671875,502.9402160644531,136.17041015625,55.65851974487305,133.91769409179688,219.26181030273438,366.07391357421875,336.3900146484375,437.8021545410156,148.8974609375,469.90228271484375,126.24714660644531
2023-06-14,42.96575164794922,331.0101013183594,181.74386596679688,122.8228759765625,271.67523193359375,256.7900085449219,85.50191497802734,118.75039672851562,50.91432571411133,507.93084716796875,137.4470672607422,56.036014556884766,133.4179229736328,219.30105590820312,369.4056091308594,335.8999938964844,439.7666015625,149.65704345703125,439.8226318359375,124.34857940673828
2023-06-15,42.62199783325195,341.5682678222656,183.77914428710938,124.23314666748047,280.1032409667969,255.89999389648438,85.23658752441406,122.9072036743164,51.19345474243164,509.8384094238281,139.35263061523438,56.80604934692383,134.92662048339844,221.98048400878906,373.6244812011719,339.82000732421875,445.86627197265625,151.6671905517578,447.4190979003906,124.03823852539062
2023-06-16,42.66096115112305,335.906494140625,182.7022247314453,122.683837890625,279.2783508300781,260.5400085449219,83.75843048095703,121.84859466552734,50.47941207885742,504.5106506347656,140.37583923339844,57.214256286621094,135.0869140625,224.66973876953125,371.15032958984375,338.30999755859375,439.7567443847656,152.13034057617188,440.31243896484375,126.54837799072266
2023-06-20,43.776153564453125,331.706787109375,182.79112243652344,122.25677490234375,282.5879211425781,274.45001220703125,83.750732421875,118.52703094482422,50.03475570678711,500.7049865722656,139.0804443359375,56.83387756347656,134.3986053466797,222.2749481201172,369.267578125,338.6700134277344,443.9214172363281,152.03770446777344,450.7803039550781,125.79991912841797
2023-06-21,43.013710021972656,327.3010559082031,181.75372314453125,119.72425842285156,279.9144592285156,259.4599914550781,82.2210693359375,118.58531188964844,50.13212203979492,500.6279296875,140.28196716308594,56.99159622192383,134.20057678222656,223.04049682617188,370.7659606933594,338.6099853515625,444.95281982421875,151.80612182617188,457.8484802246094,124.92362213134766
2023-06-22,42.993717193603516,333.3356628417969,184.75726318359375,122.30644226074219,283.13458251953125,264.6099853515625,81.71377563476562,117.10906219482422,50.55080795288086,505.04046630859375,140.76072692871094,57.38124465942383,131.6168975830078,224.1593780517578,372.4021301269531,336.9599914550781,449.5496520996094,153.41795349121094,460.05731201171875,125.4256820678711
2023-06-23,42.178314208984375,328.733642578125,184.4410858154297,121.50199127197266,286.96099853515625,256.6000061035156,79.74666595458984,115.22489929199219,50.456687927246094,505.2718505859375,139.3620147705078,56.77821350097656,130.9285430908203,225.29786682128906,374.3834533691406,335.25,450.6890563964844,153.28822326660156,458.0885925292969,124.06559753417969
2023-06-26,40.60245895385742,322.4341125488281,183.04803466796875,117.52938079833984,276.7638854980469,241.0500030517578,79.69622802734375,113.41844940185547,50.3236198425293,504.28900146484375,139.5028533935547,56.79677200317383,131.2491455078125,222.1080780029297,372.0276184082031,334.1199951171875,444.7170715332031,151.57456970214844,460.06695556640625,123.18020629882812
2023-06-27,41.84555435180664,328.2921142578125,185.8045654296875,117.51945495605469,285.291259765625,250.2100067138672,82.29283905029297,114.44792938232422,50.14186096191406,510.9463806152344,140.82643127441406,56.6761589050293,131.25856018066406,223.12881469726562,376.3351135253906,335.3399963378906,456.24853515625,151.25958251953125,463.4281921386719,121.0351791381836
2023-06-28,41.08710861206055,329.5480651855469,186.98028564453125,119.3567886352539,283.54205322265625,256.239990234375,82.24822998046875,113.17562866210938,50.41449737548828,513.326171875,140.79827880859375,56.14734649658203,130.683349609375,223.7373504638672,374.7974853515625,334.1499938964844,450.5515441894531,150.95391845703125,455.6396789550781,120.95301055908203
2023-06-29,40.792320251464844,328.7630920410156,187.3162078857422,118.2841796875,279.8050537109375,257.5,83.66732025146484,114.38965606689453,50.073699951171875,512.2567749023438,140.22564697265625,55.683467864990234,135.24725341796875,229.97952270507812,382.1311950683594,336.9100036621094,456.2386474609375,152.00991821289062,457.5508117675781,121.61021423339844
2023-06-30,42.27124786376953,334.150146484375,191.64366149902344,118.88006591796875,285.2217102050781,261.7699890136719,84.13872528076172,115.66194915771484,51.01494216918945,518.7021484375,142.4410400390625,55.869022369384766,137.14256286621094,233.0809783935547,387.6806945800781,341.0,460.6489562988281,153.3253173828125,461.5843200683594,122.97938537597656
2023-07-03,42.38215637207031,331.64788818359375,190.1518096923828,119.07869720458984,284.267578125,279.82000732421875,85.01266479492188,113.77779388427734,51.34599304199219,521.264892578125,143.1544647216797,56.20301055908203,138.2458038330078,233.56192016601562,388.33123779296875,342.0,453.2232360839844,151.315185546875,458.9337158203125,123.2349853515625
2023-07-05,42.28623580932617,331.8049011230469,189.03533935546875,120.91603088378906,292.56640625,282.4800109863281,83.59844207763672,112.62203979492188,51.31678009033203,521.3516845703125,142.91036987304688,56.6204948425293,137.32489013671875,235.01449584960938,389.09027099609375,341.55999755859375,457.4271545410156,150.81495666503906,452.5377197265625,125.61735534667969
2023-07-06,42.07239532470703,334.8663635253906,189.5095977783203,119.28726196289062,290.20098876953125,276.5400085449219,82.2540512084961,112.12672424316406,50.992218017578125,517.729248046875,142.6757049560547,56.18445587158203,135.9672088623047,234.45506286621094,388.08343505859375,341.4599914550781,454.98138427734375,149.69410705566406,450.7514953613281,125.27962493896484
2023-07-07,42.47209548950195,330.8923645019531,188.3931121826172,118.66157531738281,288.74993896484375,274.42999267578125,82.13280487060547,111.31090545654297,49.817291259765625,505.859375,139.68118286132812,55.44225311279297,137.0400390625,232.07008361816406,383.6807556152344,340.8999938964844,444.04913330078125,147.51727294921875,443.2799987792969,123.6822509765625
2023-07-10,42.14933776855469,325.603515625,186.3479461669922,115.65232849121094,292.298095703125,269.6099853515625,85.1377944946289,111.0875244140625,50.2684440612793,507.7478332519531,139.73751831054688,55.024776458740234,137.80905151367188,233.74839782714844,387.1159973144531,341.1300048828125,445.10992431640625,147.75807189941406,444.691650390625,122.76032257080078
2023-07-11,42.37417221069336,326.2314758300781,185.8243408203125,116.33760833740234,296.46240234375,269.7900085449219,85.55682373046875,111.96468353271484,50.193790435791016,510.2816162109375,139.00531005859375,55.219600677490234,139.96429443359375,236.09410095214844,392.68341064453125,343.3699951171875,431.5845947265625,146.9429473876953,444.53802490234375,123.74613952636719
2023-07-12,43.870079040527344,330.87274169921875,187.4940185546875,118.11534881591797,307.4446716308594,271.989990234375,86.32311248779297,113.07575988769531,50.320369720458984,518.3360595703125,139.7281494140625,55.516475677490234,140.65736389160156,237.72337341308594,395.5362854003906,345.3500061035156,432.7730407714844,146.43344116210938,433.7916564941406,123.20758056640625
2023-07-13,45.94357681274414,336.23028564453125,188.25477600097656,123.68692779541016,311.4897766113281,277.8999938964844,86.36286926269531,114.46947479248047,50.02501678466797,518.769775390625,139.82200622558594,55.9896240234375,141.3409423828125,238.80300903320312,395.4079895019531,343.5400085449219,426.9778747558594,147.10963439941406,429.9982604980469,123.29065704345703
2023-07-14,45.43594741821289,338.7618103027344,188.4030303955078,124.5608901977539,306.9775695800781,281.3800048828125,86.19022369384766,116.2432861328125,50.19704055786133,526.7181396484375,140.85459899902344,56.49989318847656,142.19541931152344,238.65577697753906,397.3328857421875,341.0899963378906,441.4756774902344,148.091552734375,461.1329345703125,125.5240707397461
2023-07-17,46.427223205566406,339.24273681640625,191.6634521484375,123.7961654663086,308.71685791015625,290.3800048828125,88.30187225341797,115.87291717529297,50.258705139160156,532.749267578125,139.85955810546875,56.4163932800293,145.62281799316406,239.47039794921875,397.0268859863281,344.25,439.1968688964844,147.3505096435547,464.88787841796875,124.43505859375
2023-07-18,47.459468841552734,352.7444152832031,191.40658569335938,122.91226196289062,310.1380615234375,293.3399963378906,87.63063049316406,117.70520782470703,50.16783142089844,533.3563232421875,140.12240600585938,56.193729400634766,145.88870239257812,236.31002807617188,393.0388488769531,345.3399963378906,443.18475341796875,147.34124755859375,480.1767272949219,126.05013275146484
2023-07-19,47.042781829833984,348.417236328125,192.76014709472656,121.19410705566406,314.0738220214844,291.260009765625,87.43082427978516,115.6780014038086,50.184051513671875,533.8572387695312,141.07989501953125,57.18642044067383,146.4488525390625,236.94798278808594,393.1474609375,342.42999267578125,445.5028381347656,147.04483032226562,483.73004150390625,127.06529998779297
2023-07-20,45.48691177368164,340.361328125,190.81375122070312,118.38349151611328,300.6664733886719,262.8999938964844,86.16693878173828,112.9393081665039,51.112300872802734,536.6032104492188,142.2238311767578,57.88223648071289,148.25277709960938,235.1813507080078,392.94012451171875,346.6099853515625,455.58056640625,155.97457885742188,484.2486267089844,131.22764587402344
2023-07-21,44.27677917480469,337.3194885253906,189.63803100585938,119.19786834716797,292.45709228515625,260.0199890136719,86.9826889038086,114.66439819335938,51.40117263793945,537.47021484375,144.4626007080078,57.92861557006836,147.11343383789062,234.8181915283203,392.3774108886719,345.760009765625,453.83221435546875,157.65121459960938,486.4478454589844,132.6581268310547
2023-07-24,44.57956314086914,338.63433837890625,190.43832397460938,120.6975326538086,289.8232727050781,269.05999755859375,87.45216369628906,115.07373046875,51.7030143737793,543.3182983398438,144.9254913330078,57.947174072265625,150.00921630859375,236.2805938720703,399.5835266113281,349.6300048828125,451.1604919433594,158.4756622314453,488.5125732421875,132.1413116455078
2023-07-25,45.64579391479492,344.3941650390625,191.29788208007812,121.37287902832031,292.6658020019531,265.2799987792969,89.04292297363281,114.956787109375,51.66081619262695,544.5323486328125,145.26551818847656,57.752349853515625,148.8888702392578,234.26858520507812,396.1186828613281,347.5799865722656,449.412109375,159.68914794921875,490.6733703613281,130.7108154296875
2023-07-26,45.4189567565918,331.4320068359375,192.1673583984375,128.384521484375,296.74072265625,264.3500061035156,86.62767791748047,112.56896209716797,51.8458251953125,545.4764404296875,145.41668701171875,58.494544982910156,149.7813262939453,232.7080535888672,397.2341613769531,349.79998779296875,445.53228759765625,159.99484252929688,487.8595886230469,130.95997619628906
2023-07-27,45.86663055419922,324.51434326171875,190.9026641845703,128.5136260986328,309.80010986328125,255.7100067138672,86.67035675048828,113.44611358642578,51.65757369995117,541.2951049804688,143.68804931640625,57.92861557006836,148.12933349609375,230.09732055664062,389.4258728027344,349.30999755859375,446.9074401855469,160.8933868408203,485.1993408203125,137.37416076660156
2023-07-28,46.71601104736328,332.02081298828125,193.4813690185547,131.67184448242188,323.48583984375,266.44000244140625,87.27755737304688,113.04652404785156,51.900997161865234,542.7305297851562,147.7499542236328,57.96573257446289,148.97433471679688,231.38304138183594,387.9057312011719,349.80999755859375,450.33544921875,161.62515258789062,482.97137451171875,139.21995544433594
2023-07-31,46.69502639770508,329.61676025390625,194.09393310546875,131.81088256835938,316.6479797363281,267.42999267578125,87.1669921875,114.25505065917969,51.884769439697266,540.1775512695312,147.64605712890625,57.455467224121094,149.97120666503906,233.32635498046875,389.20880126953125,351.9599914550781,446.4752197265625,155.18722534179688,486.294189453125,138.0478973388672
2023-08-01,46.47318649291992,330.02886962890625,193.26400756835938,130.64889526367188,320.7327575683594,261.07000732421875,89.23789978027344,114.91779327392578,51.64134979248047,535.16748046875,147.5988006591797,57.307029724121094,149.23068237304688,235.33840942382812,391.96282958984375,352.260009765625,445.0411682128906,156.44700622558594,484.72882080078125,137.0880584716797
2023-08-02,44.23681640625,321.3547668457031,190.27037048339844,127.5006103515625,312.3842468261719,254.11000061035156,86.55105590820312,112.77362823486328,51.67704772949219,532.1614379882812,147.9199676513672,57.483306884765625,147.5406951904297,233.15951538085938,385.0035095214844,351.19000244140625,446.406494140625,157.39187622070312,484.7864074707031,137.86329650878906
2023-08-03,44.482635498046875,320.530517578125,188.8772735595703,127.57013702392578,311.2711181640625,259.32000732421875,85.84102630615234,111.64306640625,51.690025329589844,537.3063354492188,148.30726623535156,57.18642044067383,148.44264221191406,234.3372802734375,387.9551086425781,353.80999755859375,441.1810302734375,158.0680694580078,484.8440246582031,137.55874633789062
2023-08-04,44.64751434326172,321.6294860839844,179.80734252929688,127.23246765136719,308.826171875,253.86000061035156,85.51802825927734,111.5358657836914,51.39142990112305,531.8629760742188,146.6824951171875,56.3236198425293,148.12933349609375,234.56301879882812,386.31640625,349.989990234375,441.505126953125,156.5859375,482.79852294921875,136.34051513671875
2023-08-07,45.38398361206055,323.915771484375,176.70501708984375,130.6290283203125,314.6204528808594,251.4499969482422,87.01275634765625,113.15373992919922,52.0892448425293,538.0,148.231689453125,56.76893997192383,148.83192443847656,237.0363311767578,391.765380859375,362.5799865722656,446.0135498046875,160.3468475341797,490.49090576171875,138.7400665283203
2023-08-08,44.631526947021484,319.93194580078125,177.6436309814453,130.49990844726562,310.7244873046875,249.6999969482422,85.66449737548828,112.3058090209961,52.141170501708984,535.7938232421875,148.39227294921875,56.5184440612793,147.99642944335938,234.857421875,388.1328125,363.7300109863281,512.3341064453125,160.42092895507812,485.8043518066406,138.08477783203125
2023-08-09,42.52306365966797,316.1836853027344,176.05291748046875,128.7718505859375,303.3399658203125,242.19000244140625,82.51885986328125,110.22985076904297,52.225555419921875,539.2430419921875,148.203369140625,56.6483268737793,146.01210021972656,235.31874084472656,388.6065368652344,358.0199890136719,516.8818969726562,160.31906127929688,482.20306396484375,139.14613342285156
2023-08-10,42.35719299316406,316.8704833984375,175.8355712890625,128.80165100097656,303.8667907714844,245.33999633789062,81.75936889648438,110.12264251708984,52.19950485229492,540.967529296875,147.466552734375,56.5184440612793,145.7937469482422,236.1545867919922,392.03192138671875,356.9800109863281,512.0787963867188,159.48536682128906,483.518798828125,139.76446533203125
2023-08-11,40.82529830932617,314.9865417480469,175.89492797851562,128.67251586914062,299.7918701171875,242.64999389648438,80.48481750488281,110.19086456298828,52.505680084228516,542.3839111328125,148.32615661621094,56.75038146972656,146.63873291015625,236.0365753173828,389.8997497558594,358.3500061035156,518.8955688476562,161.0416259765625,487.8691711425781,140.44740295410156
2023-08-14,43.721187591552734,317.9596862792969,177.54714965820312,130.43040466308594,304.3139953613281,239.75999450683594,82.84573364257812,112.6371841430664,52.11481857299805,540.9481811523438,147.16427612304688,56.4813346862793,146.94256591796875,238.84886169433594,393.4534606933594,358.4800109863281,529.5756225585938,160.66180419921875,490.6733703613281,140.53048706054688
2023-08-15,43.908058166503906,315.8205261230469,175.5585479736328,128.89102172851562,300.0999450683594,232.9600067138672,81.72250366210938,114.31352996826172,51.84773254394531,538.0963745117188,146.21966552734375,56.100955963134766,143.2018280029297,235.83009338378906,389.3765869140625,354.5,538.0606079101562,160.19862365722656,486.6014709472656,140.39202880859375
2023-08-16,43.45438766479492,315.05364990234375,174.68792724609375,127.81840515136719,292.4869079589844,225.60000610351562,80.79811096191406,112.41301727294922,51.873783111572266,538.6167602539062,144.7270965576172,56.11023712158203,142.59417724609375,235.29910278320312,389.2975769042969,354.1099853515625,537.6864624023438,159.68914794921875,483.5956115722656,139.86602783203125
2023-08-17,43.3124885559082,311.59234619140625,172.14535522460938,129.03005981445312,283.3432922363281,219.22000122070312,80.22679901123047,111.96468353271484,50.710975646972656,527.1131591796875,143.68804931640625,56.2308464050293,141.1130828857422,233.41110229492188,387.570068359375,353.19000244140625,529.2408447265625,161.1897735595703,474.3761901855469,138.4539337158203
2023-08-18,43.26751708984375,311.1990661621094,172.630126953125,126.5869140625,281.5145568847656,215.49000549316406,80.1045913696289,113.50458526611328,51.44057846069336,525.0225219726562,144.0941925048828,56.54627990722656,141.43588256835938,234.19775390625,387.1259460449219,352.55999755859375,537.8736572265625,159.7817840576172,478.67852783203125,138.56471252441406
2023-08-21,46.932857513427734,316.5089416503906,173.96572875976562,127.49068450927734,288.123779296875,231.27999877929688,83.91659545898438,113.63129425048828,51.30377960205078,523.355712890625,143.36683654785156,56.063846588134766,141.9200897216797,235.4662628173828,388.1426086425781,352.0899963378906,541.43701171875,155.0204620361328,477.9486999511719,138.5831756591797
2023-08-22,45.634796142578125,317.0792541503906,175.34091186523438,128.19580078125,285.83795166015625,233.19000244140625,83.00967407226562,113.58255767822266,51.14091873168945,518.692626953125,143.42352294921875,55.720584869384766,138.97686767578125,236.55776977539062,392.7229309082031,350.57000732421875,544.9902954101562,153.78848266601562,472.82037353515625,136.8112030029297
2023-08-23,47.08175277709961,321.54351806640625,179.189453125,131.46327209472656,292.43719482421875,236.86000061035156,85.0262451171875,114.84957122802734,51.49595642089844,521.0916748046875,144.764892578125,55.9154052734375,139.9167938232422,238.25889587402344,395.9014892578125,354.260009765625,544.695068359375,152.40823364257812,470.0354309082031,135.74063110351562
2023-08-24,47.12871170043945,314.63079833984375,174.49998474121094,128.89102172851562,284.9930725097656,230.0399932861328,82.88066864013672,110.04469299316406,51.101837158203125,513.243896484375,144.0941925048828,55.766971588134766,139.78387451171875,235.47608947753906,392.55517578125,354.29998779296875,539.4190063476562,152.92698669433594,468.74853515625,135.32533264160156
2023-08-25,45.98455047607422,317.590576171875,176.70619201660156,128.99034118652344,283.7507629394531,238.58999633789062,82.62458801269531,113.11473846435547,51.40475082397461,515.4639892578125,145.03883361816406,56.026737213134766,139.6129913330078,238.52438354492188,397.7080078125,355.92999267578125,544.9805908203125,155.11962890625,469.72808837890625,135.38072204589844
2023-08-28,46.80094909667969,318.2985534667969,178.2693328857422,130.1125946044922,288.4815979003906,238.82000732421875,83.52277374267578,113.87496185302734,51.69789505004883,517.5682983398438,145.26551818847656,56.18445587158203,140.09719848632812,239.7633819580078,402.1994323730469,355.54998779296875,545.246337890625,153.2908477783203,471.8024597167969,136.06362915039062
2023-08-29,48.74852752685547,322.929931640625,182.157470703125,133.64822387695312,296.1642761230469,257.17999267578125,86.32115936279297,117.5882568359375,52.131099700927734,523.9198608398438,145.3505401611328,56.128787994384766,141.23648071289062,241.24819946289062,406.3553161621094,358.2900085449219,545.2265625,153.30953979492188,473.2909851074219,136.2113037109375
2023-08-30,49.22818374633789,323.3036193847656,185.64984130859375,134.94923400878906,293.29193115234375,256.8999938964844,86.54911041259766,118.04634857177734,52.505680084228516,523.4274291992188,145.51116943359375,56.100955963134766,140.66683959960938,242.12335205078125,408.58624267578125,361.05999755859375,539.4091796875,152.7683563232422,472.04254150390625,136.88504028320312
2023-08-31,49.31911849975586,322.2908020019531,185.86749267578125,135.2372589111328,294.0771484375,258.0799865722656,89.51822662353516,117.3348617553711,52.964942932128906,530.203857421875,145.79454040527344,55.507198333740234,138.9293975830078,241.58250427246094,407.33258056640625,360.20001220703125,545.5219116210938,150.85557556152344,457.6852722167969,135.62986755371094
2023-09-01,48.47372817993164,323.1757507324219,187.44053649902344,134.7307586669922,294.56414794921875,245.00999450683594,84.6324462890625,117.86116027832031,52.626190185546875,525.3484497070312,145.9551239013672,55.024776458740234,139.39462280273438,243.97198486328125,410.22491455078125,362.4599914550781,548.3864135742188,149.73594665527344,457.3587646484375,136.77426147460938
2023-09-05,48.51271057128906,327.9841613769531,187.677978515625,134.83999633789062,298.31097412109375,256.489990234375,84.5984878540039,120.8337631225586,52.202762603759766,525.811767578125,143.999755859375,54.570167541503906,137.85653686523438,241.24819946289062,406.2072448730469,360.4700012207031,549.4494018554688,149.9225616455078,461.7475280761719,134.83616638183594
2023-09-06,47.030662536621094,327.3254089355469,180.96038818359375,133.5389862060547,297.3370361328125,251.9199981689453,84.6081771850586,121.17487335205078,52.59362030029297,527.7036743164062,143.71633911132812,54.53306198120117,137.62869262695312,242.0545196533203,407.8656005859375,361.6700134277344,551.1819458007812,147.4313201904297,458.0309753417969,134.38394165039062
2023-09-07,46.2111930847168,324.4049377441406,175.6674041748047,134.33348083496094,296.8400573730469,251.49000549316406,83.12994384765625,121.91558837890625,53.245052337646484,529.566650390625,145.08607482910156,54.11557388305664,136.45140075683594,243.01817321777344,409.287109375,361.79998779296875,564.25390625,149.31605529785156,465.5888977050781,137.42953491210938
2023-09-08,45.54261779785156,328.692138671875,176.28077697753906,135.44583129882812,296.06488037109375,248.5,83.18037414550781,123.11437225341797,53.342777252197266,532.0473022460938,144.4626007080078,54.11557388305664,136.5558624267578,243.1656494140625,409.5042724609375,363.1499938964844,577.2769165039062,149.81057739257812,463.5065002441406,137.53106689453125
2023-09-11,45.14888000488281,332.30096435546875,177.44821166992188,135.9821014404297,305.6756286621094,273.5799865722656,83.33460998535156,123.4944839477539,53.52843475341797,539.373779296875,146.18185424804688,54.62583541870117,137.15399169921875,243.0968475341797,411.3305358886719,365.5199890136719,586.2343139648438,151.77000427246094,462.1664123535156,137.5495147705078
2023-09-12,44.841068267822266,326.23388671875,174.42080688476562,134.41293334960938,299.8117370605469,267.4800109863281,81.91650390625,106.82842254638672,53.58706283569336,539.3834838867188,143.61244201660156,54.087738037109375,138.9388885498047,243.1754913330078,410.9159240722656,367.7799987792969,589.915771484375,152.62840270996094,462.6677551269531,137.76177978515625
2023-09-13,45.45567321777344,330.45233154296875,172.35308837890625,135.7735595703125,303.19091796875,271.29998779296875,82.73225402832031,109.00183868408203,53.60009002685547,540.3197631835938,144.61375427246094,54.217628479003906,139.00534057617188,243.69667053222656,410.9454650878906,367.82000732421875,589.502197265625,153.0109405517578,462.6098937988281,139.50608825683594
2023-09-14,45.55162048339844,333.04827880859375,173.86680603027344,137.15403747558594,309.81011962890625,276.0400085449219,84.54708099365234,110.77565002441406,53.824832916259766,545.1556396484375,146.2007293701172,54.66648483276367,141.7017364501953,237.4722442626953,408.0235900878906,369.5,582.34619140625,152.77769470214844,466.23486328125,141.79486083984375
2023-09-15,43.87169647216797,324.709716796875,173.1445770263672,136.45880126953125,298.469970703125,274.3900146484375,82.61100769042969,111.01930236816406,53.62615203857422,537.0377807617188,144.9727020263672,54.18022155761719,141.2839813232422,237.04940795898438,408.98114013671875,367.8599853515625,566.6458129882812,150.64100646972656,469.2236022949219,140.39202880859375
2023-09-18,43.937652587890625,323.5691223144531,176.07302856445312,137.26327514648438,300.6962890625,265.2799987792969,82.44805145263672,109.3624496459961,53.22876739501953,543.1768188476562,145.5206298828125,54.51686096191406,141.57830810546875,240.5795440673828,411.76483154296875,370.42999267578125,562.33447265625,151.59274291992188,468.6065368652344,142.0717315673828
2023-09-19,43.491943359375,323.16595458984375,177.1613006591797,137.0944366455078,303.2008361816406,266.5,82.3704605102539,109.9082260131836,53.21574401855469,544.7503051757812,145.0955352783203,54.40465545654297,141.39788818359375,239.49789428710938,408.21112060546875,370.4800109863281,565.9569091796875,151.34080505371094,463.40045166015625,141.6564483642578
2023-09-20,42.211769104003906,315.4174499511719,173.61947631835938,132.82391357421875,297.8338928222656,262.5899963378906,81.00215911865234,110.00569915771484,53.388370513916016,544.2484130859375,144.9727020263672,54.64778137207031,140.79977416992188,237.8262176513672,405.2398376464844,366.82000732421875,560.72021484375,152.0032501220703,474.4586486816406,141.76719665527344
2023-09-21,40.99055480957031,314.1981201171875,172.07606506347656,129.5465087890625,293.9180603027344,255.6999969482422,78.83610534667969,106.65298461914062,52.740203857421875,535.8023071289062,143.71633911132812,53.80617904663086,139.69842529296875,232.66378784179688,398.1719055175781,363.2799987792969,541.5156860351562,150.83692932128906,483.1451110839844,141.6010284423828
2023-09-22,41.58317947387695,311.72021484375,172.9269256591797,129.35780334472656,297.2475280761719,244.8800048828125,80.85684204101562,106.26313018798828,52.88025665283203,539.1904296875,143.1873779296875,53.86228561401367,138.3597412109375,231.15928649902344,397.046630859375,360.1600036621094,541.9192504882812,149.75460815429688,487.9269714355469,140.9642791748047
2023-09-25,42.19477844238281,312.24139404296875,174.2031707763672,130.2119140625,298.98681640625,246.99000549316406,81.32595825195312,105.55166625976562,53.114776611328125,539.2194213867188,142.3182830810547,53.30122375488281,139.04335021972656,229.46800231933594,397.3131408691406,361.7099914550781,543.641845703125,149.53065490722656,491.9569091796875,142.7269744873047
2023-09-26,41.88397979736328,306.93145751953125,170.12709045410156,127.6893310546875,297.1282653808594,244.1199951171875,79.59973907470703,102.21846008300781,52.929115295410156,533.7559204101562,141.05250549316406,52.861717224121094,137.6002197265625,225.8198699951172,390.2945861816406,359.4200134277344,541.3975830078125,148.37368774414062,487.3003234863281,142.04403686523438
2023-09-27,42.44062042236328,307.5705871582031,168.61338806152344,129.64581298828125,295.9157409667969,240.5,79.66020202636719,101.9650650024414,52.675048828125,543.9588623046875,139.18212890625,52.319358825683594,138.40719604492188,225.67237854003906,390.393310546875,357.7799987792969,541.1514892578125,146.591552734375,485.6420593261719,141.32418823242188
2023-09-28,43.06121826171875,308.40643310546875,168.8706512451172,131.4036865234375,302.0976257324219,246.3800048828125,81.14161682128906,103.45623016357422,52.942134857177734,548.8817749023438,138.23748779296875,52.18844223022461,140.1256866455078,227.79635620117188,394.3023376464844,357.05999755859375,535.9246215820312,146.376953125,491.7833251953125,140.51202392578125
2023-09-29,43.47095489501953,310.481201171875,169.38507080078125,129.963623046875,298.37066650390625,250.22000122070312,81.00313568115234,103.23206329345703,52.092018127441406,545.3391723632812,137.78407287597656,52.34740447998047,137.68565368652344,226.1738739013672,390.8177490234375,350.29998779296875,528.7191772460938,145.3226318359375,486.0855712890625,137.56797790527344
2023-10-02,44.75312805175781,316.43023681640625,171.8979949951172,133.25094604492188,304.94012451171875,251.60000610351562,81.4293212890625,104.00202178955078,52.14738845825195,551.4686279296875,137.15115356445312,51.879852294921875,136.49887084960938,227.41285705566406,390.7585144042969,348.0799865722656,529.8609619140625,144.76275634765625,496.0928649902344,136.8204345703125
2023-10-03,43.48894119262695,308.16058349609375,170.56239318847656,131.5228729248047,299.09613037109375,246.52999877929688,79.46710205078125,101.86758422851562,51.818416595458984,545.4163818359375,137.43455505371094,51.318790435791016,135.4925079345703,224.99388122558594,386.03021240234375,343.0400085449219,516.96630859375,144.94007873535156,491.17596435546875,136.06362915039062
2023-10-04,44.012611389160156,313.6376037597656,171.80894470214844,134.31362915039062,303.7077331542969,261.1600036621094,80.34288024902344,104.36263275146484,52.44053268432617,551.941650390625,137.8879852294922,51.46840286254883,136.1001434326172,227.36370849609375,388.6954345703125,343.69000244140625,523.1380004882812,145.1080322265625,492.28472900390625,136.30357360839844
2023-10-05,44.65919494628906,314.03094482421875,173.04562377929688,134.14479064941406,302.922607421875,260.04998779296875,80.34776306152344,105.60040283203125,51.81515884399414,549.74072265625,135.838134765625,48.981021881103516,136.6739501953125,229.58596801757812,389.6938781738281,345.05999755859375,533.0011596679688,146.6195526123047,497.6932067871094,136.0820770263672
2023-10-06,45.73249816894531,321.7991638183594,175.59817504882812,136.63760375976562,313.4974060058594,260.5299987792969,82.43482208251953,107.16954803466797,50.945491790771484,538.167236328125,136.112060546875,49.69169616699219,138.7781524658203,231.11996459960938,393.4207458496094,346.3399963378906,556.3692626953125,147.08609008789062,505.96514892578125,136.8112030029297
2023-10-09,45.243804931640625,324.31640625,177.0821533203125,137.4718475341797,316.409423828125,259.6700134277344,83.47054290771484,107.5204086303711,50.75983428955078,539.5570678710938,135.42250061035156,49.44857406616211,138.4625244140625,230.52996826171875,390.2276916503906,345.45001220703125,562.8069458007812,147.9258270263672,507.6041259765625,137.61412048339844
2023-10-10,45.76847457885742,322.9103088378906,176.4885711669922,137.1143035888672,319.86810302734375,263.6199951171875,83.71728515625,106.9258804321289,51.333091735839844,542.5689086914062,136.7638702392578,50.52394104003906,139.30416870117188,232.65396118164062,395.7933349609375,348.55999755859375,570.2387084960938,147.7578887939453,505.4156188964844,137.41107177734375
2023-10-11,46.77582931518555,326.8730773925781,177.88351440429688,139.58726501464844,325.8114929199219,262.989990234375,85.2923355102539,107.24868774414062,51.53829574584961,545.8796997070312,135.08242797851562,50.22471237182617,139.78237915039062,231.74928283691406,395.23974609375,348.42999267578125,595.8020629882812,145.72381591796875,505.3095703125,137.8263702392578
2023-10-12,46.914737701416016,325.6340637207031,178.78382873535156,138.01806640625,322.1739196777344,258.8699951171875,88.31953430175781,106.7302474975586,51.77280807495117,544.2001953125,135.3847198486328,49.383113861083984,139.45718383789062,232.8309783935547,395.32867431640625,345.6600036621094,600.9404296875,145.86376953125,506.6689147949219,138.23654174804688
2023-10-13,45.43169021606445,322.2613220214844,176.94366455078125,136.4191131591797,312.76190185546875,251.1199951171875,86.13300323486328,105.88899993896484,52.059444427490234,547.15380859375,136.67886352539062,49.457923889160156,141.5517578125,233.7061004638672,393.48004150390625,345.0899963378906,599.6607666015625,146.3489990234375,520.0311889648438,137.9196014404297
2023-10-16,46.065284729003906,327.08941650390625,176.8150177001953,138.14718627929688,319.18231201171875,253.9199981689453,88.02404022216797,106.33897399902344,52.50893783569336,552.3663330078125,137.98243713378906,49.96287536621094,141.40830993652344,236.0660858154297,396.5743408203125,346.2300109863281,606.9843139648438,146.9834442138672,518.71044921875,137.23915100097656
2023-10-17,43.9096794128418,326.5190734863281,175.2617645263672,138.762939453125,322.0148620605469,254.85000610351562,86.25199127197266,106.66177368164062,52.577335357666016,554.3933715820312,138.1619415283203,50.56135559082031,141.10226440429688,237.17721557617188,397.17730712890625,345.3900146484375,598.78466796875,145.63986206054688,517.3799438476562,139.05682373046875
2023-10-18,42.16879653930664,324.6015930175781,173.96572875976562,137.01499938964844,315.0279235839844,242.67999267578125,86.50848388671875,105.88899993896484,52.616424560546875,554.6829833984375,141.7231903076172,50.54264831542969,139.55284118652344,233.50942993164062,388.7152099609375,340.8900146484375,597.7313842773438,142.50479125976562,516.8111572265625,139.15000915527344
2023-10-19,42.07386016845703,325.7914123535156,173.5897979736328,136.8064422607422,310.8934631347656,220.11000061035156,84.63597869873047,105.97703552246094,52.36561965942383,545.9859008789062,140.92562866210938,50.823184967041016,138.9598388671875,229.9104766845703,383.43621826171875,338.6600036621094,581.548828125,142.1222686767578,512.5401611328125,135.6451873779297
2023-10-20,41.360321044921875,321.2189636230469,171.0372772216797,134.67115783691406,306.7589111328125,211.99000549316406,83.25111389160156,99.62859344482422,51.7109260559082,533.7269287109375,140.73550415039062,51.02891159057617,136.72181701660156,229.48764038085938,380.01580810546875,335.8599853515625,575.4852905273438,142.75674438476562,508.1054992675781,136.3069610595703
2023-10-23,42.947296142578125,323.8247375488281,171.156005859375,135.56500244140625,312.0860595703125,212.0800018310547,84.0888671875,101.39910888671875,52.443790435791016,533.1092529296875,140.83058166503906,50.570701599121094,134.8567657470703,227.6685028076172,379.28424072265625,336.8399963378906,567.6204223632812,141.2545166015625,502.8414306640625,134.9087677001953
2023-10-24,43.634849548339844,325.01458740234375,171.59129333496094,137.85916137695312,310.635009765625,216.52000427246094,85.9311294555664,100.94915008544922,53.17340087890625,532.6748046875,142.49412536621094,52.029476165771484,135.01934814453125,230.73648071289062,382.4871826171875,338.6300048828125,583.1532592773438,141.10520935058594,506.14837646484375,136.38156127929688
2023-10-25,41.75206756591797,334.98541259765625,169.27627563476562,124.74959564208984,297.6947937011719,212.4199981689453,82.86100006103516,99.21775817871094,53.01380157470703,530.8890991210938,143.1595458984375,52.47832489013672,134.2828826904297,232.89981079101562,381.8940734863281,336.8999938964844,577.2769165039062,141.4224853515625,511.17120361328125,135.40281677246094
2023-10-26,40.30000305175781,322.41864013671875,165.1111297607422,121.4424057006836,286.583251953125,205.75999450683594,80.62962341308594,98.21021270751953,52.69133758544922,528.5820922851562,142.39906311035156,52.16039276123047,134.627197265625,227.42266845703125,360.42236328125,336.1600036621094,559.2042236328125,139.02450561523438,509.3876647949219,135.3468780517578
2023-10-27,40.47389221191406,324.30657958984375,166.42694091796875,121.3331527709961,294.91192626953125,207.3000030517578,81.76187896728516,98.78733825683594,52.49590301513672,524.1707763671875,139.8894805908203,51.655433654785156,129.7781219482422,225.44619750976562,359.9181823730469,331.7099914550781,551.4574584960938,135.85215759277344,505.8205261230469,129.5023651123047
2023-10-30,41.134464263916016,331.6814270019531,168.47488403320312,123.60746002197266,300.8056335449219,197.36000061035156,82.04374694824219,99.43295288085938,53.098487854003906,535.6093139648438,141.8857421875,52.50637435913086,131.4327392578125,229.19265747070312,368.162841796875,337.4100036621094,556.8516845703125,137.18641662597656,510.9591064453125,132.26148986816406
2023-10-31,40.75371170043945,332.46807861328125,168.9497833251953,123.23006439208984,299.42413330078125,200.83999633789062,82.0554428100586,101.14478302001953,53.22550964355469,533.2539672851562,142.61770629882812,52.82432174682617,133.00128173828125,231.17897033691406,372.0479431152344,341.3299865722656,545.2562255859375,138.40872192382812,516.3291015625,131.5996856689453
2023-11-01,42.2977180480957,340.2952880859375,172.1156463623047,125.58384704589844,309.9393310546875,205.66000366210938,83.1838150024414,103.44353485107422,53.7010612487793,537.4625244140625,142.21844482421875,52.77756118774414,132.8865203857422,234.60093688964844,373.5011291503906,343.75,545.7778930664062,138.7352752685547,512.51123046875,132.80215454101562
2023-11-02,43.47795104980469,342.5076904296875,175.67730712890625,126.6167221069336,308.96533203125,218.50999450683594,84.97440338134766,104.53910064697266,53.912776947021484,537.646240234375,143.95802307128906,53.38538360595703,135.25845336914062,239.19302368164062,378.3154602050781,349.0199890136719,571.2034912109375,140.18150329589844,516.8787231445312,133.53851318359375
2023-11-03,44.975982666015625,346.9129638671875,174.76707458496094,128.2156982421875,312.6724853515625,219.9600067138672,86.08423614501953,105.69336700439453,53.63266372680664,542.4137573242188,142.6557159423828,53.0580940246582,136.7696075439453,239.53721618652344,381.63702392578125,351.80999755859375,558.9187622070312,141.20782470703125,511.83648681640625,131.82339477539062
2023-11-06,45.72150421142578,350.5806884765625,177.31959533691406,129.35780334472656,313.8651123046875,219.27000427246094,85.90381622314453,106.7302474975586,53.70431900024414,551.039794921875,143.48272705078125,53.273170471191406,137.80258178710938,239.42904663085938,381.74578857421875,346.6300048828125,585.8701782226562,141.5437469482422,514.3045043945312,131.6183319091797
2023-11-07,45.92537307739258,354.51397705078125,179.8820037841797,130.0728759765625,316.8665771484375,222.17999267578125,87.56078338623047,106.61285400390625,53.95512390136719,552.4420166015625,143.15000915527344,53.469539642333984,137.73561096191406,240.68771362304688,384.4247741699219,346.1700134277344,590.535888671875,140.79733276367188,518.517578125,132.51316833496094
2023-11-08,46.54397964477539,357.1394348144531,180.94058227539062,130.9368896484375,317.82073974609375,222.11000061035156,88.85885620117188,109.88002014160156,53.51539993286133,548.6802978515625,142.5987091064453,53.38538360595703,138.4146728515625,240.35264587402344,385.24530029296875,346.29998779296875,609.4352416992188,140.28416442871094,517.45703125,132.39198303222656
2023-11-09,46.91973114013672,354.6713562011719,180.46568298339844,129.34788513183594,318.58599853515625,209.97999572753906,88.88323974609375,109.73328399658203,53.391632080078125,544.7056884765625,142.92189025878906,52.98328399658203,138.00341796875,238.11575317382812,383.5251770019531,348.17999267578125,582.060791015625,137.55029296875,519.6456298828125,128.67274475097656
2023-11-10,48.3038444519043,363.50146484375,184.6561279296875,131.68177795410156,326.755615234375,214.64999389648438,93.38308715820312,110.60387420654297,54.13100814819336,558.09912109375,143.92950439453125,53.039390563964844,140.0501708984375,241.673095703125,389.8717956542969,350.55999755859375,588.3505859375,137.39169311523438,521.7762451171875,129.18540954589844
2023-11-13,48.588653564453125,360.56134033203125,183.07107543945312,131.18521118164062,327.17303466796875,223.7100067138672,92.35029602050781,111.66031646728516,54.616329193115234,559.172607421875,144.92764282226562,53.23576736450195,139.42849731445312,241.1015625,389.8421630859375,350.010009765625,603.1158447265625,137.74624633789062,523.08740234375,129.2320556640625
2023-11-14,49.623985290527344,364.0914306640625,185.6864013671875,132.70472717285156,334.24945068359375,237.41000366210938,94.88888549804688,113.56779479980469,54.6065559387207,571.328369140625,144.6044464111328,53.39472961425781,141.9726104736328,243.3384552001953,393.10443115234375,354.25,602.3662719726562,137.7742156982422,521.0531616210938,128.69140625
2023-11-15,48.85648727416992,364.2392578125,186.2510528564453,133.69786071777344,330.6715087890625,242.83999633789062,95.12684631347656,111.57228088378906,55.30033493041992,577.111328125,143.9390411376953,53.49759292602539,143.21597290039062,244.49139404296875,392.2938232421875,356.7900085449219,580.39453125,138.83792114257812,519.0767822265625,128.26263427734375
2023-11-16,49.44810104370117,370.64373779296875,187.9351348876953,135.99205017089844,332.1424560546875,233.58999633789062,93.58106994628906,112.16897583007812,50.824974060058594,559.5111083984375,145.2793426513672,53.44148635864258,144.8514404296875,244.94471740722656,392.56072998046875,359.8599853515625,580.6017456054688,140.05087280273438,520.4362182617188,128.89645385742188
2023-11-17,49.26622009277344,364.4165954589844,187.91534423828125,134.38314819335938,332.9871826171875,234.3000030517578,95.35408782958984,112.84393310546875,50.600223541259766,558.1283569335938,143.60630798339844,53.54434585571289,146.16177368164062,245.92025756835938,395.7241516113281,358.92999267578125,583.5208129882812,139.76162719726562,517.0328979492188,128.9151153564453
2023-11-20,50.376502990722656,371.89508056640625,189.6588592529297,135.3166961669922,337.8870544433594,235.60000610351562,97.10760498046875,114.36990356445312,50.583946228027344,561.6580200195312,142.8458251953125,53.675262451171875,146.6112823486328,246.3242645263672,399.7772521972656,361.3299865722656,589.3291625976562,140.9937286376953,515.8855590820312,128.92440795898438
2023-11-21,49.911800384521484,367.58929443359375,188.85646057128906,136.03176879882812,334.91534423828125,241.1999969482422,95.69249725341797,113.54823303222656,50.766353607177734,565.0426025390625,142.21844482421875,54.26438522338867,146.30523681640625,248.5513153076172,404.27532958984375,361.0,584.3984375,142.13174438476562,520.2144165039062,129.31593322753906
2023-11-22,48.68458938598633,372.299072265625,189.52017211914062,137.54136657714844,339.3977355957031,234.2100067138672,94.79524993896484,113.70474243164062,50.378746032714844,569.6649780273438,143.55877685546875,54.62907028198242,146.64956665039062,250.0195770263672,405.6394348144531,361.79998779296875,586.8539428710938,141.84959411621094,524.2347412109375,129.07357788085938
2023-11-24,47.74520492553711,371.8852844238281,188.19271850585938,135.7537078857422,336.1576843261719,235.4499969482422,95.46526336669922,113.71451568603516,50.83149337768555,571.8699340820312,143.90101623535156,54.76934051513672,146.8503875732422,250.5911407470703,407.7846984863281,362.67999267578125,592.7808227539062,143.42967224121094,527.4547729492188,129.25999450683594
2023-11-27,48.210899353027344,373.04791259765625,188.014404296875,135.47561645507812,332.6492919921875,236.0800018310547,92.67310333251953,113.92972564697266,51.06275177001953,575.2932739257812,143.76792907714844,54.66648483276367,146.51564025878906,250.43344116210938,404.2950744628906,361.3399963378906,583.3433227539062,142.2822265625,524.0708618164062,129.6514892578125
2023-11-28,47.790164947509766,377.0778503417969,188.6186981201172,136.26019287109375,336.91302490234375,246.72000122070312,92.29373168945312,113.70474243164062,51.67184066772461,574.4229736328125,144.76605224609375,54.7786979675293,146.8503875732422,249.2509307861328,404.3345642089844,360.04998779296875,583.4122924804688,142.61141967773438,521.1206665039062,128.7100372314453
2023-11-29,48.10896682739258,373.2843933105469,187.5983428955078,134.0653533935547,330.1647033691406,244.13999938964844,91.75537872314453,113.67539978027344,50.8380126953125,568.4852294921875,143.66334533691406,54.45140838623047,147.596435546875,250.52210998535156,405.13531494140625,358.69000244140625,583.6685791015625,143.06288146972656,515.7698974609375,129.1015167236328
2023-11-30,46.739845275878906,373.343505859375,188.1728973388672,131.62217712402344,325.14556884765625,240.0800018310547,90.28274536132812,113.67539978027344,50.710975646972656,573.2044067382812,145.93528747558594,55.08292007446289,149.2797393798828,252.93641662597656,409.0994873046875,360.0,582.8599243164062,145.46121215820312,533.1138916015625,132.72755432128906
2023-12-01,46.73485565185547,369.0081481933594,189.45083618164062,130.95677185058594,322.829833984375,238.8300018310547,90.69917297363281,114.60467529296875,50.27125549316406,576.5986328125,145.1177520751953,55.27143096923828,150.00665283203125,252.70977783203125,409.6234130859375,357.07000732421875,575.9569091796875,148.95994567871094,529.3121948242188,133.67835998535156
2023-12-04,45.48066329956055,363.717041015625,187.6577606201172,128.384521484375,318.0592956542969,235.5800018310547,90.11109161376953,113.2547607421875,50.25822830200195,579.3353881835938,144.54739379882812,55.205448150634766,151.10653686523438,250.7290802001953,403.5635070800781,356.6600036621094,577.5742797851562,149.43020629882812,530.3956298828125,134.3681182861328
2023-12-05,46.540077209472656,367.04736328125,191.61044311523438,130.09275817871094,316.3398742675781,238.72000122070312,89.05292510986328,112.03202819824219,50.7239990234375,585.3987426757812,139.5092315673828,55.290279388427734,151.08738708496094,250.89662170410156,404.0181884765625,355.0299987792969,580.010009765625,149.11984252929688,532.3110961914062,134.75965881347656
2023-12-06,45.477664947509766,363.3820495605469,190.520751953125,129.12937927246094,315.5050048828125,239.3699951171875,88.12837982177734,109.58655548095703,50.17354202270508,587.4102783203125,139.40469360351562,55.23372268676758,149.4997100830078,250.58126831054688,405.68890380859375,352.3800048828125,581.0947875976562,147.30459594726562,531.60498046875,136.4468231201172
2023-12-07,46.5700569152832,365.5004577636719,192.45248413085938,135.99205017089844,324.5889892578125,242.63999938964844,89.94432830810547,110.40824127197266,49.843345642089844,590.8143310546875,139.2620849609375,55.365684509277344,149.95880126953125,252.08895874023438,408.42724609375,352.70001220703125,580.1283569335938,146.15719604492188,530.3860473632812,137.9289093017578
2023-12-08,47.479549407958984,368.7322692871094,193.8790283203125,134.0653533935547,330.7112731933594,243.83999633789062,92.09378814697266,111.13211059570312,49.32026290893555,590.64990234375,137.9788055419922,55.24314880371094,151.6134033203125,252.0101318359375,407.44854736328125,353.0799865722656,589.7730102539062,145.23545837402344,531.837158203125,139.15000915527344
2023-12-11,46.60103988647461,365.8453063964844,191.3726806640625,132.3769989013672,323.2870178222656,239.74000549316406,100.37765502929688,112.61894226074219,49.44449234008789,603.2987060546875,138.61569213867188,55.64845275878906,152.1681671142578,252.77871704101562,410.9579772949219,357.05999755859375,575.9569091796875,145.83740234375,525.9456787109375,140.97702026367188
2023-12-12,47.63046646118164,368.8800354003906,192.8883819580078,131.6122589111328,332.1722412109375,237.00999450683594,104.5751724243164,98.61127471923828,49.48372268676758,608.7528686523438,138.72975158691406,56.006614685058594,153.5262908935547,255.77438354492188,415.94036865234375,360.0199890136719,576.6669921875,145.84683227539062,527.9190673828125,142.84130859375
2023-12-13,48.06122970581055,368.8702087402344,196.10794067382812,131.66192626953125,332.6890563964844,239.2899932861328,106.27310180664062,100.74372863769531,50.3631591796875,620.8408813476562,141.23931884765625,56.48731994628906,154.0427703857422,258.55322265625,419.8254699707031,362.0299987792969,589.2305297851562,146.5239715576172,531.101806640625,143.82937622070312
2023-12-14,48.32307815551758,360.5541687011719,196.25656127929688,131.03623962402344,331.12872314453125,251.0500030517578,107.91153717041016,98.12217712402344,49.74852752685547,609.9906616210938,137.51300048828125,55.64845275878906,156.84510803222656,254.95652770996094,413.7753601074219,358.1199951171875,565.73046875,147.53976440429688,516.8136596679688,144.37002563476562
2023-12-15,48.86277770996094,365.28369140625,195.7216339111328,131.6916961669922,332.86798095703125,253.5,110.17901611328125,101.0665283203125,49.93488311767578,637.1066284179688,136.84759521484375,55.23372268676758,158.03106689453125,254.26670837402344,413.78533935546875,356.5,564.1229858398438,145.9314422607422,513.7954711914062,143.58700561523438
2023-12-18,50.04911422729492,367.1754455566406,194.0572967529297,134.8697967529297,342.508544921875,252.0800018310547,111.8623046875,102.70989227294922,50.6639289855957,658.78759765625,138.94839477539062,55.62960433959961,158.98751831054688,254.60179138183594,419.5782775878906,359.6499938964844,571.736083984375,146.19480895996094,509.3743896484375,143.0090789794922
2023-12-19,49.57637405395508,367.7764892578125,195.09750366210938,135.71395874023438,348.2133483886719,257.2200012207031,111.64970397949219,103.93262481689453,50.84701156616211,655.4029541015625,138.94839477539062,55.45051574707031,161.1107940673828,256.1981201171875,420.6064147949219,361.79998779296875,571.7855224609375,147.15414428710938,506.94635009765625,143.1768798828125
2023-12-20,48.08420944213867,365.17529296875,193.0072479248047,137.3923797607422,347.1399841308594,247.13999938964844,108.78884887695312,101.87841796875,50.25200271606445,639.2147216796875,136.80006408691406,54.300594329833984,159.29356384277344,253.360107421875,414.6552734375,355.3500061035156,562.3184204101562,144.15386962890625,499.1008605957031,141.396484375
2023-12-21,48.96272659301758,368.0523681640625,192.858642578125,139.4581298828125,351.9205017089844,254.5,110.44560241699219,103.55113220214844,50.60834884643555,643.237548828125,137.13275146484375,54.65876770019531,160.20217895507812,255.75466918945312,418.59967041015625,356.1400146484375,564.0835571289062,145.6304931640625,502.9219970703125,142.2353973388672
2023-12-22,48.802818298339844,369.07708740234375,191.78875732421875,140.5208282470703,351.2248229980469,252.5399932861328,109.92534637451172,103.88372802734375,51.21316909790039,649.46533203125,138.10238647460938,54.96981430053711,160.10653686523438,254.66087341308594,419.2520751953125,356.4700012207031,562.495849609375,146.213623046875,503.33795166015625,144.42593383789062
2023-12-26,49.251556396484375,369.1559143066406,191.24391174316406,140.5506134033203,352.6559753417969,256.6099853515625,110.89628601074219,103.87393188476562,51.134708404541016,652.3858032226562,138.72975158691406,55.19602584838867,161.0534210205078,255.38023376464844,418.8269958496094,356.8299865722656,562.77197265625,146.85317993164062,503.0671081542969,144.12767028808594
2023-12-27,49.389488220214844,368.57464599609375,191.34295654296875,139.40847778320312,355.6376037597656,261.44000244140625,110.33585357666016,103.62938690185547,51.615291595458984,659.487060546875,138.84384155273438,55.337406158447266,162.01937866210938,255.15353393554688,419.5090637207031,356.95001220703125,573.4618530273438,147.05068969726562,505.737060546875,144.37002563476562
2023-12-28,49.494422912597656,369.7668151855469,191.76895141601562,139.26942443847656,356.1246032714844,253.17999267578125,109.96747589111328,103.93262481689453,51.51394271850586,655.8275756835938,138.5301513671875,55.37511444091797,162.88018798828125,256.60211181640625,421.4467468261719,357.57000732421875,572.8111572265625,147.2670135498047,507.7783203125,144.24884033203125
2023-12-29,49.494422912597656,370.51568603515625,190.72877502441406,138.733154296875,351.7912902832031,248.47999572753906,109.36396789550781,103.13050079345703,51.54010009765625,652.8407592773438,139.3001251220703,55.54476547241211,162.68890380859375,256.5528869628906,421.6345520019531,356.6600036621094,574.8524169921875,147.41749572753906,509.29705810546875,144.45388793945312
2024-01-02,48.141178131103516,365.4216003417969,183.9032440185547,137.2235565185547,344.1683044433594,248.4199981689453,106.3395004272461,101.79039001464844,52.076255798339844,643.5142822265625,141.3914337158203,56.383644104003906,164.58262634277344,255.09446716308594,417.0673522949219,362.4599914550781,584.0040283203125,150.4553680419922,521.7472534179688,148.9748077392578
2024-01-03,47.54251480102539,365.15557861328125,182.5262451171875,137.96841430664062,342.35943603515625,238.4499969482422,103.71377563476562,100.22528839111328,52.079524993896484,637.6195068359375,140.53591918945312,56.515602111816406,163.86532592773438,254.21743774414062,413.9830017089844,366.75,609.1510620117188,151.39590454101562,524.3494873046875,149.5713653564453
2024-01-04,47.97127914428711,362.5346374511719,180.20811462402344,135.45574951171875,344.99322509765625,237.92999267578125,102.77616119384766,100.35244750976562,51.57605743408203,641.2394409179688,141.30587768554688,56.32708740234375,164.95274353027344,255.82363891601562,414.9715576171875,363.67999267578125,605.995361328125,151.07614135742188,527.6290283203125,150.50350952148438
2024-01-05,49.06966018676758,362.3474426269531,179.48495483398438,134.80026245117188,349.7936706542969,237.49000549316406,102.80261993408203,100.4894027709961,51.2327880859375,648.8153686523438,140.1366424560547,56.24225616455078,165.7803497314453,255.90252685546875,414.6255798339844,365.5899963378906,609.9892578125,151.54638671875,519.8511962890625,151.13735961914062
2024-01-08,52.223899841308594,369.1854553222656,183.823974609375,137.8889617919922,356.4625244140625,240.4499969482422,105.30783081054688,102.37731170654297,51.73625183105469,654.43310546875,141.34388732910156,56.656982421875,165.53977966308594,258.7109680175781,417.81378173828125,368.17999267578125,617.3658447265625,151.92259216308594,519.019287109375,150.4755096435547
2024-01-09,53.11041259765625,370.2693176269531,183.4079132080078,139.9844970703125,355.24005126953125,234.9600067138672,106.05634307861328,101.36975860595703,52.082794189453125,659.8628540039062,141.9237518310547,56.55331039428711,164.2310028076172,259.48944091796875,418.4276428222656,366.8999938964844,616.8233642578125,152.01666259765625,520.8088989257812,151.29583740234375
2024-01-10,54.31973648071289,377.1467590332031,184.44808959960938,141.305419921875,368.2001647949219,233.94000244140625,105.86824035644531,102.04733276367188,52.7301139831543,665.3817138671875,142.5321502685547,56.741817474365234,164.57742309570312,260.70147705078125,424.0417175292969,367.9200134277344,621.4683227539062,152.24237060546875,520.1026000976562,153.7007598876953
2024-01-11,54.791473388671875,378.9794616699219,183.8536834716797,141.10679626464844,367.40509033203125,227.22000122070312,107.7699203491211,102.88201141357422,52.671268463134766,666.1927490234375,143.073974609375,56.37422180175781,163.88455200195312,260.17919921875,422.50701904296875,363.3399963378906,626.921630859375,151.565185546875,522.0761108398438,152.6660614013672
2024-01-12,54.679534912109375,382.7630920410156,184.1805877685547,141.67286682128906,372.1955261230469,218.88999938964844,108.5243148803711,104.67903900146484,52.739925384521484,675.746826171875,143.1595458984375,56.920902252197266,162.68165588378906,260.31719970703125,424.863525390625,363.6199951171875,634.0220336914062,152.73143005371094,504.498779296875,152.82603454589844
2024-01-16,56.35060501098633,384.5366516113281,181.91201782226562,141.51397705078125,365.20855712890625,219.91000366210938,109.23758697509766,104.64958953857422,52.90665054321289,674.0159912109375,142.38954162597656,56.54387283325195,161.6615753173828,261.37152099609375,424.1208801269531,361.1000061035156,625.7874755859375,150.97267150878906,502.2158508300781,151.9602813720703
2024-01-17,56.02178955078125,383.74835205078125,180.9709014892578,140.50094604492188,366.11297607421875,215.5500030517578,108.1314468383789,104.51210021972656,52.65818786621094,676.6864013671875,142.5321502685547,56.54387283325195,160.79547119140625,262.7413330078125,423.2001037597656,359.2900085449219,620.2058715820312,150.88800048828125,507.81707763671875,152.48727416992188
2024-01-18,57.07520294189453,388.083740234375,186.86526489257812,142.4971923828125,373.8254699707031,211.8800048828125,112.07393646240234,106.74119567871094,53.367618560791016,679.7721557617188,141.71043395996094,56.70410919189453,161.11305236816406,264.2292785644531,426.4674987792969,362.3800048828125,614.722900390625,151.6216278076172,499.4975280761719,153.67298889160156
2024-01-19,59.45787811279297,392.8132019042969,189.76783752441406,145.37730407714844,381.10064697265625,212.19000244140625,118.66664123535156,107.69371795654297,53.086463928222656,687.34814453125,141.16517639160156,56.39307403564453,163.89418029785156,266.9490051269531,432.4676513671875,366.989990234375,619.8804931640625,152.0636444091797,487.1343688964844,155.0563201904297
2024-01-22,59.620792388916016,390.6849670410156,192.07603454589844,144.989990234375,379.44085693359375,208.8000030517578,119.57781219482422,108.115966796875,53.08973693847656,684.9150390625,141.4425811767578,56.14800262451172,163.7017059326172,267.24462890625,435.4083557128906,368.05999755859375,622.1486206054688,152.8066864013672,496.25677490234375,155.63978576660156
2024-01-23,59.83966064453125,393.0398254394531,193.35394287109375,146.0327911376953,382.83990478515625,209.13999938964844,120.14702606201172,109.81481170654297,53.223777770996094,680.0491333007812,147.2969512939453,56.41191864013672,162.62391662597656,267.3037414550781,434.4281311035156,372.1400146484375,620.9652099609375,150.3048858642578,498.70428466796875,157.6253662109375
2024-01-24,61.32783508300781,396.6460876464844,192.68032836914062,147.68141174316406,388.3062438964844,207.8300018310547,122.84720611572266,112.2500991821289,52.47183609008789,678.98095703125,145.51768493652344,55.52591323852539,164.07705688476562,267.68804931640625,434.3687438964844,376.5899963378906,624.9295654296875,149.50546264648438,496.4889831542969,154.53875732421875
2024-01-25,61.58269500732422,398.922119140625,192.35342407226562,150.8297119140625,390.7710266113281,182.6300048828125,120.50855255126953,112.92767333984375,53.236846923828125,672.4434204101562,148.8657684326172,55.76155471801758,166.4250946044922,268.6340637207031,432.4874572753906,380.8500061035156,618.9337158203125,150.0697479248047,477.3057861328125,155.3950958251953
2024-01-26,60.99701690673828,397.9959411621094,190.6197967529297,151.14752197265625,391.7251281738281,183.25,118.04743194580078,112.57415771484375,53.70435333251953,679.3468017578125,149.3632049560547,55.95949172973633,165.7899627685547,264.03216552734375,434.2004089355469,385.3999938964844,630.4028930664062,150.01332092285156,486.7861633300781,154.70814514160156
2024-01-29,62.43021774291992,403.7008972167969,189.93624877929688,152.45846557617188,398.56298828125,190.92999267578125,119.3103256225586,111.7001953125,53.95608139038086,686.3987426757812,149.38233947753906,56.29880905151367,166.22299194335938,269.6687927246094,436.2301330566406,383.17999267578125,636.0731811523438,149.88165283203125,488.0824279785156,154.2470245361328
2024-01-30,62.73904800415039,402.5874938964844,186.28077697753906,150.42251586914062,397.60888671875,191.58999633789062,118.36880493164062,112.10279846191406,54.13589859008789,693.054931640625,150.65463256835938,56.459049224853516,169.6296844482422,273.10784912109375,440.7946472167969,387.1499938964844,636.053466796875,149.32676696777344,487.1827392578125,155.19747924804688
2024-01-31,61.49274826049805,391.7392272949219,182.67481994628906,139.1403350830078,387.7496337890625,187.2899932861328,115.60982513427734,109.6871337890625,54.02473831176758,687.2592163085938,150.31980895996094,56.072601318359375,167.79161071777344,269.2746276855469,444.7947082519531,383.739990234375,636.6747436523438,149.44900512695312,495.0474853515625,154.70814514160156
2024-02-01,62.99190139770508,397.8481140136719,185.11181640625,140.19309997558594,392.3612060546875,188.86000061035156,117.57030487060547,113.4481201171875,55.02513885498047,697.7780151367188,152.27125549316406,57.47700881958008,167.18533325195312,273.00927734375,456.369384765625,386.44000244140625,651.28955078125,148.941162109375,490.5975646972656,157.7100830078125
2024-02-02,66.12315368652344,405.1788635253906,184.11126708984375,141.4047088623047,472.07977294921875,187.91000366210938,119.95401763916016,113.70343017578125,55.437068939208984,702.7304077148438,151.22857666015625,57.062286376953125,168.14767456054688,273.1374206542969,456.0326843261719,390.75,658.40966796875,147.29519653320312,493.5868225097656,158.72642517089844
2024-02-05,69.29339599609375,399.690673828125,185.9241485595703,142.69581604003906,456.59521484375,181.05999755859375,121.7920150756836,114.29261779785156,55.139564514160156,704.39453125,151.34335327148438,56.591007232666016,167.92636108398438,271.560791015625,452.25042724609375,390.760009765625,696.42626953125,146.5334014892578,486.5539245605469,161.16372680664062
2024-02-06,68.18501281738281,399.53302001953125,187.52899169921875,143.11293029785156,451.9339599609375,185.10000610351562,119.78844451904297,113.2222671508789,55.515533447265625,704.0280151367188,152.06080627441406,56.49675369262695,168.5037384033203,272.72357177734375,455.9534912109375,393.739990234375,695.2723999023438,148.65896606445312,494.0124816894531,163.07403564453125
2024-02-07,70.05996704101562,407.9672546386719,187.63796997070312,144.54306030273438,466.71282958984375,187.5800018310547,123.15975189208984,115.1567611694336,55.37495040893555,712.9326782226562,152.21383666992188,56.54387283325195,168.8212890625,275.3152160644531,457.34954833984375,397.6600036621094,715.3407592773438,148.58370971679688,502.447998046875,164.692626953125
2024-02-08,69.60221099853516,408.0263671875,186.5581512451172,144.91053771972656,467.1203918457031,189.55999755859375,124.8938980102539,114.57738494873047,55.37168502807617,717.2708129882812,151.75469970703125,56.39307403564453,168.21505737304688,272.2646179199219,453.7356262207031,397.489990234375,725.4981689453125,147.09771728515625,503.125244140625,164.485595703125
2024-02-09,72.09284210205078,414.37176513671875,187.32192993164062,147.97938537597656,465.2418518066406,193.57000732421875,125.74430084228516,114.53811645507812,55.342262268066406,716.5181274414062,150.587646484375,56.138580322265625,168.41712951660156,272.9062805175781,453.359375,398.3599853515625,729.9161987304688,147.43629455566406,501.316162109375,163.81747436523438
2024-02-12,72.20777130126953,409.15948486328125,185.63568115234375,146.5194549560547,466.027099609375,188.1300048828125,123.93766784667969,113.75253295898438,55.675724029541016,715.5374755859375,150.29110717773438,56.270538330078125,169.16775512695312,271.5636291503906,454.1811218261719,397.7099914550781,727.0564575195312,148.46145629882812,500.75506591796875,162.86703491210938
2024-02-13,72.08784484863281,400.3508605957031,183.542724609375,144.1457977294922,457.3008728027344,184.02000427246094,122.62969970703125,111.63145446777344,55.29649353027344,707.4552001953125,149.48753356933594,55.940643310546875,167.69537353515625,272.294189453125,455.9138488769531,394.79998779296875,732.6873168945312,147.16354370117188,499.9908447265625,163.07403564453125
2024-02-14,73.8588638305664,404.2203674316406,182.65994262695312,144.94032287597656,470.3802490234375,188.7100067138672,123.66529846191406,112.20101165771484,55.11994934082031,715.3097534179688,148.87533569335938,55.884090423583984,169.39869689941406,274.0218811035156,460.5971984863281,398.67999267578125,748.1378784179688,146.47695922851562,500.07794189453125,164.13742065429688
2024-02-15,72.61753845214844,401.32806396484375,182.37229919433594,141.7920379638672,481.0643615722656,200.4499969482422,123.94453430175781,110.74767303466797,55.34552764892578,717.6175537109375,150.1954345703125,55.98777389526367,173.0940399169922,277.3982849121094,466.6270446777344,403.45001220703125,748.6022338867188,148.52731323242188,503.88946533203125,166.1794891357422
2024-02-16,72.57257080078125,398.8602600097656,180.8348388671875,139.55746459960938,470.4199523925781,199.9499969482422,122.02519989013672,109.30416107177734,55.69533920288086,717.1024780273438,150.67373657226562,55.97834777832031,172.2856903076172,275.0091552734375,463.5081787109375,405.989990234375,772.5882568359375,148.35670471191406,504.53753662109375,167.02645874023438
2024-02-20,69.413330078125,397.60662841796875,180.09091186523438,140.15335083007812,468.8595886230469,193.75999450683594,120.17054748535156,106.4957046508789,57.493438720703125,718.7862548828125,151.63034057617188,57.21309280395508,172.9593048095703,271.6426086425781,447.2899169921875,407.1499938964844,746.5079345703125,149.59817504882812,504.0634765625,165.38902282714844
2024-02-21,67.43444061279297,397.00445556640625,180.84475708007812,141.57354736328125,465.6559753417969,194.77000427246094,120.25871276855469,106.2109146118164,56.78728103637695,716.1416625976562,153.4383087158203,57.72207260131836,174.0852508544922,273.23211669921875,454.5177917480469,409.25,736.8759765625,150.375244140625,504.94384765625,164.8149871826172
2024-02-22,78.49427795410156,406.3525695800781,182.87818908691406,143.10299682617188,483.6641540527344,197.41000366210938,127.84683990478516,109.00958251953125,57.3463249206543,727.4135131835938,153.5913543701172,57.63724136352539,176.17347717285156,280.1329650878906,466.9042663574219,415.1600036621094,760.318603515625,152.05259704589844,509.3260803222656,166.330078125
2024-02-23,78.77311706542969,405.0594177246094,181.0431365966797,142.97390747070312,481.5747985839844,191.97000122070312,127.01111602783203,109.9326400756836,57.39536666870117,730.909912109375,154.0409698486328,57.684364318847656,177.05885314941406,279.98492431640625,468.7459411621094,417.2200012207031,760.2197875976562,153.36988830566406,510.0419616699219,167.59109497070312
2024-02-26,79.04796600341797,402.29547119140625,179.69415283203125,136.62767028808594,479.2964172363281,199.39999389648438,128.2612762451172,108.97029113769531,58.454612731933594,738.2592163085938,153.26612854003906,57.22251510620117,176.4525604248047,280.5278625488281,469.8251953125,409.1400146484375,762.571044921875,152.37481689453125,508.1845703125,168.2686309814453
2024-02-27,78.65717315673828,402.2362365722656,181.15225219726562,137.92869567871094,484.5794372558594,199.72999572753906,126.99739837646484,109.3729019165039,58.444801330566406,737.6253662109375,152.38604736328125,56.8737678527832,176.53919982910156,279.56036376953125,470.062744140625,408.9100036621094,755.7348022460938,152.5548553466797,496.6726989746094,168.43801879882812
2024-02-28,77.6197509765625,402.47314453125,179.95204162597656,135.44583129882812,481.5648498535156,202.0399932861328,126.33019256591797,109.66749572753906,58.47421646118164,740.8445434570312,153.10350036621094,56.93032455444336,177.4341583251953,281.989013671875,474.122314453125,412.1400146484375,748.4639282226562,153.09503173828125,482.026611328125,167.50637817382812
2024-02-29,79.06795501708984,408.3169860839844,179.28749084472656,137.51158142089844,487.64385986328125,201.8800048828125,127.414794921875,109.66749572753906,57.483638763427734,736.8131713867188,152.0416717529297,56.57215118408203,179.0508575439453,279.0371398925781,470.07275390625,409.3999938964844,744.5518798828125,152.93394470214844,477.4992370605469,165.6713409423828
2024-03-01,82.2331771850586,410.1530456542969,178.206298828125,136.2006072998047,499.7521057128906,202.63999938964844,137.0828857421875,111.72964477539062,57.6307487487793,742.3103637695312,151.95559692382812,56.11030197143555,178.30987548828125,279.5505065917969,471.92425537109375,407.1099853515625,772.6473388671875,153.6352081298828,473.5619812011719,168.36273193359375
2024-03-04,85.18953704833984,409.58050537109375,173.68319702148438,132.4365692138672,495.6629943847656,188.13999938964844,137.3856201171875,112.00460815429688,58.16037368774414,751.9576416015625,152.63478088378906,56.37422180175781,179.64749145507812,276.9540710449219,463.8646240234375,403.3900146484375,782.6844482421875,151.4745330810547,466.15185546875,166.6123809814453
2024-03-05,85.920166015625,397.4684143066406,168.74346923828125,131.76123046875,487.7333984375,180.74000549316406,131.55516052246094,108.94084167480469,58.88616180419922,752.7203979492188,152.40518188476562,56.10088348388672,181.4470672607422,275.8186950683594,462.9041442871094,400.739990234375,768.1723022460938,151.59774780273438,457.71630859375,168.5980224609375
2024-03-06,88.65476989746094,396.9156494140625,167.75155639648438,130.49990844726562,493.5736389160156,176.5399932861328,132.2655029296875,110.24685668945312,59.40596389770508,765.8839721679688,152.6443328857422,56.129150390625,182.39013671875,276.8553161621094,466.9438781738281,403.9599914550781,770.3258666992188,151.00071716308594,457.18426513671875,170.385986328125
2024-03-07,92.62174224853516,403.8748779296875,167.63253784179688,133.4595184326172,509.59197998046875,178.64999389648438,137.8510284423828,112.47595977783203,59.20000457763672,778.1165161132812,153.6487579345703,56.02547073364258,180.79269409179688,274.7130432128906,462.9239807128906,402.3900146484375,770.7111206054688,150.5552978515625,463.16265869140625,169.92489624023438
2024-03-08,87.48336791992188,400.9925231933594,169.34852600097656,134.4824676513672,503.3835754394531,175.33999633789062,128.22108459472656,110.39415740966797,58.96461486816406,718.6575317382812,153.39048767089844,56.10088348388672,181.1294708251953,276.4702453613281,464.62701416015625,403.1499938964844,752.909423828125,151.17129516601562,462.8421630859375,168.3062744140625
2024-03-11,85.73026275634766,399.3143310546875,171.35220336914062,136.72698974609375,481.1369934082031,177.77000427246094,126.69269561767578,112.0733413696289,59.494239807128906,707.2867431640625,154.5384063720703,56.779518127441406,181.19686889648438,276.983642578125,464.52801513671875,404.760009765625,725.4757690429688,152.7917938232422,475.0597839355469,169.040283203125
2024-03-12,91.86613464355469,409.9358825683594,171.8282928466797,137.55130004882812,497.215087890625,177.5399932861328,126.57122802734375,125.24169158935547,60.22982406616211,729.8698120117188,154.9019012451172,57.02458190917969,182.68846130371094,280.3008117675781,468.2013854980469,404.9800109863281,745.8065185546875,154.22276306152344,475.2540283203125,170.25424194335938
2024-03-13,90.8416519165039,409.7581787109375,169.7453155517578,138.8324432373047,493.0562438964844,169.47999572753906,123.2391128540039,123.25809478759766,60.10232162475586,727.21533203125,155.255859375,57.60896682739258,184.17044067382812,281.5052795410156,470.9142761230469,408.1300048828125,748.6614990234375,152.6686248779297,473.94293212890625,169.25672912597656
2024-03-14,87.89915466308594,419.7479553222656,171.6001739501953,142.11978149414062,489.335205078125,162.5,123.6701889038086,123.26791381835938,60.0511474609375,724.9867553710938,154.4905548095703,57.48070526123047,180.888916015625,282.75909423828125,474.74609375,406.7300109863281,751.5164794921875,150.87750244140625,474.91412353515625,170.5177001953125
2024-03-15,87.79220581054688,411.06121826171875,171.22323608398438,140.21292114257812,481.6444396972656,163.57000732421875,121.04740905761719,123.2777328491211,59.716548919677734,718.7268676757812,154.3757781982422,56.89164352416992,183.13113403320312,279.4320373535156,471.1321105957031,408.1300048828125,745.0360107421875,149.90139770507812,476.6816711425781,167.39346313476562
2024-03-18,88.40989685058594,411.9496154785156,172.3143310546875,146.66842651367188,494.4591064453125,173.8000030517578,121.2178955078125,125.49701690673828,59.89369201660156,724.5806274414062,154.21316528320312,57.12916946411133,185.40223693847656,281.4164123535156,474.1619873046875,408.4100036621094,753.423095703125,148.55572509765625,473.0202941894531,167.96749877929688
2024-03-19,89.35242462158203,415.98699951171875,174.65524291992188,146.02285766601562,493.7228698730469,171.32000732421875,121.29334259033203,126.8619613647461,59.90353012084961,725.20458984375,154.8062744140625,57.22417449951172,186.4896697998047,283.68707275390625,479.221435546875,411.760009765625,763.420654296875,148.03451538085938,479.1097106933594,169.0685272216797
2024-03-20,90.32592010498047,419.7578430175781,177.22430419921875,147.7211456298828,502.95574951171875,175.66000366210938,125.54779052734375,126.91106414794922,60.277496337890625,733.67333984375,154.95932006835938,57.718223571777344,188.9339599609375,285.59246826171875,483.2215881347656,416.1099853515625,763.4995727539062,147.60806274414062,479.9934997558594,165.87838745117188
2024-03-21,91.38836669921875,423.84454345703125,169.9833526611328,146.5889892578125,505.1844177246094,172.82000732421875,132.6320037841797,126.6852035522461,60.474327087402344,735.4957885742188,154.83494567871094,57.452205657958984,191.5611114501953,286.6685791015625,483.815673828125,413.7799987792969,760.9310913085938,147.59860229492188,477.526611328125,167.03585815429688
2024-03-22,94.24091339111328,423.22265625,170.88600158691406,149.7372589111328,506.99517822265625,170.8300018310547,133.17019653320312,125.48719024658203,59.90353012084961,727.8096923828125,154.6436309814453,57.47120666503906,189.21307373046875,279.6492004394531,476.91448974609375,411.6000061035156,761.27685546875,147.10580444335938,475.95330810546875,167.92987060546875
2024-03-25,94.95355987548828,417.4183349609375,169.4675750732422,149.04205322265625,500.4684143066406,172.6300048828125,132.98423767089844,123.80801391601562,59.60829544067383,724.0061645507812,153.23739624023438,57.38569641113281,187.48085021972656,277.6253356933594,471.34002685546875,409.9200134277344,763.776123046875,147.0963134765625,471.88397216796875,168.005126953125
2024-03-26,92.5137939453125,416.223876953125,168.33680725097656,149.637939453125,493.3746337890625,177.6699981689453,131.00755310058594,124.19098663330078,59.54924011230469,724.0259399414062,153.58180236816406,57.518707275390625,188.35658264160156,277.0231018066406,472.09259033203125,411.57000732421875,765.5148315429688,147.61753845214844,478.1287536621094,168.62625122070312
2024-03-27,90.2039794921875,416.0066833496094,171.90768432617188,149.8365478515625,491.35491943359375,179.8300018310547,129.75205993652344,123.0125961303711,59.755916595458984,725.1156005859375,155.55238342285156,57.9842529296875,192.00379943847656,275.4632568359375,473.2311706542969,416.92999267578125,768.755126953125,149.69293212890625,478.89599609375,169.7178497314453
2024-03-28,90.30992889404297,415.30584716796875,170.09246826171875,149.89614868164062,483.116943359375,175.7899932861328,130.40931701660156,123.34648132324219,59.21464157104492,725.6603393554688,155.20799255371094,58.126766204833984,192.7544403076172,275.52252197265625,476.8154296875,420.5199890136719,768.537841796875,149.91090393066406,480.4499206542969,171.3646697998047
2024-04-01,90.3169174194336,419.1063537597656,168.65419006347656,154.4249267578125,488.857666015625,175.22000122070312,132.85438537597656,123.21882629394531,59.047340393066406,714.378662109375,153.61050415039062,57.65171813964844,191.44564819335938,274.7326965332031,473.6767578125,420.20001220703125,751.338623046875,149.52236938476562,475.593994140625,170.10365295410156
2024-04-02,89.40637969970703,416.0166320800781,167.47384643554688,153.50128173828125,494.8471374511719,166.6300048828125,131.72288513183594,122.09934997558594,58.22067642211914,704.533203125,153.6009521484375,57.14817428588867,191.3686981201172,274.89068603515625,474.69659423828125,418.9200134277344,754.7073364257812,149.47496032714844,444.94305419921875,170.03781127929688
2024-04-03,88.91864776611328,415.0393371582031,168.27728271484375,153.85879516601562,504.16961669921875,168.3800048828125,134.12852478027344,123.96512603759766,58.48639678955078,698.9765625,149.37278747558594,56.844139099121094,190.8297882080078,273.42950439453125,472.7064514160156,420.239990234375,766.5917358398438,146.18655395507812,446.49688720703125,166.87588500976562
2024-04-04,85.86117553710938,412.5024108886719,167.45399475097656,149.4989013671875,508.3283996582031,171.11000061035156,129.63104248046875,121.95205688476562,58.55528259277344,698.1742553710938,148.70315551757812,56.3405876159668,189.3778533935547,270.5072937011719,465.1319580078125,415.32000732421875,758.7774658203125,144.5186767578125,442.2625427246094,158.0017852783203
2024-04-05,87.96311950683594,420.04412841796875,168.20785522460938,151.4553985595703,524.6651000976562,164.89999389648438,131.78875732421875,122.64926147460938,58.899723052978516,706.93017578125,149.324951171875,56.54011154174805,191.12013244628906,273.6072692871094,472.4391174316406,418.6199951171875,774.7120971679688,144.4144287109375,442.6121520996094,159.9779815673828
2024-04-08,87.08856201171875,419.1260681152344,167.0869903564453,153.789306640625,516.6161499023438,172.97999572753906,131.46112060546875,122.10918426513672,58.83083724975586,705.0383911132812,149.2675323486328,56.31208419799805,192.11712646484375,274.2193298339844,474.7790222167969,415.9700012207031,767.8758544921875,143.6562957763672,442.8647155761719,159.789794921875
2024-04-09,85.31045532226562,420.7943115234375,168.29710388183594,155.5272979736328,514.2781372070312,176.8800048828125,131.2623748779297,121.3998794555664,58.84067916870117,711.7538452148438,149.8606414794922,56.73963165283203,190.8297576904297,273.1925964355469,468.1458740234375,414.69000244140625,748.0687255859375,144.31967163085938,446.4775390625,160.10977172851562
2024-04-10,86.99461364746094,417.81317138671875,166.4224090576172,155.0704803466797,517.1932373046875,171.75999450683594,130.1102294921875,119.94185638427734,59.65750503540039,715.7059326171875,150.4154510498047,55.97955322265625,189.20362854003906,270.98114013671875,465.1813049316406,409.1099853515625,752.7513427734375,142.33905029296875,437.08612060546875,159.06517028808594
2024-04-11,90.5698013305664,422.4230651855469,173.62367248535156,158.31808471679688,520.5062866210938,174.60000610351562,136.0225830078125,121.40972900390625,59.13591384887695,725.3828735351562,149.07623291015625,56.10306930541992,189.16488647460938,272.16583251953125,464.32861328125,407.6099853515625,750.3903198242188,141.00283813476562,428.9960021972656,157.64422607421875
2024-04-12,88.14103698730469,416.4706726074219,175.12144470214844,156.64955139160156,509.3034362792969,171.0500030517578,132.24530029296875,119.31135559082031,59.185115814208984,724.352783203125,148.58837890625,55.37148666381836,176.93011474609375,272.4422607421875,461.4235534667969,403.260009765625,742.5364990234375,139.79931640625,426.5486145019531,154.13931274414062
2024-04-15,85.95714569091797,408.3169860839844,171.29269409179688,153.79925537109375,497.6926574707031,161.47999572753906,128.96099853515625,118.09962463378906,58.97845458984375,711.4468383789062,148.70315551757812,55.23847579956055,177.02688598632812,267.8219299316406,455.8810729980469,400.260009765625,741.6771240234375,139.86566162109375,432.79339599609375,153.55992126464844
2024-04-16,87.37042236328125,409.2448425292969,168.0094757080078,153.3423614501953,497.2249755859375,157.11000061035156,130.76846313476562,118.82865142822266,58.8898811340332,709.15869140625,149.1814422607422,55.162471771240234,175.00392150878906,267.8910827636719,455.9107971191406,396.9200134277344,737.6959228515625,136.88999938964844,455.38336181640625,154.38626098632812
2024-04-17,83.99214935302734,406.54010009765625,166.640625,154.40505981445312,491.66339111328125,155.4499969482422,126.20011901855469,116.9075927734375,58.70289993286133,708.3861694335938,150.1476287841797,55.59001541137695,174.30699157714844,269.2139587402344,456.2478942871094,397.739990234375,741.6771240234375,137.1932373046875,465.19244384765625,156.01048278808594
2024-04-18,84.62781524658203,399.06756591796875,165.68838500976562,154.9413604736328,499.254638671875,149.92999267578125,123.87415313720703,114.27723693847656,58.319091796875,704.4837036132812,151.43484497070312,55.970054626464844,175.43946838378906,267.9107971191406,450.8343505859375,399.8900146484375,736.91552734375,138.1125030517578,478.97369384765625,156.39991760253906
2024-04-19,76.16114044189453,393.9838562011719,163.66490173339844,153.03451538085938,478.62982177734375,147.0500030517578,118.53343963623047,113.17388153076172,58.584800720214844,702.7603149414062,152.25318908691406,57.16716766357422,179.84361267089844,266.341064453125,451.51849365234375,405.0799865722656,717.5133056640625,140.16891479492188,486.6947326660156,158.06211853027344
2024-04-22,79.47745513916016,395.8001403808594,164.4981231689453,155.20950317382812,479.2864685058594,142.0500030517578,120.4766845703125,112.8290786743164,59.185115814208984,708.6536254882812,154.56385803222656,57.5282096862793,183.337890625,268.8585510253906,452.8669128417969,408.7799987792969,722.4725952148438,141.31556701660156,477.07989501953125,159.46786499023438
2024-04-23,82.38096618652344,402.3251037597656,165.54953002929688,157.1759490966797,493.5836181640625,144.67999267578125,122.909912109375,113.3807601928711,58.151790618896484,715.8048706054688,155.4881134033203,57.61370849609375,185.98036193847656,270.6158447265625,458.88531494140625,408.739990234375,736.6586303710938,141.7325439453125,472.17529296875,161.0351104736328
2024-04-24,79.6363754272461,403.7958984375,167.6523895263672,158.04000854492188,490.99676513671875,162.1300048828125,123.66063690185547,113.6270523071289,58.91940689086914,717.00341796875,156.5471649169922,58.478302001953125,186.89022827148438,271.5142517089844,458.5680236816406,405.95001220703125,723.33203125,140.7564697265625,473.2630615234375,159.38238525390625
2024-04-25,82.58987426757812,393.9048767089844,168.51535034179688,154.93141174316406,439.14111328125,170.17999267578125,127.36016845703125,113.18373107910156,59.25400161743164,716.1402587890625,156.49903869628906,58.6588249206543,187.17092895507812,271.65252685546875,458.1813049316406,404.9100036621094,716.0907592773438,139.13595581054688,479.6341247558594,158.8979949951172
2024-04-26,87.69026184082031,401.0911865234375,167.9300994873047,170.77218627929688,441.04144287109375,168.2899932861328,132.24530029296875,115.46928405761719,59.204803466796875,723.40234375,155.2859649658203,58.6588249206543,187.287109375,271.0206604003906,458.4887390136719,402.1000061035156,724.6260986328125,138.49154663085938,481.08123779296875,151.6127471923828
2024-04-29,87.71226501464844,397.07354736328125,172.09613037109375,165.0118865966797,430.4255676269531,194.0500030517578,131.70907592773438,114.75996398925781,59.283531188964844,720.574951171875,155.64218139648438,58.94384765625,187.08383178710938,268.37481689453125,453.2139587402344,400.9599914550781,728.2715454101562,139.13595581054688,474.9432373046875,153.41744995117188
2024-04-30,86.35794067382812,384.3197937011719,168.95176696777344,161.6649932861328,427.9880065917969,183.27999877929688,127.93576049804688,112.0606689453125,58.40766525268555,717.172119140625,157.12481689453125,58.687320709228516,185.59320068359375,265.1859436035156,447.36407470703125,396.7300109863281,771.6397705078125,137.02267456054688,469.7668151855469,154.48123168945312
2024-05-01,82.9986572265625,389.85760498046875,167.9300994873047,162.73757934570312,436.9621887207031,179.99000549316406,122.28710174560547,112.92759704589844,57.91559982299805,716.4974975585938,157.31741333007812,58.83934020996094,185.70936584472656,263.91241455078125,438.3117370605469,398.5799865722656,767.3424682617188,143.2677459716797,470.16497802734375,153.60740661621094
2024-05-02,85.77323913574219,392.7203063964844,171.6299285888672,165.47866821289062,439.43963623046875,180.00999450683594,121.864990234375,113.25270080566406,58.76194763183594,726.636474609375,157.74099731445312,58.89634323120117,185.51576232910156,264.1986999511719,437.3499755859375,400.6000061035156,746.7548828125,142.07371520996094,478.7697448730469,152.74302673339844
2024-05-03,88.74372100830078,401.4267883300781,181.89614868164062,166.0944366455078,449.6675109863281,181.19000244140625,125.75540161132812,114.0802230834961,58.87019729614258,738.0057983398438,158.3379364013672,59.06735610961914,184.40261840820312,265.0674743652344,439.8088684082031,400.8699951171875,726.068359375,141.4577178955078,478.2647399902344,155.57354736328125
2024-05-06,92.09300994873047,408.21826171875,180.23968505859375,166.94854736328125,463.31787109375,184.75999450683594,128.92361450195312,116.58248138427734,58.91940689086914,750.456298828125,158.3186798095703,59.23837661743164,185.8448486328125,269.1942138671875,445.54962158203125,404.9200134277344,757.3943481445312,140.8038330078125,480.13916015625,154.56674194335938
2024-05-07,90.5078125,404.072265625,180.92410278320312,170.0769500732422,465.8648681640625,177.80999755859375,128.21519470214844,116.17858123779297,59.65750503540039,765.1984252929688,159.58953857421875,59.49489974975586,185.60287475585938,272.9358825683594,449.208251953125,406.1400146484375,768.35009765625,140.93650817871094,486.5295715332031,154.395751953125
2024-05-08,90.36589050292969,405.2568359375,181.2613525390625,168.21975708007812,470.2027587890625,174.72000122070312,130.4053955078125,115.6466064453125,59.34257888793945,757.3611450195312,158.9252471923828,59.71342468261719,189.3778533935547,273.6565856933594,450.9037170410156,406.3699951171875,765.6136474609375,141.15447998046875,488.71478271484375,152.40110778808594
2024-05-09,88.70175170898438,407.013916015625,183.07656860351562,168.7958221435547,473.00848388671875,171.97000122070312,128.46705627441406,114.90774536132812,59.68623733520508,772.8672485351562,159.85910034179688,59.74192810058594,191.16854858398438,274.9894104003906,451.6175842285156,408.82000732421875,762.2054443359375,142.00738525390625,492.4247741699219,152.35360717773438
2024-05-10,89.83216094970703,409.4028015136719,181.8151092529297,167.49476623535156,473.7845153808594,168.47000122070312,131.13645935058594,114.93730163574219,59.725738525390625,780.9526977539062,160.63897705078125,60.10295867919922,192.39784240722656,277.1613464355469,453.094970703125,412.04998779296875,750.7953491210938,142.06423950195312,498.03826904296875,152.6860809326172
2024-05-13,90.3529052734375,408.39593505859375,185.02333068847656,167.9813995361328,465.6360168457031,171.88999938964844,131.59986877441406,114.64176177978516,59.656612396240234,769.0081176757812,159.69544982910156,60.4069938659668,192.35910034179688,275.8285827636719,453.86834716796875,411.2200012207031,748.5233154296875,143.30567932128906,496.9990539550781,153.18948364257812
2024-05-14,91.3094253540039,411.1993713378906,186.1655731201172,169.17320251464844,469.4566345214844,177.5500030517578,135.78347778320312,119.07492065429688,59.11347579956055,771.7364501953125,159.58953857421875,59.950950622558594,195.0499725341797,274.1996154785156,450.3385925292969,410.239990234375,754.7271728515625,143.45730590820312,499.07745361328125,153.4839324951172
2024-05-15,94.58174896240234,418.3887634277344,188.4401397705078,171.3283233642578,479.097412109375,173.99000549316406,141.3072052001953,119.8236312866211,59.0838508605957,780.8038330078125,160.31163024902344,59.979454040527344,195.63075256347656,277.91168212890625,454.1062927246094,412.760009765625,778.8132934570312,144.6798095703125,502.6417236328125,155.57354736328125
2024-05-16,94.3108901977539,416.32196044921875,188.55931091308594,172.98687744140625,470.82958984375,174.83999633789062,138.9418487548828,120.34577178955078,63.21172332763672,786.7861328125,161.6113739013672,60.159969329833984,195.97921752929688,276.78411865234375,454.9688720703125,413.1199951171875,763.0791015625,146.2055206298828,506.2545471191406,156.10548400878906
2024-05-17,92.43183898925781,415.5506591796875,188.589111328125,174.85400390625,469.5162658691406,177.4600067138672,137.28494262695312,121.6658706665039,63.84374237060547,789.5043334960938,161.39956665039062,59.88444519042969,198.22483825683594,277.0412902832031,456.35699462890625,416.94000244140625,761.9707641601562,146.54669189453125,509.5177917480469,158.0716094970703
2024-05-20,94.73167419433594,420.62371826171875,189.75120544433594,175.70811462402344,466.4618225097656,174.9499969482422,139.1287841796875,122.67071533203125,63.37959671020508,786.7166748046875,161.08184814453125,59.4473991394043,189.3101043701172,275.4983215332031,455.7521667480469,413.0,775.0133056640625,144.5118408203125,502.3309326171875,156.304931640625
2024-05-21,95.33735656738281,424.28271484375,191.0523681640625,176.63177490234375,462.2731628417969,186.60000610351562,137.66964721679688,122.77908325195312,64.3375015258789,794.5838012695312,162.0831298828125,59.77043151855469,193.123779296875,272.9366149902344,455.1969299316406,414.3699951171875,794.7948608398438,144.48318481445312,508.4689025878906,154.7567138671875
2024-05-22,94.90158081054688,425.7463073730469,189.61216735839844,175.17181396484375,465.4072265625,180.11000061035156,136.98483276367188,122.7495346069336,64.4362564086914,795.5064697265625,161.56321716308594,59.85593795776367,191.95254516601562,272.5706481933594,452.6388854980469,413.989990234375,794.5374755859375,146.6422119140625,506.3323059082031,151.603271484375
2024-05-23,103.74607849121094,422.26531982421875,185.6193084716797,172.3612060546875,463.4173889160156,173.74000549316406,137.08815002441406,122.24710845947266,64.03135681152344,790.0302734375,159.32960510253906,58.99134826660156,190.60714721679688,271.2353820800781,447.3740234375,405.8800048828125,800.0198974609375,143.01199340820312,501.9424743652344,150.32095336914062
2024-05-24,106.41470336914062,425.3902893066406,188.6983642578125,173.79135131835938,475.79425048828125,179.24000549316406,138.51974487304688,121.08462524414062,64.56463623046875,803.3140258789062,159.17556762695312,58.90584182739258,194.275634765625,271.4925537109375,447.34423828125,407.4100036621094,799.010498046875,140.40396118164062,493.53192138671875,149.18116760253906
2024-05-28,113.84292602539062,425.5485534667969,188.7082977294922,175.19166564941406,477.48565673828125,176.75,138.97332763671875,122.64115905761719,64.22886657714844,806.726806640625,157.03817749023438,58.734832763671875,193.1044158935547,268.0209045410156,441.2961120605469,403.8999938964844,799.43603515625,137.92965698242188,489.1712341308594,147.54745483398438
2024-05-29,114.76644134521484,424.4112854003906,189.00628662109375,174.69508361816406,471.95379638671875,176.19000244140625,136.8303680419922,121.90229797363281,64.11036682128906,800.129638671875,155.63253784179688,58.62081527709961,191.75897216796875,265.92401123046875,438.70831298828125,404.0899963378906,803.0677490234375,137.98699951171875,470.75738525390625,147.02503967285156
2024-05-30,110.44365692138672,410.0720520019531,189.99952697753906,170.9310760498047,464.680908203125,178.7899932861328,134.21414184570312,115.35105895996094,64.08074188232422,808.879638671875,156.52792358398438,58.877342224121094,192.93988037109375,268.3373718261719,438.3414611816406,408.6099853515625,806.5609741210938,138.78945922851562,467.77581787109375,148.46878051757812
2024-05-31,109.57709503173828,410.5269775390625,190.95306396484375,171.31838989257812,464.4620361328125,178.0800018310547,130.71826171875,115.44957733154297,64.93988800048828,803.4728393554688,158.41494750976562,59.789424896240234,196.1340789794922,269.4847106933594,443.2691955566406,414.3999938964844,811.7859497070312,140.1173553466797,481.1006164550781,153.1514892578125
2024-06-03,114.94136047363281,408.9347839355469,192.72105407714844,171.9838104248047,475.06793212890625,176.2899932861328,130.06398010253906,117.50852966308594,64.9991455078125,808.9292602539062,158.52085876464844,59.789424896240234,195.35006713867188,267.42742919921875,439.4221496582031,414.7900085449219,822.592041015625,141.13955688476562,483.1109619140625,152.15414428710938
2024-06-04,116.37763214111328,411.4565124511719,193.0388946533203,172.59954833984375,474.57049560546875,174.77000427246094,130.94163513183594,118.28680419921875,65.76941680908203,820.8341674804688,160.79299926757812,60.749027252197266,192.77532958984375,269.4451599121094,440.9887390136719,409.5299987792969,823.908203125,141.19686889648438,490.9291076660156,154.00633239746094
2024-06-05,122.37755584716797,419.3085021972656,194.5486297607422,174.20846557617188,492.5488586425781,175.0,139.03631591796875,120.80878448486328,66.2532958984375,827.6893920898438,159.86875915527344,60.73002243041992,190.93621826171875,271.50244140625,442.8627014160156,409.8500061035156,823.0867919921875,139.44862365722656,488.6273498535156,157.14077758789062
2024-06-06,120.93629455566406,419.81280517578125,193.1680145263672,175.51942443847656,491.25543212890625,177.94000244140625,137.87332153320312,121.6658706665039,66.31256866455078,835.9633178710938,162.19866943359375,60.948551177978516,190.5974578857422,274.01470947265625,444.8655090332031,411.0799865722656,828.55908203125,139.87852478027344,487.4619445800781,160.11376953125
2024-06-07,120.82635498046875,419.1502380371094,195.561767578125,173.26495361328125,490.4595031738281,177.47999572753906,138.4016571044922,124.04991912841797,65.05839538574219,838.8800048828125,160.84115600585938,60.720523834228516,193.54000854492188,275.62689208984375,445.966064453125,413.7200012207031,841.1266479492188,140.509033203125,476.5554504394531,160.92112731933594
2024-06-10,121.72789001464844,423.1257019042969,191.8171844482422,174.01068115234375,500.05059814453125,173.7899932861328,141.73025512695312,122.65101623535156,66.12492370605469,841.6181640625,161.120361328125,60.41649627685547,193.2108917236328,272.0365295410156,445.4306640625,410.80999755859375,855.9801635742188,140.5568084716797,480.74127197265625,161.90896606445312
2024-06-11,120.8582763671875,427.8823547363281,205.7525177001953,175.6114959716797,504.8959045410156,170.66000366210938,143.75320434570312,122.04021453857422,65.89779663085938,842.5805053710938,161.24551391601562,60.37849044799805,188.12921142578125,271.67059326171875,445.22247314453125,408.5,856.7916259765625,140.2033233642578,481.9261474609375,159.28741455078125
2024-06-12,125.14644622802734,436.16943359375,211.63262939453125,176.77479553222656,506.2589416503906,177.2899932861328,147.145751953125,138.29519653320312,65.4830322265625,841.0923461914062,159.03114318847656,59.74192810058594,185.38992309570312,267.3680725097656,439.2337951660156,408.7699890136719,858.2561645507812,138.9136505126953,478.8669128417969,157.7581787109375
2024-06-13,129.55455017089844,436.6836853027344,212.79470825195312,174.1598358154297,501.5429992675781,182.47000122070312,165.19866943359375,137.77304077148438,65.86817169189453,839.257080078125,160.21533203125,59.846435546875,187.45162963867188,268.2285461425781,441.216796875,405.9200134277344,874.1190185546875,138.95187377929688,482.9750061035156,158.20460510253906
2024-06-14,131.82359313964844,437.6626892089844,211.0565185546875,175.78053283691406,502.1007080078125,178.00999450683594,170.7135009765625,136.0785675048828,66.18417358398438,848.8900756835938,160.5811767578125,59.88951873779297,187.56777954101562,267.7043151855469,440.8499450683594,405.5400085449219,869.2899780273438,139.037841796875,482.80023193359375,160.1327667236328
2024-06-17,130.92396545410156,443.39837646484375,215.2083282470703,176.2279815673828,504.56060791015625,187.44000244140625,179.9456024169922,139.2113494873047,66.57917785644531,861.0331420898438,161.26475524902344,59.95654296875,188.72933959960938,268.20880126953125,444.30035400390625,407.32000732421875,875.7815551757812,139.4295196533203,477.15313720703125,161.1680908203125
2024-06-18,135.52198791503906,441.3908996582031,212.84437561035156,174.09022521972656,497.44976806640625,184.86000061035156,177.35299682617188,142.4918975830078,66.75695037841797,863.8506469726562,162.28530883789062,59.96612548828125,190.6845703125,270.63201904296875,446.2833251953125,407.95001220703125,882.164306640625,139.14291381835938,469.1750793457031,162.76380920410156
2024-06-20,130.72406005859375,440.7579650878906,208.2654571533203,175.29330444335938,499.6507568359375,181.57000732421875,170.66629028320312,140.78759765625,67.16183471679688,855.6064453125,161.42845153808594,59.53526306152344,192.301025390625,273.797119140625,448.6629943847656,409.1499938964844,876.7512817382812,141.17774963378906,472.55938720703125,163.49517822265625
2024-06-21,126.5158462524414,444.792724609375,206.09024047851562,178.60430908203125,492.7590637207031,183.00999450683594,163.19540405273438,139.39854431152344,67.06307983398438,841.5884399414062,161.99647521972656,60.100162506103516,190.00701904296875,272.2145690917969,450.9830627441406,409.6199951171875,874.6632690429688,142.10443115234375,470.67706298828125,161.84246826171875
2024-06-24,118.05946350097656,442.7061462402344,206.73585510253906,178.19664001464844,496.8721923828125,182.5800018310547,157.15765380859375,137.81243896484375,68.04073333740234,841.4395751953125,162.17941284179688,61.24913024902344,192.50430297851562,273.2827453613281,453.0751037597656,413.9800109863281,880.8283081054688,142.45790100097656,477.8846740722656,164.0745849609375
2024-06-25,126.03605651855469,445.9498291015625,207.6595916748047,182.9791717529297,508.514404296875,187.35000610351562,156.0304718017578,137.1031494140625,66.57917785644531,848.7313842773438,160.63897705078125,61.12465286254883,191.7202606201172,270.5429992675781,451.7762451171875,410.9700012207031,895.1770629882812,140.61415100097656,472.5399475097656,162.18441772460938
2024-06-26,126.3459243774414,447.1463623046875,211.81138610839844,182.83004760742188,511.0240783691406,196.3699951171875,157.1369171142578,136.17709350585938,67.43834686279297,850.0508422851562,161.21664428710938,61.32572555541992,191.10076904296875,270.6122741699219,448.5340270996094,410.260009765625,891.8621826171875,140.2606658935547,472.09130859375,162.56434631347656
2024-06-27,123.93694305419922,447.8287353515625,212.65565490722656,184.351318359375,517.4378051757812,197.4199981689453,156.60986328125,138.09814453125,67.033447265625,843.880126953125,160.4175262451172,61.19167709350586,192.78501892089844,263.6788330078125,438.9859313964844,407.95001220703125,899.5609741210938,139.2862091064453,474.4320373535156,160.51271057128906
2024-06-28,123.48715209960938,441.9941101074219,209.19912719726562,181.1099090576172,502.1604919433594,197.8800048828125,158.47239685058594,139.10299682617188,66.8655776977539,843.2550659179688,158.78082275390625,60.9427375793457,195.77593994140625,259.60382080078125,437.4094543457031,406.79998779296875,895.9391479492188,139.63015747070312,496.688720703125,162.915771484375
2024-07-01,124.24683380126953,451.6656799316406,215.28778076171875,181.9451141357422,502.6185607910156,209.86000061035156,161.9536895751953,140.9649200439453,66.63844299316406,838.9692993164062,156.66270446777344,60.588470458984375,198.8636932373047,260.3653564453125,433.88958740234375,405.19000244140625,904.8353881835938,139.89764404296875,482.4393615722656,161.823486328125
2024-07-02,122.61751556396484,454.1874084472656,218.78404235839844,184.18228149414062,507.41888427734375,231.25999450683594,163.60009765625,141.152099609375,67.22108459472656,852.5508422851562,157.7987823486328,60.4640007019043,202.13531494140625,265.3009033203125,440.8697509765625,407.1000061035156,897.2551879882812,139.50596618652344,485.9407653808594,157.6346893310547
2024-07-03,128.22511291503906,455.6608581542969,220.05540466308594,184.75897216796875,507.87701416015625,246.38999938964844,170.68112182617188,142.2357940673828,67.38896942138672,855.82470703125,157.73138427734375,60.63634490966797,201.99981689453125,266.0526123046875,444.3697509765625,405.7699890136719,888.7349243164062,139.18116760253906,477.796875,155.6210479736328
2024-07-05,125.77616119384766,462.37554931640625,224.81307983398438,189.51168823242188,537.7046508789062,251.52000427246094,168.12368774414062,142.67909240722656,69.16651916503906,878.6524047851562,159.06002807617188,61.04805374145508,199.32322692871094,267.4076232910156,445.66864013671875,411.1700134277344,905.033203125,139.93585205078125,475.9632873535156,158.8599853515625
2024-07-08,128.14512634277344,461.07025146484375,226.28309631347656,187.9506378173828,527.1578979492188,252.94000244140625,172.3235626220703,142.87612915039062,68.81099700927734,873.8607177734375,160.32125854492188,60.28207778930664,199.69308471679688,263.4908752441406,442.4462585449219,409.0799865722656,908.4274291992188,138.9805145263672,477.26043701171875,158.1666259765625
2024-07-09,131.3238067626953,454.4445495605469,227.13729858398438,187.9009246826172,527.835205078125,262.3299865722656,171.08480834960938,138.59071350097656,69.02826690673828,879.8229370117188,159.49327087402344,60.02356719970703,202.08741760253906,262.5413818359375,441.5724792480469,410.5199890136719,922.7763061523438,140.48036193847656,479.9620361328125,159.619873046875
2024-07-10,134.852294921875,461.0801086425781,231.40829467773438,190.08834838867188,532.5060424804688,263.260009765625,172.2080535888672,139.96006774902344,69.53190612792969,877.3031005859375,160.59083557128906,60.15761184692383,202.25286865234375,260.1280212402344,430.5902404785156,413.7900085449219,929.9804077148438,142.7540283203125,488.5643615722656,159.70533752441406
2024-07-11,127.34550476074219,449.658203125,226.03480529785156,184.51039123535156,510.6058349609375,241.02999877929688,168.38426208496094,141.0369110107422,68.92951202392578,839.8820190429688,159.3777313232422,60.41613006591797,201.91221618652344,259.68292236328125,433.3507080078125,418.7799987792969,924.3992309570312,143.01199340820312,491.9096374511719,161.38656616210938
2024-07-12,129.1847381591797,448.52093505859375,228.98475646972656,184.0132598876953,496.83233642578125,248.22999572753906,167.86312866210938,143.02264404296875,68.3764877319336,836.2212524414062,160.40789794921875,60.9906120300293,199.46922302246094,262.8380432128906,437.01470947265625,424.44000244140625,938.5105590820312,143.18394470214844,498.9026794433594,161.7379913330078
2024-07-15,128.3850555419922,448.9263916015625,232.81871032714844,185.46490478515625,494.1334228515625,252.63999938964844,169.19857788085938,141.34317016601562,68.74187469482422,842.005126953125,158.45346069335938,60.71294403076172,204.4427947998047,265.5185241699219,440.8773498535156,434.4200134277344,940.5490112304688,142.5725555419922,502.6479187011719,161.06698608398438
2024-07-16,126.30593872070312,444.5356140136719,233.23587036132812,182.86981201171875,487.7894287109375,256.55999755859375,167.18502807617188,140.8887176513672,69.11714172363281,844.0289916992188,160.73524475097656,61.53635787963867,207.91749572753906,266.3097839355469,440.4106750488281,438.8999938964844,931.7813720703125,144.26344299316406,535.3209228515625,162.1885223388672
2024-07-17,117.93951416015625,438.6021423339844,227.3359375,179.9863739013672,460.1029357910156,248.5,153.9586639404297,137.5791473388672,70.14417266845703,839.5745239257812,163.13255310058594,62.43638610839844,211.0807342529297,269.7221374511719,447.98699951171875,445.6099853515625,896.14697265625,149.5846405029297,559.1283569335938,168.00697326660156
2024-07-18,121.03819274902344,435.4870910644531,222.6676483154297,176.67538452148438,473.9063415527344,249.22999572753906,158.43983459472656,136.36399841308594,69.9367904663086,832.71923828125,162.16978454589844,62.41722869873047,204.37466430664062,266.2108154296875,445.564208984375,441.82000732421875,840.048095703125,148.47645568847656,550.4090576171875,164.04812622070312
2024-07-19,117.87954711914062,432.26324462890625,222.79676818847656,176.6455535888672,474.8424987792969,239.1999969482422,155.3109130859375,136.8876190185547,69.86766052246094,831.4891357421875,162.68020629882812,62.51298904418945,204.18002319335938,262.5611572265625,440.5695495605469,434.4700012207031,848.5286254882812,147.77903747558594,551.3745727539062,165.1792449951172
2024-07-22,123.48715209960938,438.0285949707031,222.4491424560547,180.6326446533203,485.4091491699219,251.50999450683594,158.97283935546875,138.47816467285156,69.50227355957031,840.7054443359375,162.96109008789062,62.01509475708008,204.6666717529297,264.78656005859375,444.7896728515625,435.9800109863281,856.9400024414062,147.3491668701172,544.7424926757812,166.41575622558594
2024-07-23,122.53755187988281,439.9173889160156,223.49205017089844,180.751953125,486.69384765625,246.3800048828125,161.64772033691406,141.3826904296875,69.76891326904297,845.3582763671875,161.38233947753906,62.19701385498047,204.71531677246094,261.8984680175781,438.6134338378906,434.010009765625,869.131591796875,145.54360961914062,541.0069580078125,165.97482299804688
2024-07-24,114.20111846923828,424.1442565917969,217.06570434570312,171.64430236816406,459.3858947753906,215.99000549316406,149.3787841796875,137.09507751464844,69.71952819824219,824.2369995117188,162.71896362304688,63.010860443115234,203.0217742919922,251.39443969726562,429.40863037109375,432.79998779296875,850.91357421875,149.29803466796875,545.9323120117188,168.90802001953125
2024-07-25,112.23194885253906,413.7607116699219,216.02279663085938,166.3248291015625,451.55804443359375,220.25,147.32574462890625,136.1565399169922,69.14675903320312,809.48486328125,161.6535186767578,63.25979995727539,203.0996551513672,250.96913146972656,426.5787048339844,433.2900085449219,812.626953125,152.5078887939453,545.864013671875,174.6210479736328
2024-07-26,113.01162719726562,420.5544738769531,216.48960876464844,166.04641723632812,463.7978210449219,219.8000030517578,149.6650390625,137.33218383789062,68.9097671508789,812.2764892578125,163.79408264160156,64.19812774658203,206.57435607910156,256.6266784667969,435.0982971191406,437.6600036621094,796.2298583984375,153.46322631835938,555.6561279296875,177.48715209960938
2024-07-29,111.5422592163086,421.998291015625,216.76773071289062,168.5619659423828,463.8077392578125,232.10000610351562,148.27330017089844,136.640625,68.75177001953125,810.249755859375,164.5883026123047,63.98748779296875,205.22146606445312,258.7432861328125,438.19635009765625,438.30999755859375,799.36669921875,151.47616577148438,552.7595825195312,174.4005889892578
2024-07-30,103.68562316894531,418.2305603027344,217.3239288330078,169.317626953125,461.298095703125,222.6199951171875,141.66014099121094,134.03250122070312,68.3271255493164,804.7557983398438,156.61700439453125,64.80133056640625,209.44558715820312,260.2269592285156,444.30316162109375,441.260009765625,781.9700317382812,154.12240600585938,562.10302734375,179.04000854492188
2024-07-31,116.96991729736328,413.7112731933594,220.58181762695312,170.56048583984375,472.8905029296875,232.07000732421875,158.59776306152344,137.76686096191406,67.78398132324219,816.6478881835938,155.70654296875,63.901302337646484,207.119384765625,262.76885986328125,460.44873046875,438.5,795.8834838867188,150.79788208007812,561.9371948242188,177.64051818847656
2024-08-01,109.16327667236328,412.4849853515625,216.8869171142578,169.7849578857422,495.7069396972656,216.86000061035156,145.1147918701172,135.85028076171875,68.91964721679688,811.571044921875,160.48158264160156,65.06941986083984,202.40859985351562,263.0260009765625,459.15789794921875,431.80999755859375,823.759765625,153.57786560058594,558.6309814453125,181.84861755371094
2024-08-02,107.2240982055664,403.9605712890625,218.3767852783203,165.70838928222656,486.1461486816406,207.6699981689453,141.9562530517578,131.67135620117188,67.6062240600586,816.7273559570312,164.7335968017578,66.38114166259766,193.82403564453125,263.6689147949219,458.7705993652344,428.3599853515625,796.0714111328125,156.80685424804688,575.269775390625,181.4459991455078
2024-08-05,100.40702056884766,390.7684631347656,207.85824584960938,158.34068298339844,473.786865234375,198.8800048828125,140.23880004882812,126.3167495727539,66.74707794189453,796.6092529296875,162.77706909179688,65.20346069335938,189.6972198486328,253.63966369628906,438.8914794921875,413.7200012207031,767.1759643554688,154.04595947265625,555.890380859375,176.7202911376953
2024-08-06,104.20539855957031,395.1790466308594,205.8319854736328,157.38616943359375,492.07183837890625,200.63999938964844,142.0549774169922,126.66254425048828,66.89520263671875,811.5612182617188,162.80615234375,65.15558624267578,194.99200439453125,255.43978881835938,445.1471252441406,422.1400146484375,784.9090576171875,151.86785888671875,554.320068359375,178.0143585205078
2024-08-07,98.86768341064453,394.01214599609375,208.40452575683594,158.03244018554688,486.9229431152344,191.75999450683594,134.50408935546875,124.38041687011719,66.0755615234375,805.0239868164062,164.67547607421875,65.54814910888672,195.05039978027344,253.71875,446.6763000488281,427.0199890136719,764.0885620117188,151.80096435546875,552.1061401367188,179.73977661132812
2024-08-08,104.92508697509766,398.224853515625,211.87098693847656,161.10479736328125,507.54840087890625,198.83999633789062,143.8513946533203,127.40349578857422,66.81620788574219,833.96435546875,165.49874877929688,65.80667114257812,198.61268615722656,256.99261474609375,452.37591552734375,431.5400085449219,836.4954833984375,153.06199645996094,552.2621459960938,182.50999450683594
2024-08-09,104.70518493652344,401.51800537109375,214.78123474121094,162.7354278564453,515.6552124023438,200.0,146.33871459960938,130.466064453125,67.10257720947266,849.3633422851562,165.17910766601562,65.75879669189453,200.30625915527344,257.4385986328125,453.5674743652344,431.6700134277344,882.3820190429688,153.44412231445312,544.9667358398438,182.05947875976562
2024-08-12,108.9733657836914,402.2991943359375,216.31260681152344,161.3633270263672,513.8425903320312,197.49000549316406,146.6940460205078,130.9797821044922,67.84323120117188,857.9471435546875,161.5663604736328,65.27047729492188,200.68585205078125,257.56744384765625,452.48516845703125,430.3900146484375,875.1580810546875,152.7371826171875,551.3356323242188,182.2991180419922
2024-08-13,116.0903091430664,409.41937255859375,220.03167724609375,163.22264099121094,526.381103515625,207.8300018310547,154.13633728027344,132.63951110839844,67.28034210205078,859.1890869140625,162.03128051757812,65.54814910888672,202.38912963867188,257.8052978515625,456.12939453125,432.4100036621094,898.5811767578125,151.31373596191406,560.0646362304688,183.30560302734375
2024-08-14,118.02949523925781,412.2377624511719,220.47915649414062,159.4542694091797,524.6083984375,201.3800048828125,155.64649963378906,133.96334838867188,67.80374145507812,857.0927734375,163.49383544921875,65.66304779052734,204.6277313232422,258.8062744140625,456.9237060546875,438.4700012207031,921.96484375,151.3997344970703,565.360595703125,185.00228881835938
2024-08-15,122.80744171142578,417.1119689941406,223.46237182617188,160.37899780273438,535.13525390625,214.13999938964844,163.9771270751953,135.2772674560547,72.26736450195312,871.6373291015625,162.64146423339844,65.73007202148438,205.9027557373047,264.4156799316406,465.41357421875,440.8399963378906,923.1539916992188,151.9824676513672,565.3020629882812,185.38568115234375
2024-08-16,124.52670288085938,414.5757751464844,224.78492736816406,162.02951049804688,525.2656860351562,216.1199951171875,163.5724334716797,135.81076049804688,72.74073791503906,864.9215087890625,162.61244201660156,66.2375259399414,208.25814819335938,264.9905090332031,465.5823974609375,444.510009765625,913.7796020507812,152.2690887451172,563.419677734375,185.86497497558594
2024-08-19,129.9443817138672,417.6072998046875,224.62582397460938,165.7183074951172,527.1181640625,222.72000122070312,165.5366668701172,136.25534057617188,73.00813293457031,866.669921875,163.12576293945312,66.04602813720703,209.69863891601562,264.088623046875,463.69580078125,448.7699890136719,913.472412109375,152.49835205078125,564.4925537109375,188.71188354492188
2024-08-20,127.19556427001953,420.8468933105469,225.24232482910156,166.2253875732422,524.5785522460938,221.10000610351562,163.79945373535156,137.49024963378906,73.82022094726562,870.4949340820312,165.05320739746094,66.42901611328125,208.7935028076172,265.64459228515625,465.8206787109375,448.3599853515625,941.377685546875,153.00465393066406,566.31640625,188.02174377441406
2024-08-21,128.44500732421875,420.1930847167969,225.13296508789062,164.9029998779297,532.9740600585938,223.27000427246094,163.63165283203125,138.5078125,74.5134506225586,875.680908203125,164.81106567382812,66.61094665527344,208.87135314941406,265.8031921386719,464.7086181640625,446.6000061035156,943.3595581054688,154.2179412841797,563.8001098632812,188.385986328125
2024-08-22,123.68705749511719,411.6829833984375,223.27342224121094,162.8647003173828,529.7572021484375,210.66000366210938,160.23622131347656,136.4134063720703,74.85018157958984,871.8461303710938,164.80136108398438,66.38114166259766,210.84716796875,265.5455322265625,465.5227966308594,449.0299987792969,945.5396118164062,155.09683227539062,564.4340209960938,188.23260498046875
2024-08-23,129.31463623046875,412.9114074707031,225.57049560546875,164.67431640625,525.8433837890625,220.32000732421875,164.20416259765625,137.50999450683594,74.9690170288086,873.4853515625,163.85218811035156,66.82158660888672,212.48231506347656,265.04998779296875,463.1595458984375,453.3800048828125,944.1226196289062,156.7973175048828,570.0811157226562,189.3637237548828
2024-08-26,126.40589141845703,409.64215087890625,225.90859985351562,165.2112274169922,518.991455078125,213.2100067138672,157.55149841308594,137.2235107421875,75.29582977294922,886.69873046875,164.99508666992188,67.82691192626953,213.31936645507812,265.81304931640625,465.3440856933594,454.489990234375,941.9326171875,157.25587463378906,572.6364135742188,189.25827026367188
2024-08-27,128.2451171875,409.9888916015625,226.7538299560547,163.73965454101562,516.9796142578125,209.2100067138672,159.29855346679688,136.80857849121094,75.39485931396484,902.9820556640625,163.92967224121094,68.4588394165039,214.3023681640625,268.3006896972656,471.6494445800781,460.6300048828125,945.846923828125,156.85159301757812,572.8509521484375,187.80126953125
2024-08-28,125.55626678466797,406.7790222167969,225.22247314453125,161.9201202392578,514.669189453125,205.75,156.13015747070312,136.2158203125,75.34535217285156,882.2677612304688,163.7456512451172,68.6982192993164,215.3827362060547,266.7843322753906,468.4818420410156,464.5899963378906,940.3569946289062,157.7852783203125,574.0115356445312,187.3028106689453
2024-08-29,117.53968048095703,409.2755432128906,228.5039825439453,160.8562469482422,516.103271484375,206.27999877929688,154.8963623046875,137.7372283935547,75.68206787109375,880.8570556640625,164.68515014648438,68.98545837402344,216.2781982421875,271.8684997558594,477.4185485839844,468.3699951171875,931.696044921875,158.08367919921875,576.9669189453125,187.0919189453125
2024-08-30,119.31893157958984,413.2582092285156,227.7184295654297,162.4470977783203,519.1806640625,214.11000061035156,160.7100372314453,139.58465576171875,76.48424530029297,886.5696411132812,166.14767456054688,69.38758850097656,218.799072265625,273.900146484375,479.940673828125,475.9200134277344,951.3367919921875,159.65267944335938,575.6306762695312,188.17510986328125
2024-09-03,107.95378875732422,405.62982177734375,221.52330017089844,156.46145629882812,509.669677734375,210.60000610351562,150.8099822998047,137.81625366210938,76.42481994628906,872.8494873046875,169.03399658203125,69.90462493896484,214.41917419433594,276.05078125,478.729248046875,476.8299865722656,947.87841796875,160.90402221679688,583.9013671875,189.4979248046875
2024-09-04,106.16455841064453,405.0948791503906,219.61404418945312,155.55667114257812,510.6456298828125,219.41000366210938,152.12277221679688,139.05117797851562,76.494140625,884.2249145507812,170.37060546875,69.47376251220703,213.47508239746094,277.9833068847656,479.74212646484375,478.57000732421875,937.750732421875,161.09654235839844,589.2655639648438,188.84608459472656
2024-09-05,107.16413879394531,404.589599609375,221.1354522705078,156.3421630859375,514.7488403320312,230.1699981689453,150.83963012695312,140.8887176513672,76.21685028076172,880.211181640625,169.95416259765625,68.14288330078125,211.82044982910156,276.13006591796875,474.0027770996094,464.9200134277344,904.4943237304688,158.81524658203125,580.7901000976562,184.86807250976562
2024-09-06,102.78600311279297,397.96185302734375,219.58419799804688,150.0582275390625,498.2265930175781,210.72999572753906,135.22462463378906,140.098388671875,75.89994049072266,870.9718627929688,170.07037353515625,68.1141586303711,206.78848266601562,276.87335205078125,472.7714538574219,459.4200134277344,894.545166015625,158.2280731201172,582.145751953125,185.38568115234375
2024-09-09,106.42444610595703,401.9444580078125,219.67369079589844,148.05706787109375,502.7281799316406,216.27000427246094,138.99514770507812,138.20155334472656,76.59317016601562,890.65283203125,170.52560424804688,68.79396057128906,211.02236938476562,283.05755615234375,483.664306640625,459.6099853515625,900.0548706054688,160.37461853027344,579.4343872070312,188.28054809570312
2024-09-10,108.05374145507812,410.3455505371094,218.878173828125,148.00729370117188,502.7281799316406,226.1699981689453,146.2893524169922,154.0084228515625,78.04898834228516,888.467041015625,172.2012176513672,68.50672912597656,200.0726776123047,282.78997802734375,484.5877685546875,458.9200134277344,893.098388671875,161.1157989501953,584.2427368164062,191.08912658691406
2024-09-11,116.85997772216797,419.10333251953125,221.41390991210938,150.49630737304688,509.7393493652344,228.1300048828125,156.21900939941406,155.28286743164062,78.07869720458984,894.537353515625,168.452880859375,68.05670166015625,201.6980743408203,281.4223327636719,484.74664306640625,453.1000061035156,912.560791015625,158.65159606933594,575.1917724609375,186.5263671875
2024-09-12,119.0992202758789,423.02642822265625,221.52330017089844,154.0108184814453,523.4530639648438,229.80999755859375,162.42747497558594,159.4321746826172,78.89077758789062,909.0720825195312,168.0170135498047,68.20033264160156,201.0849151611328,282.8197326660156,488.6490173339844,450.8699951171875,926.5628662109375,158.47833251953125,573.89453125,185.97999572753906
2024-09-13,119.0592269897461,426.5830078125,221.2548065185547,156.76866149902344,522.4771118164062,230.2899932861328,165.51693725585938,160.0743408203125,79.82170104980469,910.0357666015625,168.6078338623047,68.84141540527344,198.86578369140625,284.78204345703125,489.8902282714844,447.6099853515625,915.3551635742188,159.32540893554688,579.64892578125,186.16213989257812
2024-09-16,116.7400131225586,427.32598876953125,215.10939025878906,157.36599731445312,531.6083984375,226.77999877929688,161.89447021484375,168.274169921875,79.7820816040039,901.9586791992188,171.6685028076172,69.50658416748047,202.311279296875,287.8840637207031,494.2096252441406,451.7799987792969,915.1867065429688,160.7404022216797,576.63427734375,187.61912536621094
2024-09-17,115.55043029785156,431.1005859375,215.5767364501953,158.62049865722656,534.638916015625,227.8699951171875,160.36456298828125,165.4486846923828,77.84101104736328,891.4277954101562,170.35125732421875,69.21739196777344,203.66416931152344,288.95440673828125,497.4665832519531,456.67999267578125,897.9837646484375,160.81739807128906,565.691650390625,185.4336395263672
2024-09-18,113.33118438720703,426.8009948730469,219.45492553710938,159.10833740234375,536.2638549804688,227.1999969482422,159.57492065429688,162.54415893554688,78.26686096191406,886.7086791992188,168.452880859375,69.16918182373047,201.99008178710938,285.9019470214844,491.2803649902344,456.6000061035156,896.78466796875,159.93182373046875,568.3245849609375,184.9447479248047
2024-09-19,117.82965087890625,434.607666015625,227.58912658691406,161.4281005859375,557.3474731445312,243.9199981689453,165.7939453125,165.5672149658203,77.28642272949219,894.8751220703125,166.14767456054688,68.07982635498047,204.861328125,282.6908874511719,489.5426940917969,459.7099914550781,906.7636108398438,158.65159606933594,564.820556640625,185.59657287597656
2024-09-20,115.9603042602539,431.21942138671875,226.9228973388672,162.87173461914062,559.5903930664062,238.25,169.43820190429688,165.97227478027344,78.29656219482422,901.0745239257812,168.74342346191406,69.06314086914062,205.4550323486328,282.2250671386719,489.2745666503906,455.30999755859375,913.1553344726562,158.01629638671875,562.7944946289062,185.45278930664062
2024-09-23,116.22020721435547,429.475830078125,225.20257568359375,161.13937377929688,562.640869140625,250.0,171.2603302001953,163.94700622558594,79.5542984008789,911.1087646484375,168.30758666992188,69.14990234375,205.7957000732422,286.0506286621094,493.6436767578125,454.9800109863281,910.212158203125,157.11148071289062,561.2382202148438,185.79786682128906
2024-09-24,120.82862854003906,425.1762390136719,226.09754943847656,161.5774383544922,561.5642700195312,254.27000427246094,173.14186096191406,163.798828125,79.89102935791016,895.669921875,167.79425048828125,68.76428985595703,205.9416961669922,270.3422546386719,483.9820861816406,454.55999755859375,916.0687255859375,156.6879425048828,562.98046875,185.49111938476562
2024-09-25,123.46772003173828,428.0888671875,225.10311889648438,160.7809600830078,566.5286254882812,257.0199890136719,173.81527709960938,164.27304077148438,80.61397552490234,902.5051879882812,166.8450469970703,68.87995910644531,204.57907104492188,267.22039794921875,486.00775146484375,452.3599853515625,916.197509765625,154.58953857421875,564.07666015625,183.33436584472656
2024-09-26,123.9975357055664,427.2962951660156,226.2467041015625,162.0155029296875,566.0601196289062,254.22000122070312,176.3603057861328,166.07106018066406,79.14826202392578,895.5706176757812,167.7652130126953,68.83177185058594,204.18002319335938,269.261962890625,487.8149108886719,454.17999267578125,901.0953979492188,155.34996032714844,562.6085205078125,183.94784545898438
2024-09-27,121.35844421386719,424.03692626953125,226.5151824951172,163.2301483154297,565.5816040039062,260.4599914550781,171.01275634765625,166.703369140625,79.00961303710938,879.8535766601562,168.094482421875,69.2077407836914,204.88079833984375,272.7109069824219,490.1682434082031,457.4700012207031,869.8505249023438,155.35958862304688,569.4990234375,186.71807861328125
2024-09-30,121.39842987060547,426.29571533203125,231.69602966308594,165.12181091308594,570.6456909179688,261.6300048828125,170.82460021972656,168.3433074951172,79.97025299072266,880.7477416992188,167.75550842285156,69.27522277832031,205.23118591308594,272.4928894042969,490.3271179199219,460.260009765625,877.9268798828125,155.99490356445312,572.2689819335938,189.29661560058594
2024-10-01,116.9599380493164,416.775146484375,224.9440460205078,166.25680541992188,574.6629638671875,258.0199890136719,165.84344482421875,165.1424102783203,80.48522186279297,871.6672973632812,167.60052490234375,69.130615234375,201.51315307617188,275.11920166015625,492.88897705078125,457.4100036621094,876.4800415039062,155.92752075195312,570.918212890625,188.7981719970703
2024-10-02,118.80931854248047,413.248291015625,225.51083374023438,165.13177490234375,571.0145263671875,249.02000427246094,169.00247192382812,165.68576049804688,79.65335083007812,872.809814453125,166.5157470703125,68.45579528808594,201.7564697265625,274.5245666503906,492.08465576171875,456.6700134277344,883.0103759765625,155.13821411132812,579.7369995117188,188.6639862060547
2024-10-03,122.80794525146484,412.6637878417969,224.40704345703125,165.13177490234375,580.943359375,240.66000366210938,170.22052001953125,164.84603881835938,79.65335083007812,869.9683837890625,164.77230834960938,67.9834213256836,199.75146484375,274.3857421875,491.4888916015625,452.9599914550781,877.5403442382812,154.49327087402344,580.1676025390625,187.35072326660156
2024-10-04,124.87723541259766,412.1882629394531,225.53073120117188,166.32650756835938,594.072021484375,250.0800018310547,174.92437744140625,168.79776000976562,80.15841674804688,877.3599243164062,163.57130432128906,67.64600372314453,206.8413848876953,275.44622802734375,494.19970703125,461.9700012207031,879.1357421875,154.29112243652344,578.650634765625,186.23880004882812
2024-10-07,127.67627716064453,405.7289123535156,220.4493408203125,162.26441955566406,582.9470825195312,240.8300018310547,173.37953186035156,167.91848754882812,78.336181640625,867.9019775390625,161.86660766601562,66.52774047851562,206.55738830566406,271.3432312011719,487.8447265625,453.5,890.2741088867188,153.55958557128906,571.1727905273438,185.5869903564453
2024-10-08,132.84449768066406,410.8507995605469,224.50648498535156,163.65826416015625,591.0316162109375,244.5,178.9746551513672,172.265380859375,78.94029998779297,884.622314453125,162.87393188476562,66.6916275024414,206.38111877441406,272.50274658203125,493.564208984375,453.79998779296875,905.45556640625,153.7135772705078,569.2348022460938,185.01185607910156
2024-10-09,132.60458374023438,413.5751953125,228.25540161132812,161.1493377685547,588.6590576171875,241.0500030517578,184.1439666748047,176.1380615234375,79.62362670898438,903.1807861328125,163.9490509033203,67.06759643554688,208.99578857421875,274.45513916015625,497.09393310546875,455.8999938964844,911.4210815429688,154.6376495361328,578.670166015625,186.67974853515625
2024-10-10,134.7638397216797,411.9702453613281,227.75819396972656,161.3683624267578,582.0000610351562,238.77000427246094,183.88648986816406,173.68251037597656,78.84125518798828,887.8114013671875,163.6391143798828,66.75910949707031,208.4278106689453,274.9903564453125,495.1749267578125,454.92999267578125,902.4529418945312,154.5028839111328,585.0126342773438,186.29632568359375
2024-10-11,134.7538604736328,412.4458312988281,226.2765350341797,162.5232696533203,588.1008911132812,217.8000030517578,179.7173614501953,174.03897094726562,79.32653045654297,883.2413940429688,165.71182250976562,67.06759643554688,217.681884765625,275.3570556640625,499.3907470703125,460.2099914550781,923.6296997070312,155.41734313964844,585.3551635742188,186.14295959472656
2024-10-14,138.0227508544922,415.23956298828125,230.00555419921875,164.2357177734375,588.5693359375,219.16000366210938,180.539306640625,174.38551330566406,79.51470184326172,883.9666748046875,167.08718872070312,67.80989837646484,216.88868713378906,278.171630859375,503.765625,459.9800109863281,921.1027221679688,155.55210876464844,592.5491333007812,187.54246520996094
2024-10-15,131.55496215820312,414.8432922363281,232.54127502441406,164.73353576660156,584.4323120117188,219.57000732421875,174.2707977294922,172.37550354003906,80.86156463623047,888.7850952148438,168.11386108398438,67.80989837646484,217.77984619140625,276.7940673828125,504.33233642578125,462.67999267578125,905.0592041015625,157.9585418701172,544.4816284179688,185.37811279296875
2024-10-16,135.67355346679688,412.2476501464844,230.48284912109375,164.43484497070312,574.9819946289062,221.3300018310547,175.10263061523438,173.04881286621094,80.43571472167969,881.6021728515625,166.96128845214844,68.03162384033203,219.00392150878906,284.9505310058594,511.13330078125,465.69000244140625,908.1311645507812,158.13180541992188,559.2122192382812,184.02542114257812
2024-10-17,136.88311767578125,412.84210205078125,230.8507843017578,162.21461486816406,575.1216430664062,220.88999938964844,179.76687622070312,173.9498291015625,80.10889434814453,879.5256958007812,166.86444091796875,67.38572692871094,219.76773071289062,287.79486083984375,510.8250427246094,465.8500061035156,908.8248291015625,158.31468200683594,554.014892578125,182.1992950439453
2024-10-18,137.9527587890625,414.2686767578125,233.68482971191406,162.70248413085938,574.6629638671875,220.6999969482422,178.142822265625,172.9696044921875,80.52484893798828,883.7679443359375,166.87124633789062,67.90631103515625,220.6980438232422,288.0228271484375,513.3903198242188,464.79998779296875,909.6670532226562,158.9403533935547,557.5189208984375,182.4794921875
2024-10-21,143.6608123779297,414.8829345703125,235.1565399169922,163.34963989257812,573.3571166992188,218.85000610351562,178.24185180664062,172.04873657226562,80.02967071533203,880.9961547851562,165.17601013183594,66.95191955566406,218.37718200683594,284.2864685058594,512.0679321289062,464.1600036621094,897.9342651367188,156.73606872558594,559.3394165039062,180.23785400390625
2024-10-22,143.54086303710938,423.53167724609375,234.5400390625,164.41493225097656,580.1857299804688,217.97000122070312,177.6377716064453,173.58348083496094,81.22797393798828,887.6723022460938,165.3319091796875,66.95191955566406,219.47396850585938,282.2449035644531,510.08929443359375,461.45001220703125,900.9269409179688,157.33287048339844,557.7635498046875,182.38287353515625
2024-10-23,139.51222229003906,420.6487731933594,229.4685516357422,162.0653076171875,561.923095703125,213.64999389648438,171.8247833251953,171.39524841308594,82.4659194946289,893.3153076171875,165.21498107910156,65.56371307373047,218.7786865234375,281.22412109375,510.79522705078125,460.6099853515625,895.0802612304688,159.65267944335938,552.6543579101562,181.5325927734375
2024-10-24,140.3619384765625,420.7775573730469,229.27964782714844,162.0055389404297,566.0003051757812,260.4800109863281,169.68576049804688,172.6626434326172,82.23814392089844,887.602783203125,165.25396728515625,64.8792495727539,220.31614685058594,280.6889953613281,507.7030029296875,457.7699890136719,883.2581176757812,157.5446319580078,548.9056396484375,183.24278259277344
2024-10-25,141.49154663085938,424.1657409667969,230.11492919921875,164.54437255859375,571.453125,269.19000244140625,171.31971740722656,171.8111114501953,81.7132568359375,885.4171752929688,163.8900146484375,64.5129165649414,217.70147705078125,279.2122802734375,504.46160888671875,454.010009765625,884.6256713867188,154.85906982421875,552.5761108398438,181.50360107421875
2024-10-28,140.47190856933594,422.6202392578125,232.0937957763672,165.9879913330078,576.3477172851562,262.510009765625,170.34925842285156,170.72193908691406,81.95093536376953,885.1588745117188,164.9422149658203,64.27190399169922,220.82534790039062,281.6502380371094,505.3067321777344,458.489990234375,887.4895629882812,155.55210876464844,553.2416381835938,183.2717742919922
2024-10-29,141.20164489746094,427.9303894042969,232.36228942871094,168.9349822998047,591.42041015625,259.5199890136719,177.49913024902344,171.7220001220703,80.91107177734375,881.2146606445312,162.86703491210938,63.20182800292969,218.27926635742188,279.3609313964844,503.38775634765625,454.6199951171875,895.4072265625,154.09860229492188,550.1976318359375,183.04954528808594
2024-10-30,139.29229736328125,428.50494384765625,228.812255859375,173.69400024414062,589.9450073242188,257.54998779296875,174.92437744140625,172.8408660888672,80.60408020019531,873.3660888671875,161.88304138183594,63.54887771606445,219.75796508789062,287.56695556640625,510.7554931640625,454.9599914550781,839.1705932617188,154.59915161132812,551.0100708007812,194.69244384765625
2024-10-31,132.71456909179688,402.568603515625,224.6457061767578,170.3587188720703,565.8009643554688,249.85000610351562,168.12110900878906,166.18704223632812,81.15866088867188,868.4880981445312,160.92825317382812,62.96082305908203,217.31956481933594,287.2596740722656,496.7359619140625,450.9200134277344,822.235107421875,153.87722778320312,552.517333984375,196.9823760986328
2024-11-01,135.35365295410156,406.5511779785156,221.66249084472656,170.53790283203125,565.3822021484375,248.97999572753906,167.2793731689453,168.34559631347656,81.39634704589844,872.7557983398438,160.85031127929688,62.67162322998047,218.31842041015625,288.1417236328125,505.1774597167969,452.1400146484375,811.52294921875,154.13711547851562,555.512451171875,196.67320251464844
2024-11-04,136.00343322753906,404.6589660644531,220.7675323486328,168.49691772460938,558.9225463867188,242.83999633789062,166.9129638671875,167.9197998046875,81.6538314819336,881.4703979492188,160.830810546875,62.76802062988281,215.2239227294922,289.2418518066406,502.6917724609375,442.2900085449219,798.8485717773438,152.31785583496094,545.93017578125,193.69725036621094
2024-11-05,139.8621063232422,407.6310119628906,222.19947814941406,168.9947509765625,570.6356811523438,251.44000244140625,172.21099853515625,170.08824157714844,82.87195587158203,885.549072265625,161.4933319091797,63.01866912841797,216.8984832763672,290.6689758300781,502.6719055175781,445.05999755859375,798.7693481445312,152.42373657226562,554.9937133789062,194.86636352539062
2024-11-06,145.56016540527344,416.2698669433594,221.4735565185547,175.73500061035156,570.2568969726562,288.5299987792969,177.80612182617188,179.45509338378906,82.63428497314453,894.5819091796875,156.90455627441406,61.40874099731445,241.93841552734375,304.6528625488281,518.1528930664062,468.8999938964844,769.3578491210938,151.97134399414062,584.0241088867188,194.40257263183594
2024-11-07,148.8290557861328,421.47100830078125,226.20692443847656,179.95639038085938,589.8453369140625,296.9100036621094,182.0247344970703,184.5345458984375,83.04031372070312,909.185791015625,159.2038116455078,61.37017059326172,231.4798126220703,303.067138671875,514.9215087890625,460.1300048828125,790.2371826171875,150.86434936523438,592.59814453125,193.7358856201172
2024-11-08,147.57945251464844,418.6079406738281,225.93814086914062,177.5669403076172,587.49267578125,321.2200012207031,181.85638427734375,187.38619995117188,84.01085662841797,938.9006958007812,163.39315795898438,61.62082290649414,232.06735229492188,305.11865234375,521.76220703125,463.4100036621094,824.018798828125,149.6515350341797,602.7382202148438,192.760009765625
2024-11-11,145.2102508544922,414.1200866699219,223.22042846679688,179.5581512451172,581.3419799804688,350.0,177.17233276367188,187.2673797607422,83.39684295654297,928.0374145507812,161.75637817382812,61.08096694946289,234.32948303222656,308.14141845703125,527.0916137695312,467.3599853515625,824.9107666015625,149.23760986328125,611.9779052734375,168.53697204589844
2024-11-12,148.2392120361328,419.09332275390625,223.22042846679688,180.82257080078125,582.9868774414062,328.489990234375,174.50845336914062,187.7129669189453,84.16930389404297,927.5399169921875,161.57125854492188,60.92672348022461,234.59388732910156,307.6648254394531,526.14697265625,466.2900085449219,811.4535522460938,146.92742919921875,601.6223754882812,165.30982971191406
2024-11-13,146.21994018554688,421.2431640625,224.1063995361328,178.0946044921875,578.1819458007812,330.239990234375,171.89410400390625,187.76246643066406,84.67438507080078,928.8829345703125,162.29220581054688,60.73391342163086,236.1607208251953,307.29742431640625,518.898681640625,468.1000061035156,804.46728515625,147.5050048828125,593.00927734375,164.59483337402344
2024-11-14,146.70974731445312,422.91748046875,227.1924591064453,174.80909729003906,575.3508911132812,311.17999267578125,168.72518920898438,185.20787048339844,83.65433502197266,919.093994140625,162.77932739257812,60.30010223388672,236.85598754882812,306.0760803222656,517.4271240234375,467.70001220703125,779.11865234375,146.18624877929688,580.5592651367188,163.899169921875
2024-11-15,141.93138122558594,411.1380920410156,223.98696899414062,171.73265075683594,552.34326171875,320.7200012207031,163.2389678955078,181.9304656982422,83.43645477294922,902.361328125,165.17601013183594,59.51923751831055,240.2246856689453,307.4562683105469,518.9086303710938,470.2799987792969,740.6754150390625,148.23655700683594,579.6587524414062,159.41590881347656
2024-11-18,140.1020050048828,411.8910217285156,226.9933624267578,174.5303192138672,552.6622314453125,338.739990234375,164.06092834472656,183.90087890625,83.26809692382812,914.73681640625,166.3549041748047,59.634918212890625,239.95050048828125,309.95849609375,518.6500244140625,472.20001220703125,721.8161010742188,148.9777374267578,577.133544921875,160.66232299804688
2024-11-19,146.9596710205078,413.90216064453125,227.252197265625,177.3379364013672,559.3312377929688,346.0,163.74404907226562,187.03964233398438,85.76375579833984,925.3215942382812,166.3646240234375,60.338661193847656,238.05072021484375,309.65069580078125,516.4924926757812,468.8599853515625,724.3272705078125,147.27395629882812,564.7520141601562,160.94253540039062
2024-11-20,145.84005737304688,411.6235046386719,227.9689483642578,175.2073211669922,563.7473754882812,342.0299987792969,161.66444396972656,188.8714141845703,86.33815002441406,923.2623291015625,166.49127197265625,60.72427749633789,235.78858947753906,305.2221374511719,509.6119689941406,468.8299865722656,747.8319702148438,147.37985229492188,587.753173828125,162.09231567382812
2024-11-21,146.6197967529297,409.84661865234375,227.49111938476562,166.8939971923828,561.3250122070312,339.6400146484375,162.3477325439453,190.53488159179688,87.5364761352539,950.6891479492188,168.30340576171875,61.466575622558594,239.68609619140625,307.7144470214844,512.1573486328125,472.05999755859375,744.3678588867188,149.68038940429688,584.8070678710938,165.92822265625
2024-11-22,141.90139770507812,413.9463806152344,228.8350372314453,164.03659057617188,557.3873901367188,352.55999755859375,162.63490295410156,190.39625549316406,89.56668853759766,959.0057983398438,171.74253845214844,61.62082290649414,243.3975372314453,307.73431396484375,517.8844604492188,476.57000732421875,742.4720458984375,149.3627471923828,578.32763671875,170.9718475341797
2024-11-25,135.9734344482422,415.7232971191406,231.82151794433594,166.9138946533203,563.338623046875,338.5899963378906,163.2191925048828,186.13861083984375,88.6357650756836,955.9019775390625,172.82395935058594,62.064273834228516,245.10145568847656,310.9812316894531,523.5916137695312,477.42999267578125,749.4102783203125,149.94992065429688,592.9700927734375,171.07814025878906
2024-11-26,136.87313842773438,424.8559265136719,234.00167846679688,168.37744140625,571.7421875,338.2300109863281,163.1399688720703,188.4951629638672,90.42827606201172,966.4568481445312,174.6945343017578,62.22816467285156,244.7880859375,309.62091064453125,525.4609375,478.55999755859375,783.4761962890625,149.93051147460938,593.90966796875,175.0203094482422
2024-11-27,135.2936553955078,419.8925476074219,233.8722381591797,168.48696899414062,567.4158935546875,332.8900146484375,158.1192169189453,180.90069580078125,90.9927749633789,956.5585327148438,174.74327087402344,62.11248016357422,244.61180114746094,312.4805603027344,529.3386840820312,483.0799865722656,782.3545532226562,150.7843780517578,595.4659423828125,176.89476013183594
2024-11-29,138.2026824951172,420.3591003417969,236.26144409179688,168.20819091796875,572.519775390625,345.1600036621094,160.5058135986328,183.01962280273438,91.60678100585938,966.8349609375,174.6458282470703,62.24361038208008,244.54327392578125,312.85791015625,529.8955078125,483.0199890136719,789.4614868164062,150.4059600830078,597.247314453125,176.7498016357422
2024-12-02,138.58253479003906,427.8240661621094,238.51124572753906,170.73704528808594,590.9718017578125,357.0899963378906,164.89276123046875,179.6234130859375,91.74543762207031,969.938720703125,175.0745086669922,61.82593536376953,241.1452178955078,314.41680908203125,528.3245239257812,477.3299865722656,793.8785400390625,150.20220947265625,595.6029663085938,175.6290283203125
2024-12-03,140.2119903564453,428.04241943359375,241.5574951171875,170.5876922607422,611.7265014648438,351.4200134277344,166.516845703125,181.0888214111328,92.60704040527344,977.0516357421875,170.90467834472656,61.69966125488281,239.74485778808594,310.802490234375,523.174072265625,470.19000244140625,807.308349609375,147.8346710205078,592.3827514648438,175.36813354492188
2024-12-04,145.09033203125,434.2168884277344,241.91587829589844,173.60438537597656,611.8560791015625,357.92999267578125,168.9034423828125,186.3366241455078,93.5379638671875,985.7760009765625,170.60267639160156,60.42720031738281,238.35427856445312,307.7144470214844,518.1629028320312,468.32000732421875,823.6961669921875,146.00082397460938,597.8247680664062,170.49839782714844
2024-12-05,145.0203399658203,439.3787841796875,241.9457244873047,171.8820037841797,607.0213623046875,369.489990234375,168.81430053710938,184.40585327148438,94.37974548339844,977.1610107421875,171.49896240234375,61.116851806640625,240.39117431640625,306.90020751953125,521.772216796875,470.57000732421875,819.5073852539062,145.0790252685547,566.6801147460938,170.2181854248047
2024-12-06,142.4010467529297,440.32183837890625,241.7466278076172,173.9429168701172,621.8148193359375,389.2200012207031,177.78631591796875,189.80218505859375,94.77588653564453,987.457275390625,169.3458709716797,60.7380256652832,242.23220825195312,308.8166198730469,525.5504150390625,470.5,820.58935546875,144.87525939941406,537.9532470703125,170.23753356933594
2024-12-09,138.77203369140625,442.7538757324219,245.63902282714844,174.80010986328125,611.646728515625,389.7900085449219,177.20204162597656,188.57437133789062,92.9239501953125,982.7318725585938,166.3938446044922,60.80602264404297,238.75576782226562,306.1257019042969,519.8333129882812,463.8699951171875,797.630615234375,145.1566619873047,550.8243408203125,170.60472106933594
2024-12-10,135.03306579589844,440.0835876464844,246.65444946289062,184.56826782226562,617.3787841796875,400.989990234375,170.14129638671875,175.98953247070312,93.63699340820312,988.2432250976562,167.8455047607422,61.10713577270508,237.8254852294922,310.17694091796875,525.9879150390625,462.489990234375,793.66015625,144.79763793945312,555.3145141601562,169.73509216308594
2024-12-11,139.2718963623047,445.7021484375,245.38021850585938,194.76502990722656,630.6968383789062,424.7699890136719,181.420654296875,176.82127380371094,94.04302978515625,989.5265502929688,166.2379913330078,60.844879150390625,238.48158264160156,311.5770263671875,531.3968505859375,461.3900146484375,790.136474609375,142.28457641601562,524.2077026367188,168.47901916503906
2024-12-12,137.3024444580078,446.2679748535156,246.8435821533203,191.33621215820312,628.812744140625,418.1000061035156,178.90533447265625,173.59339904785156,93.18143463134766,983.2592163085938,166.45230102539062,62.01049041748047,236.52305603027344,312.013916015625,529.3684692382812,458.6300048828125,776.5578002929688,141.89645385742188,506.7481384277344,167.33889770507812
2024-12-13,134.21328735351562,443.9947204589844,247.0128173828125,189.20315551757812,618.405517578125,436.2300109863281,222.6166229248047,171.68238830566406,93.54669952392578,984.2142944335938,166.65689086914062,61.311119079589844,234.96600341796875,312.5202941894531,525.97802734375,457.8999938964844,783.2776489257812,142.26516723632812,511.3856201171875,167.51278686523438
2024-12-16,131.96388244628906,448.2830810546875,249.9097137451172,196.02093505859375,622.7852783203125,463.0199890136719,247.57186889648438,169.5436553955078,94.16207122802734,987.7160034179688,166.73484802246094,60.75745391845703,234.61346435546875,313.6622314453125,527.2804565429688,455.20001220703125,773.2325439453125,139.57745361328125,489.78973388671875,165.8315887451172
2024-12-17,130.35433959960938,451.1320495605469,252.33872985839844,194.7849578857422,617.9964599609375,479.8599853515625,237.8967742919922,168.0386505126953,94.70796966552734,976.9819946289062,165.94569396972656,61.583099365234375,233.4187774658203,316.05517578125,527.9764404296875,455.6600036621094,772.8554077148438,142.0614013671875,477.0365295410156,169.45489501953125
2024-12-18,128.874755859375,434.1871337890625,246.9331817626953,187.7877655029297,595.7982788085938,440.1300048828125,221.44808959960938,163.78099060058594,92.85192108154297,959.73193359375,164.7278594970703,61.048858642578125,225.59437561035156,307.59527587890625,516.9896240234375,446.5899963378906,759.0484008789062,140.45069885253906,490.9884338378906,167.17462158203125
2024-12-19,130.6442413330078,433.8297119140625,248.66534423828125,187.8974151611328,594.18212890625,436.1700134277344,216.1995849609375,167.127685546875,92.70304107666016,949.8435668945312,164.83505249023438,60.66032028198242,228.13070678710938,312.6593322753906,520.2907104492188,449.3399963378906,751.9314575195312,139.3154754638672,480.70135498046875,165.7252960205078
2024-12-20,134.6631622314453,433.4029235839844,253.3441925048828,190.78799438476562,583.8861694335938,421.05999755859375,218.6455535888672,167.9891357421875,91.55168914794922,949.1173706054688,163.73411560058594,60.75745391845703,232.67453002929688,315.4693603515625,525.0135498046875,453.20001220703125,762.0758056640625,140.17901611328125,491.3912658691406,169.6481475830078
2024-12-23,139.63180541992188,432.0627746582031,254.1206817626953,193.99754333496094,598.4520874023438,430.6000061035156,230.70980834960938,167.47422790527344,89.67578887939453,944.9789428710938,163.78285217285156,60.59232711791992,233.44815063476562,314.9828186035156,525.9382934570312,454.3500061035156,790.3846435546875,140.95526123046875,497.49273681640625,172.3632049560547
2024-12-24,140.18165588378906,436.11285400390625,257.0375061035156,195.47271728515625,606.3336791992188,462.2799987792969,237.98805236816406,169.72189331054688,91.98841094970703,953.8427734375,164.5914764404297,61.039146423339844,237.28688049316406,318.38861083984375,532.649658203125,458.6600036621094,789.7791137695312,141.5180206298828,497.2569580078125,173.91880798339844
2024-12-26,139.89173889160156,434.9018249511719,257.853759765625,194.96438598632812,601.9439697265625,454.1300048828125,243.6279754638672,169.98922729492188,92.09758758544922,951.1766357421875,165.7800750732422,60.77688217163086,238.09967041015625,318.64678955078125,533.087158203125,459.0799865722656,788.2604370117188,141.2560577392578,502.2187194824219,173.14584350585938
2024-12-27,136.9725341796875,427.3773193359375,254.439208984375,192.1335906982422,598.4121704101562,431.6600036621094,240.04344177246094,167.2960205078125,90.97602081298828,934.822021484375,165.16629028320312,60.66032028198242,236.17051696777344,316.4126281738281,529.15966796875,456.510009765625,777.3716430664062,140.74179077148438,501.0789794921875,171.9960479736328
2024-12-30,137.452392578125,421.71905517578125,251.0644989013672,190.61856079101562,589.8621215820312,417.4100036621094,233.91700744628906,165.26622009277344,89.89414978027344,917.4227294921875,162.78909301757812,60.252357482910156,234.35887145996094,313.0862731933594,522.5477294921875,452.1600036621094,768.11083984375,139.08258056640625,498.92724609375,170.2471923828125
2024-12-31,134.25328063964844,418.4134521484375,249.29251098632812,188.6848602294922,584.1455688476562,403.8399963378906,230.20339965820312,164.99887084960938,89.67578887939453,911.513671875,163.3346710205078,60.475765228271484,234.74078369140625,313.8111267089844,523.5618286132812,453.2799987792969,766.2843017578125,140.32456970214844,497.0211486816406,171.696533203125
2025-01-02,138.2721710205078,415.51483154296875,242.75209045410156,188.81442260742188,597.8435668945312,379.2799987792969,230.3424072265625,164.39488220214844,89.32839965820312,905.0870971679688,161.70765686035156,60.06780242919922,235.02474975585938,312.1827392578125,519.4157104492188,451.1000061035156,772.3094482421875,139.7423858642578,495.6947326660156,173.3777313232422
2025-01-03,144.4304962158203,420.2498779296875,242.26431274414062,191.166748046875,603.2210083007812,410.44000244140625,230.90838623046875,164.68202209472656,90.10258483886719,911.822021484375,160.87954711914062,59.98038101196289,238.23678588867188,312.6891174316406,518.381591796875,453.55999755859375,776.1904907226562,139.90733337402344,504.0364074707031,175.0975799560547
2025-01-06,149.38912963867188,424.7169494628906,243.89691162109375,196.23025512695312,628.7313842773438,411.04998779296875,234.74114990234375,164.0582275390625,90.74773406982422,917.9201049804688,156.4661407470703,59.06732177734375,237.0752716064453,310.8323059082031,509.0054931640625,451.4100036621094,759.4354858398438,139.39308166503906,504.6946716308594,174.0154571533203
2025-01-07,140.10166931152344,419.2770690917969,241.11949157714844,194.854736328125,616.4500732421875,394.3599853515625,227.02598571777344,160.4342803955078,90.13236236572266,916.5870971679688,157.14813232421875,59.096458435058594,239.35890197753906,309.47198486328125,508.4784851074219,452.9200134277344,767.5648193359375,141.88673400878906,505.2645568847656,173.4646759033203
2025-01-08,140.0717010498047,421.4510192871094,241.60728454589844,193.3197479248047,609.2967529296875,394.94000244140625,227.69125366210938,161.5333251953125,91.11497497558594,922.5559692382812,157.92752075195312,59.9415283203125,239.3195343017578,310.3953857421875,513.4500122070312,451.8399963378906,781.3916625976562,138.0443572998047,515.3551635742188,172.469482421875
2025-01-10,135.8728485107422,415.8821105957031,235.78363037109375,191.41592407226562,614.4247436523438,394.739990234375,222.72654724121094,153.3544158935547,92.30602264404297,932.0762939453125,154.47865295410156,59.31986999511719,236.11061096191406,305.53985595703125,502.5265197753906,442.6600036621094,793.9779052734375,137.84059143066406,511.592041015625,169.25198364257812
2025-01-13,133.19357299804688,414.135009765625,233.3446502685547,190.38929748535156,606.912353515625,403.30999755859375,223.69964599609375,152.7787322998047,90.84699249267578,919.8998413085938,154.75144958496094,59.88324737548828,240.38262939453125,304.7554931640625,502.7655334472656,443.9100036621094,791.5757446289062,140.17901611328125,531.6846923828125,170.76895141601562
2025-01-14,131.72396850585938,412.62615966796875,232.22967529296875,189.04367065429688,592.8651123046875,396.3599853515625,223.11380004882812,155.15101623535156,90.11251831054688,912.4685668945312,155.62828063964844,60.2620735168457,243.5915069580078,306.9101257324219,506.8580627441406,450.0299987792969,739.3949584960938,140.45069885253906,534.2392578125,169.61917114257812
2025-01-15,136.2027587890625,423.1882019042969,236.79901123046875,194.91453552246094,615.681884765625,428.2200012207031,226.39051818847656,157.1361846923828,90.65840911865234,918.7060546875,155.5406036376953,59.99980545043945,248.39503479003906,314.0494079589844,520.13134765625,458.510009765625,741.21142578125,140.66416931152344,533.9248657226562,167.122314453125
2025-01-16,133.53347778320312,421.4708557128906,227.23228454589844,192.28311157226562,609.8754272460938,413.82000732421875,227.79055786132812,158.3570556640625,90.61870574951172,914.9755859375,156.36871337890625,60.4660530090332,250.28494262695312,315.0126037597656,520.9180908203125,462.80999755859375,751.990966796875,143.3810272216797,501.66851806640625,169.41433715820312
2025-01-17,137.67234802246094,425.8883056640625,228.94451904296875,195.3630828857422,611.342041015625,426.5,235.76388549804688,159.8360137939453,91.25393676757812,938.2938842773438,156.98251342773438,60.91286849975586,255.09829711914062,317.3658752441406,522.4714965820312,467.95001220703125,720.3470458984375,142.66299438476562,500.8529968261719,167.32713317871094
2025-01-21,140.79148864746094,425.3622131347656,221.6375732421875,197.4064178466797,615.0234375,424.07000732421875,238.6136016845703,171.29046630859375,92.38542175292969,942.8102416992188,157.55731201171875,60.63117980957031,258.9076232910156,321.34759521484375,525.817138671875,468.57000732421875,736.8538818359375,143.7497100830078,515.81689453125,168.35122680664062
2025-01-22,147.02980041503906,442.9325866699219,222.82223510742188,197.72537231445312,622.0469970703125,415.1099853515625,239.20936584472656,182.85406494140625,92.53430938720703,939.7960205078125,160.4995880126953,60.009521484375,258.7206115722656,321.278076171875,524.94091796875,460.510009765625,748.3977661132812,140.95526123046875,510.638916015625,165.02536010742188
2025-01-23,147.17974853515625,443.4388122558594,222.6529998779297,197.33665466308594,634.966796875,412.3800048828125,238.5838165283203,185.08738708496094,93.10997009277344,937.2692260742188,161.873291015625,59.76668167114258,261.7818908691406,325.8952941894531,531.950927734375,459.8299865722656,760.9243774414062,142.28457641601562,520.513427734375,166.45909118652344
2025-01-24,142.58099365234375,440.8082580566406,221.77694702148438,199.5594024658203,645.9810791015625,406.5799865722656,242.9726104736328,182.23867797851562,94.05288696289062,934.8020629882812,160.8705291748047,60.145511627197266,260.6893005371094,327.8712463378906,531.2240600585938,463.19000244140625,779.5950317382812,142.459228515625,523.2055053710938,166.09823608398438
2025-01-27,118.38761138916016,431.3778076171875,228.82508850097656,191.18670654296875,658.3422241210938,397.1499938964844,200.70314025878906,157.1063995361328,96.67318725585938,960.2393188476562,166.3008575439453,62.03962326049805,261.6834411621094,332.1806640625,545.3140258789062,474.70001220703125,802.1865844726562,148.3489227294922,534.0231323242188,172.53536987304688
2025-01-28,128.95472717285156,443.9252624511719,237.187255859375,194.6653594970703,672.7586059570312,398.0899963378906,205.89620971679688,162.78399658203125,96.56401062011719,953.6934814453125,162.89955139160156,60.57290267944336,262.9532470703125,332.12109375,545.0352172851562,469.9700012207031,799.0301513671875,145.91348266601562,533.001220703125,170.49693298339844
2025-01-29,123.66616821289062,439.09088134765625,238.28231811523438,194.77499389648438,674.9134521484375,389.1000061035156,204.89334106445312,160.8186798095703,96.7724380493164,959.0157470703125,162.9387664794922,61.02943420410156,262.4019775390625,333.5111999511719,546.4691162109375,469.260009765625,798.126953125,146.66061401367188,528.6978149414062,170.9358367919922
2025-01-30,124.61592102050781,411.95111083984375,236.52027893066406,200.21725463867188,685.3989868164062,400.2799987792969,214.13763427734375,169.11669921875,97.91386413574219,973.9279174804688,164.09539794921875,62.214473724365234,264.0261535644531,340.630615234375,563.6060791015625,472.3500061035156,817.1350708007812,148.3295135498047,536.0372924804688,171.3162078857422
2025-01-31,120.03717041015625,412.0205993652344,234.93743896484375,203.35702514648438,687.573974609375,404.6000061035156,219.70802307128906,168.799072265625,97.42752075195312,974.7933959960938,162.70350646972656,61.660804748535156,263.1107177734375,339.38946533203125,553.0709228515625,468.6700134277344,805.0750732421875,147.6309051513672,533.0111083984375,179.3626708984375
2025-02-03,116.62810516357422,407.9109802246094,226.98341369628906,200.57608032226562,695.8345947265625,383.67999267578125,216.1929931640625,167.3498992919922,98.7972183227539,1000.6087036132812,165.4186553955078,61.53452682495117,262.6283874511719,343.3811340332031,561.5547485351562,464.6099853515625,804.4298706054688,147.35923767089844,538.6016845703125,185.44871520996094
2025-02-04,118.6175537109375,409.3503112792969,231.75184631347656,205.7093505859375,702.5489501953125,392.2099914550781,220.8598175048828,166.64515686035156,100.0180435180664,1016.5554809570312,164.80116271972656,60.87401580810547,263.74072265625,342.7158508300781,556.7352905273438,467.489990234375,819.9540405273438,148.9311065673828,535.91943359375,185.26339721679688
2025-02-05,124.79586791992188,410.2635803222656,231.42333984375,190.70826721191406,703.2273559570312,378.1700134277344,230.36227416992188,170.38720703125,101.69541931152344,1037.46630859375,165.66371154785156,61.311119079589844,266.191650390625,346.9755554199219,563.884765625,473.7300109863281,835.94482421875,150.095458984375,530.3779296875,187.01898193359375
2025-02-06,128.6448211669922,412.7750244140625,232.16995239257812,190.97738647460938,710.3307495117188,374.32000732421875,229.72679138183594,171.07208251953125,102.08251953125,1045.5343017578125,165.5363006591797,61.544246673583984,272.5602722167969,345.0294189453125,564.7510986328125,477.2200012207031,863.9261474609375,148.95053100585938,520.7786865234375,188.2089080810547
2025-02-07,129.80447387695312,406.7494812011719,226.60513305664062,184.73770141601562,712.8548583984375,361.6199951171875,223.28260803222656,173.1664276123047,100.39520263671875,1039.538818359375,164.64431762695312,62.01049041748047,271.4775085449219,345.5655822753906,560.35986328125,472.739990234375,871.8073120117188,148.5720977783203,517.8213500976562,185.89736938476562
2025-02-10,133.53347778320312,409.201416015625,226.8741912841797,185.86404418945312,715.7281494140625,350.7300109863281,233.38079833984375,177.59336853027344,102.1520004272461,1057.57470703125,164.21302795410156,62.70014190673828,266.7921447753906,348.75299072265625,563.0881958007812,470.1700134277344,862.4472045898438,149.65884399414062,524.0504760742188,185.6437530517578
2025-02-11,132.76370239257812,408.4271240234375,231.8272705078125,184.71778869628906,718.12255859375,328.5,233.38079833984375,175.87619018554688,101.70535278320312,1054.00927734375,166.0753936767578,65.66273498535156,270.68017578125,348.83251953125,562.3016357421875,472.6099853515625,858.5958251953125,151.49269104003906,524.5908203125,187.09701538085938
2025-02-12,131.10414123535156,406.044677734375,236.06277465820312,183.01333618164062,723.6895751953125,336.510009765625,234.68157958984375,170.94305419921875,102.83684539794922,1060.7615966796875,166.22242736816406,66.74092864990234,271.1330261230469,349.598388671875,562.2019653320312,471.7300109863281,866.5068359375,150.64852905273438,518.184814453125,188.2381591796875
2025-02-13,135.25299072265625,407.53369140625,240.7069091796875,185.5351104736328,726.8621826171875,355.94000244140625,234.1354522705078,172.5708770751953,104.26610565185547,1072.45361328125,167.63392639160156,67.50828552246094,271.9893798828125,353.71612548828125,563.9047241210938,480.489990234375,865.405029296875,152.57945251464844,521.898681640625,188.67706298828125
2025-02-14,138.81202697753906,405.43914794921875,243.7664337158203,184.62808227539062,734.9531860351562,355.8399963378906,231.39491271972656,172.86866760253906,103.26364135742188,1067.464111328125,159.66488647460938,66.89634704589844,272.255126953125,351.9058837890625,562.361328125,479.5899963378906,839.4636840820312,151.51210021972656,514.36279296875,188.11135864257812
2025-02-18,139.36187744140625,406.6402893066406,243.6368865966797,183.17283630371094,714.7005615234375,354.1099853515625,226.916748046875,178.4668426513672,103.00557708740234,1051.7088623046875,162.15460205078125,67.07118225097656,275.5625,354.8102111816406,566.1949462890625,482.82000732421875,852.3200073242188,151.59034729003906,491.9808044433594,191.407958984375
2025-02-19,139.1919403076172,411.73272705078125,244.03550720214844,184.66795349121094,702.1299438476562,360.55999755859375,227.1153564453125,180.17410278320312,103.22393798828125,1058.1922607421875,163.19361877441406,68.06194305419922,274.8734436035156,353.3182678222656,566.08544921875,483.7699890136719,862.1139526367188,154.42674255371094,502.11065673828125,192.48081970214844
2025-02-20,140.0717010498047,413.91107177734375,244.99224853515625,183.9602508544922,693.220703125,354.3999938964844,225.13941955566406,174.6950225830078,96.48460388183594,1030.5955810546875,163.8993682861328,68.03280639648438,262.6185607910156,348.603759765625,560.8876953125,481.79998779296875,868.1494140625,156.17745971679688,493.6412658691406,195.92373657226562
2025-02-21,134.3932342529297,406.03326416015625,244.71319580078125,179.076171875,681.95703125,337.79998779296875,217.116455078125,166.5657501220703,94.07273864746094,1030.7947998046875,166.8595733642578,69.30526733398438,260.0986633300781,346.654296875,555.14208984375,478.739990234375,868.7062377929688,158.74000549316406,458.2702941894531,197.0941162109375
2025-02-24,130.244384765625,401.8457336425781,246.25791931152344,178.66751098632812,666.572998046875,330.5299987792969,206.46218872070312,168.69981384277344,92.97101593017578,1031.3624267578125,167.16342163085938,68.5670394897461,257.244140625,347.9771423339844,556.6257934570312,498.4200134277344,876.3822021484375,160.14842224121094,453.4559020996094,199.04476928710938
2025-02-25,126.59537506103516,395.7782287597656,246.1981201171875,174.84994506835938,655.9677734375,302.79998779296875,201.1102294921875,167.2903289794922,96.96102905273438,1051.34033203125,169.23165893554688,69.4412612915039,253.3658905029297,350.19512939453125,561.6343994140625,499.82000732421875,896.666015625,162.44686889648438,462.1611022949219,199.10328674316406
2025-02-26,131.24411010742188,397.5985107421875,239.54087829589844,172.16868591308594,672.1300659179688,290.79998779296875,211.4368133544922,171.19119262695312,95.48213195800781,1027.747314453125,167.90838623046875,68.77102661132812,254.7340850830078,348.7430114746094,558.8861694335938,494.1000061035156,909.8009643554688,159.50291442871094,455.4897155761719,198.0011749267578
2025-02-27,120.11714935302734,390.4369201660156,236.49131774902344,167.9524383544922,656.7060546875,281.95001220703125,196.40370178222656,163.53836059570312,96.06774139404297,1017.529296875,168.56512451171875,68.83901977539062,254.989990234375,353.8255310058594,562.4210815429688,502.4100036621094,900.0069580078125,160.13864135742188,460.3728942871094,199.96157836914062
2025-02-28,124.8858413696289,394.87310791015625,241.01583862304688,169.72665405273438,666.6428833007812,292.9800109863281,198.02220153808594,164.82872009277344,97.87415313720703,1044.3192138671875,170.39808654785156,69.16928100585938,260.50225830078125,360.75799560546875,573.8622436523438,513.8300170898438,915.388916015625,161.4003448486328,466.6610412597656,203.8726348876953
2025-03-03,114.02880859375,386.4184265136719,237.21881103515625,166.46726989746094,653.5234985351562,284.6499938964844,186.0473175048828,160.8186798095703,96.86176300048828,1042.56640625,172.11343383789062,70.24746704101562,256.5354309082031,359.8727722167969,572.4781494140625,510.0799865722656,924.4271240234375,163.61077880859375,458.8892822265625,206.26219177246094
2025-03-04,115.95829010009766,386.53778076171875,235.1259765625,170.3645782470703,638.508544921875,272.0400085449219,186.1565399169922,156.3024139404297,94.26132202148438,1032.627197265625,169.7511444091797,68.17850494384766,246.3279571533203,350.3343811035156,552.7125244140625,495.8599853515625,905.8733520507812,161.79156494140625,466.3171691894531,202.6339569091797
2025-03-05,117.26792907714844,398.8816223144531,234.93663024902344,172.457763671875,654.9401245117188,279.1000061035156,190.2276153564453,160.36209106445312,95.26378631591797,1043.4627685546875,171.15284729003906,68.07166290283203,247.587890625,350.781982421875,555.9287719726562,498.5,924.4271240234375,161.49813842773438,467.66326904296875,206.32070922851562
2025-03-06,110.53976440429688,394.773681640625,234.5280303955078,171.78994750976562,626.4666137695312,263.45001220703125,178.1832275390625,149.8208465576172,93.93378448486328,1022.4192504882812,171.2018585205078,68.4407730102539,242.6760711669922,342.3078308105469,547.4848022460938,497.8399963378906,907.563720703125,162.1925811767578,479.1981201171875,205.5502166748047
2025-03-07,112.65919494628906,391.2127380371094,238.2552947998047,173.29502868652344,624.201904296875,262.6700134277344,193.583740234375,154.00953674316406,91.03557586669922,960.3641357421875,172.46630859375,69.38296508789062,238.4828643798828,343.4615783691406,544.44775390625,495.6199951171875,864.6295166015625,163.03372192382812,484.8574523925781,209.0028533935547
2025-03-10,106.95074462890625,378.13287353515625,226.70477294921875,165.52139282226562,596.596435546875,222.14999389648438,183.14793395996094,147.68678283691406,87.1646728515625,930.5864868164062,172.77017211914062,69.40239715576172,228.5805206298828,339.6422424316406,534.8386840820312,497.1000061035156,825.0362548828125,164.02154541015625,473.8456115722656,211.31439208984375
2025-03-11,108.73025512695312,378.42132568359375,220.08741760253906,163.6952362060547,604.2984619140625,230.5800018310547,188.74810791015625,143.11094665527344,86.78751373291016,926.6825561523438,169.6923370361328,69.004150390625,225.54879760742188,330.3525390625,523.5667724609375,496.25,819.36865234375,162.22190856933594,479.5883483886719,208.32012939453125
2025-03-12,115.718994140625,381.2262878417969,216.2405548095703,166.7587890625,618.1162109375,248.08999633789062,192.85890197753906,149.7711944580078,84.56421661376953,923.2864990234375,165.036376953125,67.93567657470703,224.3282012939453,331.04876708984375,522.4117431640625,495.94000244140625,817.1812133789062,159.27793884277344,474.7237548828125,206.82786560058594
2025-03-13,115.55902862548828,376.750244140625,208.96543884277344,162.41793823242188,589.2636108398438,240.67999267578125,190.0091552734375,146.56515502929688,83.86944580078125,886.9757690429688,165.2520294189453,67.62484741210938,221.66070556640625,326.7818298339844,517.6221923828125,504.25,797.0863037109375,159.41488647460938,475.1283264160156,206.33045959472656
2025-03-14,121.64791870117188,386.4880676269531,212.76246643066406,165.14219665527344,606.7233276367188,249.97999572753906,194.15963745117188,148.1632080078125,84.71310424804688,900.2213134765625,164.64431762695312,67.67377471923828,228.7970733642578,330.0143127441406,525.3989868164062,514.5999755859375,808.8489379882812,159.2388153076172,482.1636962890625,206.5450439453125
2025-03-17,119.50830841064453,386.6273193359375,213.27072143554688,163.9447021484375,604.0272827148438,238.00999450683594,193.1269989013672,152.86805725097656,86.80735778808594,912.8593139648438,166.39886474609375,68.61314392089844,230.2637176513672,332.7495422363281,529.73046875,523.010009765625,820.064697265625,159.26815795898438,492.39605712890625,209.17843627929688
2025-03-18,115.4090576171875,381.47491455078125,211.96517944335938,160.3323211669922,581.5197143554688,225.30999755859375,187.33815002441406,148.3418731689453,84.9513168334961,894.375244140625,164.3894805908203,67.88904571533203,231.28741455078125,332.9683532714844,527.9381103515625,523.1400146484375,817.8275146484375,160.64723205566406,497.11260986328125,208.57371520996094
2025-03-19,117.49867248535156,385.7520446777344,214.50648498535156,163.54556274414062,583.2173461914062,235.86000061035156,194.189453125,151.31964111328125,85.68579864501953,900.3507690429688,165.23243713378906,67.79119110107422,235.36253356933594,338.0409240722656,533.8131103515625,525.27001953125,832.2449951171875,159.41488647460938,496.52056884765625,207.01319885253906
2025-03-20,118.50848388671875,384.7772216796875,213.37039184570312,162.45785522460938,585.1544799804688,236.25999450683594,189.76744079589844,151.58763122558594,85.16967010498047,891.7361450195312,164.23263549804688,68.21195220947266,235.2641143798828,337.67291259765625,534.1018676757812,528.72998046875,837.7733764648438,159.4442138671875,504.5130310058594,206.73036193847656
2025-03-21,117.67863464355469,389.1736755371094,217.5261688232422,163.64535522460938,595.3897094726562,248.7100067138672,190.88290405273438,151.10125732421875,85.57276153564453,905.5394287109375,163.38966369628906,67.19429779052734,237.84304809570312,333.8536071777344,533.414794921875,521.9099731445312,832.8017578125,160.0408477783203,509.9893493652344,204.82846069335938
2025-03-24,121.38796997070312,390.98394775390625,219.977783203125,167.3275909423828,617.9570922851562,278.3900146484375,190.4745635986328,153.7216796875,87.07559967041016,922.250732421875,162.37025451660156,67.4682846069336,244.17227172851562,342.0194091796875,541.36083984375,525.8499755859375,859.9761962890625,159.70826721191406,509.64404296875,204.00918579101562
2025-03-25,120.66809844970703,393.0528869628906,222.9875030517578,170.2015380859375,625.4063720703125,288.1400146484375,187.49667358398438,152.7886505126953,84.35852813720703,926.4534912109375,159.6256866455078,67.33128356933594,247.19415283203125,342.765380859375,542.8445434570312,528.8699951171875,847.4976196289062,157.4880828857422,506.61474609375,196.3723907470703
2025-03-26,113.7393569946289,387.89056396484375,220.77503967285156,164.7130889892578,610.0984497070312,272.05999755859375,178.5431365966797,146.70411682128906,84.806396484375,925.945556640625,163.28182983398438,68.51528930664062,247.09573364257812,342.3277282714844,546.7379760742188,533.2100219726562,822.0533447265625,158.1727294921875,511.3214416503906,196.33335876464844
2025-03-27,111.40978240966797,388.4972839355469,223.08714294433594,161.89903259277344,601.7105712890625,273.1300048828125,171.29266357421875,144.69908142089844,85.22441101074219,934.9087524414062,165.3696746826172,69.21981048583984,244.2313232421875,347.9771423339844,555.201904296875,534.52001953125,816.9923095703125,159.5518035888672,508.8743591308594,197.71832275390625
2025-03-28,109.65010070800781,376.78009033203125,217.1574249267578,154.0056610107422,575.9078369140625,263.54998779296875,168.43429565429688,139.8254852294922,84.7466812133789,925.8558959960938,164.703125,68.85777282714844,239.04393005371094,341.0048828125,538.3138427734375,526.3099975585938,817.8275146484375,160.1190948486328,509.1900939941406,200.22491455078125
2025-03-31,108.3603286743164,373.3883056640625,221.37301635742188,154.31500244140625,575.5284423828125,259.1600036621094,166.75112915039062,138.77334594726562,87.37418365478516,941.9100341796875,167.04580688476562,70.0809097290039,241.45553588867188,348.57391357421875,545.7920532226562,532.5800170898438,821.2081298828125,162.20236206054688,516.7977905273438,204.35057067871094
2025-04-01,110.13001251220703,380.15203857421875,222.4293975830078,156.73989868164062,585.1544799804688,268.4599914550781,167.83673095703125,140.8875732421875,88.40925598144531,950.4947509765625,167.1830291748047,70.32553100585938,239.84121704101562,344.4860534667969,546.1803588867188,532.989990234375,800.6458740234375,149.88851928710938,516.1761474609375,201.1807403564453
2025-04-02,110.39995574951172,380.1023254394531,223.12701416015625,156.70994567871094,583.0874633789062,282.760009765625,171.39224243164062,144.77850341796875,89.33484649658203,961.1310424804688,166.14402770996094,69.79713439941406,241.96739196777344,344.46612548828125,545.0551147460938,537.719970703125,813.5618896484375,151.9522247314453,516.255126953125,200.1273956298828
2025-04-03,101.78153228759766,371.12042236328125,202.49755859375,150.4032440185547,530.8529663085938,267.2799987792969,153.3855438232422,136.21249389648438,86.84669494628906,963.1228637695312,168.976806640625,71.60738372802734,225.1058349609375,337.5635070800781,528.2965698242188,530.1599731445312,784.5977783203125,156.3144073486328,533.2662353515625,196.66497802734375
2025-04-04,94.29288482666016,357.9212341308594,187.738037109375,145.29400634765625,504.00177001953125,239.42999267578125,145.6968536376953,127.31892395019531,82.79597473144531,912.7298583984375,160.50787353515625,68.4272232055664,208.25929260253906,311.44482421875,487.6898193359375,493.5400085449219,734.0074462890625,149.87875366210938,518.08056640625,182.34716796875
2025-04-07,97.62227630615234,355.9517822265625,180.84161376953125,146.4415740966797,515.505126953125,233.2899932861328,153.51502990722656,126.21715545654297,83.43293762207031,904.4140014648438,157.05755615234375,66.90074920654297,212.37933349609375,310.63922119140625,483.4578552246094,490.3800048828125,719.6098022460938,147.3162078857422,517.7351684570312,181.94729614257812
2025-04-08,96.28252410888672,352.66937255859375,171.83241271972656,144.39588928222656,509.7135314941406,221.86000061035156,155.39736938476562,123.57687377929688,81.40260314941406,905.031494140625,155.2539825439453,66.94966888427734,214.7859649658203,306.6109619140625,477.8816833496094,492.6400146484375,722.1055297851562,146.7097930908203,545.7384643554688,171.33572387695312
2025-04-09,114.30925750732422,388.4077453613281,198.17234802246094,158.37644958496094,584.9248657226562,272.20001220703125,184.3992919921875,138.65426635742188,89.17560577392578,961.2406005859375,159.10618591308594,68.44678497314453,232.0880889892578,330.6409606933594,514.0548706054688,521.4099731445312,749.419189453125,147.6585235595703,570.8209838867188,175.40283203125
2025-04-10,107.55047607421875,379.3165283203125,189.77108764648438,152.4988250732422,545.5018310546875,252.39999389648438,171.6013946533203,132.8367462158203,90.18082427978516,960.3641357421875,160.32162475585938,69.23938751220703,224.92758178710938,322.863037109375,498.0078125,515.8099975585938,716.805908203125,145.42852783203125,586.510009765625,169.90199279785156
2025-04-11,110.90986633300781,386.3786926269531,197.47471618652344,156.80975341796875,542.7857666015625,252.30999755859375,181.2023162841797,131.840576171875,92.36045837402344,959.4678344726562,163.6053009033203,69.89498138427734,233.93020629882812,331.605712890625,508.3900146484375,524.1099853515625,728.2404174804688,148.40185546875,591.5126342773438,170.7310333251953
2025-04-14,110.68990325927734,385.7420654296875,201.82984924316406,158.73570251464844,530.713134765625,252.35000610351562,177.63682556152344,134.12176513671875,94.28131103515625,975.3128051757812,165.78135681152344,70.89306640625,232.4644317626953,333.37615966796875,511.09283447265625,529.52001953125,750.0554809570312,150.97418212890625,579.2673950195312,174.6811065673828
2025-04-15,112.17963409423828,383.6731872558594,201.45114135742188,155.9814910888672,520.767578125,254.11000061035156,178.22442626953125,133.42446899414062,93.52490997314453,972.9225463867188,165.1343994140625,70.31574249267578,230.8897247314453,334.00274658203125,515.9996948242188,528.1699829101562,752.869384765625,150.25039672851562,575.843505859375,174.0314483642578
2025-04-16,104.47103881835938,369.6284484863281,193.6079559326172,153.00775146484375,501.58526611328125,241.5500030517578,173.9020233154297,129.2605438232422,90.7580795288086,963.7901000976562,163.0955810546875,70.13961029052734,227.40354919433594,329.546875,512.0601806640625,516.4500122070312,730.7162475585938,150.5340576171875,577.2742309570312,168.99159240722656
2025-04-17,101.47157287597656,365.8188781738281,196.3087158203125,150.84231567382812,500.7564697265625,241.3699951171875,170.2967071533203,128.12493896484375,92.7784652709961,990.4306640625,167.2516632080078,71.4312515258789,229.73097229003906,327.83612060546875,515.9498291015625,518.2100219726562,835.1781616210938,154.01596069335938,448.0821838378906,170.28109741210938
2025-04-21,96.89241790771484,357.2050476074219,192.50172424316406,147.35964965820312,483.9607238769531,227.5,165.53610229492188,122.34725952148438,91.97230529785156,953.8508911132812,163.48098754882812,71.20618438720703,226.7895050048828,318.3773498535156,507.961181640625,506.9200134277344,813.363037109375,153.47801208496094,419.6841735839844,167.4954071044922
2025-04-22,98.8720474243164,364.864013671875,199.059326171875,151.1516571044922,499.5581970214844,237.97000122070312,168.89242553710938,126.750244140625,94.40074157714844,975.2230834960938,165.5818328857422,72.31190490722656,233.32608032226562,329.6164855957031,525.9231567382812,520.7899780273438,822.828857421875,154.28981018066406,421.5096435546875,171.0587158203125
2025-04-23,102.69136047363281,372.39361572265625,203.90277099609375,155.0235137939453,519.5193481445312,250.74000549316406,176.1927032470703,130.89422607421875,94.51021575927734,971.8469848632812,163.4612579345703,71.72480773925781,238.56524658203125,332.5705261230469,528.5960083007812,526.8099975585938,824.6981201171875,151.9718017578125,422.279296875,174.2775115966797
2025-04-24,106.41067504882812,385.2347717285156,207.65989685058594,158.9452362060547,532.3807983398438,259.510009765625,187.3871307373047,136.980712890625,95.38604736328125,971.4884643554688,157.34613037109375,70.96155548095703,242.2891082763672,333.9033203125,534.0314331054688,531.6400146484375,854.8355712890625,151.53164672851562,418.6185302734375,177.54551696777344
2025-04-25,110.98986053466797,389.7605285644531,208.56680297851562,161.61962890625,546.4804077148438,284.95001220703125,191.53025817871094,137.9569549560547,94.63959503173828,973.16162109375,158.8157501220703,70.36468505859375,241.2095947265625,333.3662414550781,532.0567016601562,530.9600219726562,879.5043334960938,151.18936157226562,413.0830078125,183.14642333984375
2025-04-28,108.71026611328125,389.0741882324219,209.4238739013672,160.2724609375,548.9468383789062,285.8800048828125,191.68960571289062,139.60060119628906,94.76898956298828,974.535888671875,159.63436889648438,70.24724578857422,240.8827667236328,335.6936340332031,533.0640258789062,530.9400024414062,872.2955932617188,151.9424591064453,414.4249572753906,189.3280792236328
2025-04-29,109.00020599365234,391.9388732910156,210.49021911621094,159.8234100341797,553.6400756835938,292.0299987792969,190.39488220214844,140.2480926513672,95.5851058959961,987.64208984375,160.03875732421875,70.79521179199219,242.26930236816406,339.6820373535156,538.2401733398438,534.5700073242188,880.1605834960938,152.49017333984375,403.79791259765625,190.47975158691406
2025-04-30,108.90023040771484,393.15234375,211.7758331298828,158.4662628173828,548.2078857421875,282.1600036621094,191.68960571289062,140.17835998535156,96.78937530517578,990.4306640625,160.3445281982422,70.99092864990234,242.26930236816406,343.640625,546.5978393554688,533.25,893.8323364257812,152.88137817382812,405.97857666015625,192.0448760986328
2025-05-01,111.5897445678711,423.1316223144531,212.59304809570312,160.96099853515625,571.3843994140625,280.5199890136719,196.52992248535156,144.9300079345703,96.94861602783203,994.9520263671875,157.78997802734375,69.75799560546875,244.51748657226562,340.6070556640625,545.171630859375,530.22998046875,789.5792236328125,151.07199096679688,395.36138916015625,190.3124237060547
2025-05-02,114.4792251586914,432.9589538574219,204.65020751953125,163.68527221679688,596.15869140625,287.2099914550781,202.81431579589844,150.1498260498047,98.28227233886719,1005.4825439453125,158.3225860595703,70.11026000976562,250.08348083496094,345.72930908203125,557.8975830078125,539.7999877929688,818.9312133789062,152.69554138183594,394.61151123046875,195.3621063232422
2025-05-05,113.7993392944336,433.8442077636719,198.21221923828125,163.86489868164062,598.4053955078125,280.260009765625,199.9061737060547,148.71536254882812,98.8595199584961,1012.0540771484375,156.65573120117188,70.15918731689453,250.1330108642578,346.76373291015625,559.6229858398438,512.1500244140625,816.7835083007812,151.60012817382812,399.4365539550781,192.99969482421875
2025-05-06,113.51940155029297,430.99945068359375,197.83349609375,162.88693237304688,586.462646484375,275.3500061035156,199.27871704101562,147.13148498535156,98.08322143554688,1007.6763916015625,157.06997680664062,70.17875671386719,246.8548126220703,345.82879638671875,557.4986572265625,512.3300170898438,770.707275390625,151.08175659179688,389.2732849121094,184.2193603515625
2025-05-07,117.03875732421875,431.03924560546875,195.58120727539062,151.06185913085938,595.9489135742188,276.2200012207031,203.97958374023438,148.79505920410156,98.36189270019531,1004.3357543945312,157.1094207763672,70.84414672851562,246.99346923828125,347.96722412109375,564.819091796875,518.219970703125,772.2981567382812,153.8496856689453,385.86907958984375,185.14463806152344
2025-05-08,117.34870910644531,435.83355712890625,196.81698608398438,153.9557647705078,597.147216796875,284.82000732421875,206.92758178710938,149.7214813232422,96.96852111816406,1004.8941650390625,156.47817993164062,69.64057159423828,251.03427124023438,349.3795471191406,565.60693359375,513.25,747.1719970703125,152.2456512451172,380.4322204589844,182.6739501953125
2025-05-09,116.62882995605469,436.39056396484375,197.8534393310547,152.42897033691406,591.6351928710938,298.260009765625,207.3558349609375,149.76133728027344,96.49462890625,1005.273193359375,155.50172424316406,69.0045394897461,250.6480255126953,350.6427307128906,567.1229248046875,513.739990234375,730.3881225585938,150.8372344970703,375.5874328613281,181.7093048095703
2025-05-12,122.97767639160156,446.8643798828125,210.34713745117188,158.12696838378906,638.5073852539062,318.3800048828125,220.68157958984375,156.61485290527344,96.52455139160156,1013.3106079101562,158.69737243652344,68.03581237792969,257.551025390625,353.9349365234375,576.7272338867188,514.2999877929688,751.2686157226562,150.7589874267578,373.7225036621094,187.09364318847656
2025-05-13,129.9064178466797,446.74505615234375,212.48263549804688,159.19471740722656,655.08349609375,334.07000732421875,231.47763061523438,161.64541625976562,95.65657806396484,996.2384643554688,156.5570831298828,67.47807312011719,260.48260498046875,354.8116760253906,575.0517578125,511.8800048828125,741.812744140625,145.1840362548828,307.24676513671875,185.05604553222656
2025-05-14,135.3154296875,450.5247802734375,211.88389587402344,165.02244567871094,658.4086303710938,347.67999267578125,231.17884826660156,162.3227996826172,96.6043701171875,988.7693481445312,155.8568115234375,67.67377471923828,263.08734130859375,355.13043212890625,571.7505493164062,503.3999938964844,711.486328125,143.149658203125,303.9215087890625,174.66140747070312
2025-05-15,134.80552673339844,451.54119873046875,211.00575256347656,163.61541748046875,642.9509887695312,342.82000732421875,231.69674682617188,158.7864532470703,96.12548828125,1007.646484375,160.18670654296875,70.07112121582031,264.9195251464844,360.9486389160156,580.6467895507812,507.3299865722656,729.1154174804688,146.328369140625,270.7082824707031,178.83502197265625
2025-05-16,135.37542724609375,452.6772155761719,210.81614685058594,165.84072875976562,639.4161376953125,349.9800109863281,227.68307495117188,159.8722686767578,98.01107788085938,1022.9635009765625,161.0447998046875,70.45272827148438,264.9888610839844,363.7581481933594,581.723876953125,514.3099975585938,754.6218872070312,148.01065063476562,288.03521728515625,181.1383819580078
2025-05-19,135.54539489746094,457.26104736328125,208.3413543701172,166.1899871826172,639.5059814453125,342.0899963378906,229.6949005126953,159.02554321289062,97.89136505126953,1031.44970703125,162.514404296875,70.38423919677734,262.3346252441406,366.52777099609375,584.8455200195312,512.3900146484375,752.3501586914062,149.1451873779297,311.6969299316406,182.80191040039062
2025-05-20,134.35562133789062,456.56353759765625,206.42539978027344,163.6353759765625,636.1807861328125,343.82000732421875,230.74063110351562,159.69296264648438,97.57211303710938,1033.9227294921875,163.3724822998047,70.14940643310547,263.1269226074219,365.47174072265625,579.5596313476562,508.739990234375,744.27978515625,150.28952026367188,317.3113708496094,181.95538330078125
2025-05-21,131.7760772705078,450.983154296875,201.6654052734375,168.20574951171875,634.5831298828125,334.6199951171875,228.7985382080078,156.5749969482422,96.2052993774414,1022.4351196289062,163.1653594970703,70.30596160888672,258.5315246582031,356.96356201171875,568.0205078125,507.0299987792969,722.3004150390625,149.82003784179688,298.9582824707031,178.95314025878906
2025-05-22,132.80589294433594,453.26513671875,200.9369354248047,170.51089477539062,635.6515502929688,341.0400085449219,229.5952911376953,156.70449829101562,95.70646667480469,1015.2850341796875,162.77084350585938,69.61122131347656,258.16510009765625,356.6347961425781,568.618896484375,503.57000732421875,712.5860595703125,149.26254272460938,292.7320251464844,179.68153381347656
2025-05-23,131.26617431640625,448.6015625,194.85975646972656,168.11593627929688,626.1552734375,339.3399963378906,227.79263305664062,155.3696746826172,96.11550903320312,1005.6819458007812,163.5894775390625,70.22767639160156,258.2046813964844,352.2213439941406,562.0764770507812,503.4599914550781,711.1015014648438,149.5853271484375,291.6466369628906,180.3902587890625
2025-05-27,135.47540283203125,459.0746765136719,199.78936767578125,172.53662109375,641.3932495117188,362.8900146484375,234.6945343017578,161.28680419921875,97.35262298583984,1014.9459838867188,165.46347045898438,70.23746490478516,262.7406921386719,357.9598388671875,573.0171508789062,509.1600036621094,722.5694580078125,151.17349243164062,291.0841979980469,182.811767578125
2025-05-28,134.78553771972656,455.7563781738281,199.99891662597656,171.9977569580078,642.6514282226562,356.8999938964844,238.45919799804688,163.21934509277344,97.01341247558594,1010.3090209960938,165.06895446777344,69.62100219726562,260.9579772949219,358.3882751464844,574.3834838867188,503.1099853515625,716.7608032226562,150.36459350585938,294.15289306640625,180.22293090820312
2025-05-29,139.1647491455078,457.0717468261719,199.5299072265625,171.49880981445312,644.1193237304688,358.42999267578125,240.98892211914062,162.27297973632812,96.87374114990234,1005.9213256835938,166.25250244140625,69.95370483398438,261.82952880859375,361.04827880859375,576.2385864257812,506.17999267578125,719.9291381835938,151.4990234375,294.2121276855469,182.7133026123047
2025-05-30,135.10548400878906,458.7458190917969,200.4280242919922,171.3790740966797,646.5557861328125,346.4599914550781,241.0885009765625,164.8928680419922,98.4899673461914,1037.2734375,167.56430053710938,70.55058288574219,261.46307373046875,363.8279113769531,584.0376586914062,503.9599914550781,734.973876953125,153.10694885253906,297.9024963378906,183.19564819335938
2025-06-02,137.35507202148438,460.3502197265625,201.27622985839844,168.6747589111328,669.9320678710938,342.69000244140625,247.7015838623047,165.92886352539062,99.53751373291016,1053.8968505859375,165.4832000732422,70.45272827148438,262.1167297363281,363.9573974609375,579.6693725585938,502.80999755859375,744.3893432617188,153.2943572998047,300.6751708984375,184.06187438964844
2025-06-03,141.19436645507812,461.3467102050781,202.84292602539062,165.83074951171875,665.8878173828125,344.2699890136719,255.80857849121094,168.4889678955078,99.74703216552734,1052.6402587890625,164.56593322753906,69.63079071044922,263.71124267578125,364.495361328125,580.4173583984375,497.8299865722656,748.0360107421875,152.32763671875,297.22161865234375,184.3177947998047
2025-06-04,141.8942413330078,462.2435302734375,202.39389038085938,167.69680786132812,686.9573974609375,332.04998779296875,260.0213928222656,167.45297241210938,99.11849212646484,1048.751220703125,163.67823791503906,69.8362808227539,261.68096923828125,366.6274108886719,582.5715942382812,491.0,763.041015625,151.14390563964844,296.3927917480469,184.40638732910156
2025-06-05,139.964599609375,466.0401611328125,200.20849609375,167.8564910888672,683.6322021484375,284.70001220703125,258.8760986328125,170.48126220703125,97.73173522949219,1007.9855346679688,160.5713653564453,69.38616180419922,259.43280029296875,365.4019775390625,583.8781127929688,488.739990234375,762.8815307617188,151.57794189453125,291.9130554199219,184.5343475341797
2025-06-06,141.69427490234375,468.730712890625,203.49156188964844,173.31497192382812,696.703369140625,295.1400146484375,245.92880249023438,173.35018920898438,97.24288177490234,1012.1039428710938,161.77467346191406,69.81670379638672,263.17645263671875,368.839111328125,588.5455932617188,493.5299987792969,767.0662231445312,152.92938232421875,299.195068359375,186.85740661621094
2025-06-09,142.6041259765625,471.0924072265625,201.02676391601562,175.93264770507812,693.05859375,308.5799865722656,243.28955078125,176.4681396484375,97.2229232788086,1003.3684692382812,160.33465576171875,70.22767639160156,264.1767272949219,365.2923889160156,582.7711181640625,493.3299865722656,770.8822631835938,153.1266632080078,299.1654968261719,186.19789123535156
2025-06-10,143.9338836669922,469.2688293457031,202.2441864013672,178.44041442871094,701.3865966796875,326.0899963378906,243.6381378173828,176.79685974121094,97.09322357177734,1004.4553833007812,160.61082458496094,70.79521179199219,266.0188903808594,369.3173522949219,587.9671630859375,491.1300048828125,804.2398681640625,154.33013916015625,299.75750732421875,186.5325469970703
2025-06-11,142.81399536132812,470.9628601074219,198.36236572265625,177.1915283203125,693.1384887695312,326.42999267578125,251.88455200195312,175.70111083984375,95.57677459716797,993.9947509765625,159.8908233642578,70.52123260498047,265.5732116699219,371.9176025390625,589.1639404296875,488.1400146484375,805.6546630859375,153.15625,306.4376525878906,188.50123596191406
2025-06-12,144.98374938964844,477.1909484863281,198.78147888183594,175.54299926757812,692.359619140625,319.1099853515625,255.03175354003906,199.09072875976562,94.6090316772461,999.908203125,160.94615173339844,70.68758392333984,265.6623229980469,370.01470947265625,587.7078857421875,490.3399963378906,809.0621948242188,154.53729248046875,314.2722473144531,189.40682983398438
2025-06-13,141.95408630371094,473.2946472167969,196.03726196289062,174.513916015625,681.884765625,325.30999755859375,247.69161987304688,214.39161682128906,94.21994018554688,987.443115234375,158.0858612060547,69.9878921508789,262.4039306640625,351.5339050292969,560.5305786132812,487.5400085449219,816.3653564453125,154.97132873535156,309.36822509765625,188.0878143310547
2025-06-16,144.6737823486328,477.46002197265625,198.0031280517578,176.61204528808594,701.6464233398438,329.1300048828125,251.07785034179688,210.2874755859375,94.0702896118164,981.6094360351562,158.6776580810547,69.49516296386719,267.7619323730469,354.15411376953125,567.15283203125,490.2300109863281,804.6284790039062,153.11680603027344,305.7311706542969,187.8712615966797
2025-06-17,144.1038360595703,476.3638610839844,195.2289581298828,175.7927703857422,696.7597045898438,316.3500061035156,248.35890197753906,207.37869262695312,94.03038024902344,974.9879760742188,156.3499755859375,68.60824584960938,266.92999267578125,356.50531005859375,567.9307861328125,483.4800109863281,788.3480834960938,150.31529235839844,306.93359375,182.57550048828125
2025-06-18,145.46368408203125,478.5561218261719,196.16697692871094,173.16513061523438,695.3007202148438,322.04998779296875,250.24124145507812,210.058349609375,94.86841583251953,972.1759033203125,155.8568115234375,68.2042007446289,271.3273620605469,339.1104431152344,537.292724609375,485.1400146484375,782.160888671875,148.68763732910156,305.2740783691406,182.58535766601562
2025-06-20,143.83387756347656,475.7261047363281,200.57769775390625,166.4910888671875,681.8897094726562,322.1600036621094,249.5624237060547,204.3802947998047,95.89602661132812,977.55078125,156.9022979736328,67.8395767211914,272.35736083984375,337.30718994140625,531.5480346679688,484.8500061035156,759.9423217773438,147.7603759765625,300.1166076660156,182.39834594726562
2025-06-23,144.15383911132812,484.2959289550781,201.07666015625,165.04238891601562,698.0588989257812,348.67999267578125,253.33595275878906,206.24307250976562,97.6419448852539,1001.6731567382812,158.82559204101562,68.72649383544922,275.595947265625,342.4678649902344,540.9030151367188,487.7699890136719,767.8234252929688,149.2696533203125,298.794921875,180.8824462890625
2025-06-24,147.88340759277344,488.3915100097656,199.87918090820312,166.62098693847656,711.7196655273438,340.4700012207031,263.31884765625,214.44142150878906,97.77164459228516,999.1203002929688,158.16477966308594,69.1896743774414,278.5572204589844,350.3184509277344,556.0425415039062,493.4800109863281,775.2362670898438,150.12786865234375,303.7039489746094,182.6444091796875
2025-06-25,154.29270935058594,490.5439453125,201.13653564453125,170.52748107910156,708.2020263671875,327.54998779296875,264.19732666015625,209.908935546875,97.03337097167969,983.7833251953125,156.79379272460938,68.61809539794922,281.3302917480469,343.97222900390625,548.2334594726562,486.2099914550781,789.4042358398438,150.21664428710938,300.12652587890625,182.48690795898438
2025-06-26,155.00262451171875,495.705810546875,200.57769775390625,173.38491821289062,725.6002807617188,325.7799987792969,269.7079162597656,212.0008544921875,95.79624938964844,980.1634521484375,156.45846557617188,68.4604263305664,285.9752197265625,344.7393493652344,544.3538208007812,485.04998779296875,792.2139282226562,149.95028686523438,300.7227783203125,183.864990234375
2025-06-27,157.73231506347656,494.20111083984375,200.65753173828125,178.37046813964844,733.1351928710938,323.6300048828125,268.8893127441406,209.43077087402344,97.04334259033203,982.3872680664062,157.67161560058594,69.30792999267578,284.3509826660156,347.3097229003906,548.851806640625,485.67999267578125,772.6159057617188,150.34487915039062,307.17205810546875,179.45513916015625
2025-06-30,157.97230529785156,495.66595458984375,204.7389373779297,176.07252502441406,737.5922241210938,317.6600036621094,275.17852783203125,217.7884979248047,97.55215454101562,987.173828125,157.13900756835938,69.7218246459961,287.12408447265625,353.7257080078125,560.4407958984375,485.7699890136719,776.6809692382812,150.68028259277344,310.01416015625,182.7133026123047
2025-07-01,153.2828369140625,490.3247375488281,207.3833770751953,175.682861328125,718.73486328125,300.7099914550781,264.28717041015625,218.11721801757812,98.01107788085938,983.2049560546875,159.01300048828125,70.62844848632812,287.6192626953125,354.1441345214844,563.1036987304688,489.6099853515625,773.064208984375,153.80731201171875,324.0953369140625,187.014892578125
2025-07-02,157.2323760986328,489.36810302734375,211.99366760253906,178.48036193847656,713.0886840820312,315.6499938964844,269.4383544921875,229.09478759765625,97.38255310058594,979.614990234375,158.99327087402344,69.87950134277344,289.19403076171875,352.8988037109375,560.0219116210938,480.4800109863281,776.431884765625,153.4521942138672,305.6318054199219,187.7629852294922
2025-07-03,159.3221435546875,497.0909423828125,213.10134887695312,179.36956787109375,718.5250244140625,315.3500061035156,274.7093200683594,236.40655517578125,98.13080596923828,984.2620239257812,158.6283416748047,70.31310272216797,294.56787109375,357.521484375,567.7213134765625,485.0,777.8167114257812,153.89610290527344,306.6155700683594,186.31600952148438
2025-07-07,158.22227478027344,495.974853515625,209.50889587402344,176.63201904296875,717.865478515625,293.94000244140625,273.7110290527344,231.3660125732422,99.11849212646484,989.4075317382812,158.3028564453125,69.97804260253906,290.557373046875,355.3097839355469,563.6123046875,478.0299987792969,770.0452880859375,153.16612243652344,301.8059387207031,184.6918487548828
2025-07-08,159.98207092285156,494.8786926269531,209.5687713623047,174.20419311523438,720.1838989257812,297.80999755859375,271.3350830078125,233.59739685058594,96.86376190185547,983.0853271484375,155.72857666015625,69.21923065185547,281.4118347167969,353.2275695800781,560.939453125,477.4700012207031,774.8177490234375,153.6790771484375,305.77093505859375,186.79833984375
2025-07-09,162.86175537109375,501.74456787109375,210.69639587402344,176.46217346191406,732.2857666015625,295.8800048828125,277.4246826171875,234.90234375,96.58441162109375,979.3458251953125,155.36366271972656,68.47028350830078,281.7900085449219,356.4256286621094,564.3649291992188,478.9100036621094,784.0438842773438,154.16244506835938,301.0109558105469,187.635009765625
2025-07-10,164.0816192626953,499.7216796875,211.96372985839844,177.46127319335938,726.7494506835938,309.8699951171875,274.928955078125,234.5928955078125,94.63896179199219,967.4590454101562,156.32037353515625,68.75606536865234,286.7956848144531,354.5526428222656,562.7770385742188,478.2699890136719,787.7603759765625,155.55332946777344,297.6322937011719,191.94644165039062
2025-07-11,164.90151977539062,501.55523681640625,210.7163543701172,180.02899169921875,717.0260620117188,313.510009765625,273.91070556640625,230.16058349609375,94.1800308227539,967.61865234375,154.90008544921875,68.8546142578125,285.4720764160156,346.63226318359375,549.45458984375,475.8599853515625,790.1116943359375,154.77403259277344,302.1935119628906,189.43637084960938
2025-07-14,164.05162048339844,501.2562561035156,208.1816864013672,181.3977508544922,720.4337158203125,316.8999938964844,275.12860107421875,228.8828125,95.55681610107422,978.1690673828125,151.6551055908203,68.4604263305664,287.30322265625,349.1926574707031,552.2908935546875,476.30999755859375,796.4185791015625,154.69512939453125,298.695556640625,188.52093505859375
2025-07-15,170.6808624267578,504.04644775390625,208.67066955566406,181.83737182617188,709.910888671875,310.7799987792969,280.45947265625,234.552978515625,95.167724609375,964.97607421875,150.5898895263672,68.3520278930664,285.1636047363281,345.72564697265625,549.6343383789062,470.1300048828125,768.9293823242188,153.06747436523438,289.88116455078125,185.055908203125
2025-07-16,171.35079956054688,503.8471374511719,209.71847534179688,182.80650329589844,702.4358520507812,321.6700134277344,280.3296813964844,240.88198852539062,94.92828369140625,948.7116088867188,151.6255340576172,68.2633285522461,284.4371337890625,348.59490966796875,554.78759765625,471.30999755859375,786.9133911132812,162.54727172851562,290.6562805175781,189.21592712402344
2025-07-17,172.98062133789062,509.9058532714844,209.57875061035156,183.41595458984375,700.9368896484375,319.4100036621094,285.9600524902344,248.31907653808594,94.86841583251953,951.2445068359375,153.48965454101562,69.56414031982422,288.4974060058594,348.5052490234375,554.87744140625,473.3999938964844,758.7168579101562,160.7716522216797,286.2640075683594,190.03004455566406
2025-07-18,172.39068603515625,508.2616271972656,210.73631286621094,184.89462280273438,703.8049926757812,329.6499938964844,282.8553771972656,245.02479553222656,94.82852172851562,948.2927856445312,154.02293395996094,68.83489990234375,289.8607482910156,347.7480773925781,551.9313354492188,473.79998779296875,768.8895874023438,161.4818878173828,280.8779602050781,187.90536499023438
2025-07-21,171.36080932617188,508.2715759277344,212.0335693359375,189.9301300048828,712.4890747070312,328.489990234375,287.717041015625,243.11810302734375,95.44706726074219,944.9122924804688,153.9534149169922,69.05170440673828,289.5622253417969,349.63104248046875,553.9187622070312,474.4100036621094,759.3943481445312,162.13294982910156,280.3711853027344,183.52694702148438
2025-07-22,167.01129150390625,503.4983825683594,213.94955444335938,191.1690216064453,704.3345947265625,332.1099853515625,278.1134948730469,237.697509765625,95.62664794921875,938.9788818359375,157.2205810546875,68.64766693115234,290.0199890136719,350.5475769042969,558.0233154296875,478.1300048828125,773.6022338867188,165.6545867919922,283.3424377441406,185.77076721191406
2025-07-23,170.7608642578125,504.0962829589844,213.7000732421875,190.0600128173828,713.0986938476562,332.55999755859375,283.20477294921875,241.48094177246094,95.45704650878906,938.56005859375,157.18084716796875,68.15493774414062,295.32421875,353.96484375,561.3489379882812,482.6300048828125,795.97021484375,166.80874633789062,290.6761779785156,189.18614196777344
2025-07-24,173.7205352783203,509.0887145996094,213.31088256835938,191.99827575683594,714.31787109375,305.29998779296875,288.2161865234375,242.40933227539062,96.3749008178711,931.1907348632812,157.70716857910156,68.0958023071289,295.1152038574219,352.6497497558594,562.757080078125,480.6000061035156,802.4862670898438,167.2624969482422,276.8334655761719,189.46414184570312
2025-07-25,173.48056030273438,511.9088439941406,213.43064880371094,193.0073699951172,712.1992797851562,316.05999755859375,289.68365478515625,244.6953582763672,97.24288177490234,932.865966796875,157.20071411132812,68.16478729248047,297.1752014160156,355.70831298828125,567.4708251953125,484.07000732421875,809.7197265625,166.0195770263672,279.2979431152344,188.91807556152344
2025-07-28,176.73019409179688,510.7030334472656,213.6002960205078,192.4079132080078,717.14599609375,325.5899963378906,293.7966003417969,247.2808837890625,97.38255310058594,931.380126953125,156.0189666748047,67.10047912597656,296.83685302734375,354.1441345214844,567.53076171875,481.70001220703125,805.156494140625,163.96775817871094,280.3512878417969,187.17066955566406
2025-07-29,175.49032592773438,510.7727966308594,210.8261260986328,195.5750732421875,699.52783203125,321.20001220703125,296.91131591796875,249.54693603515625,98.10087585449219,931.9585571289062,155.52244567871094,68.37173461914062,295.6028747558594,349.979736328125,562.5772705078125,476.55999755859375,760.1615600585938,165.8321533203125,259.4332580566406,189.85134887695312
2025-07-30,179.2499237060547,511.4404296875,208.6107940673828,196.35438537597656,694.7410888671875,319.0400085449219,302.1023864746094,250.16587829589844,97.36259460449219,924.9182739257812,151.81834411621094,67.75089263916016,298.1803283691406,349.6011657714844,558.372802734375,476.0,757.3020629882812,164.99365234375,264.3721008300781,187.95501708984375
2025-07-31,177.85006713867188,531.62939453125,207.1339111328125,191.728515625,772.9183349609375,308.2699890136719,293.1976623535156,253.33038330078125,97.75169372558594,937.014404296875,149.42507934570312,66.90338897705078,294.80670166015625,344.18145751953125,565.7230834960938,471.8800048828125,737.3651733398438,162.5078125,247.99542236328125,187.66709899902344
2025-08-01,173.70053100585938,522.2723388671875,201.95481872558594,188.96099853515625,749.504150390625,302.6300048828125,288.1463317871094,243.99658203125,98.260498046875,951.1743774414062,149.60382080078125,67.85929107666016,287.969970703125,338.0842590332031,559.15185546875,472.8399963378906,759.5438232421875,165.06271362304688,236.2793426513672,193.8227081298828
2025-08-04,179.97982788085938,533.7619018554688,202.9227752685547,194.86570739746094,775.8463745117188,309.260009765625,297.2107849121094,252.092529296875,99.3579330444336,954.0203247070312,149.7130584716797,67.95783996582031,292.8363037109375,340.8738098144531,569.0587158203125,459.1099853515625,766.189453125,168.72242736816406,239.46920776367188,195.7786102294922
2025-08-05,178.24002075195312,525.8995361328125,202.49366760253906,194.4960479736328,762.945068359375,308.7200012207031,292.428955078125,255.22708129882812,99.0785903930664,942.296875,149.4647979736328,68.0465316772461,289.96026611328125,336.17144775390625,565.293701171875,464.19000244140625,763.1505737304688,168.426513671875,249.4263916015625,197.12887573242188
2025-08-06,179.39988708496094,523.0994262695312,212.80197143554688,195.91476440429688,771.4692993164062,319.9100036621094,301.1540222167969,255.9857635498047,103.11915588378906,967.191650390625,151.79849243164062,68.49984741210938,289.9403991699219,338.4728088378906,568.379638671875,468.9100036621094,743.64208984375,168.27853393554688,244.23912048339844,194.89498901367188
2025-08-07,180.74974060058594,519.0138549804688,219.56771850585938,196.34439086914062,761.316162109375,322.2699890136719,303.2404479980469,248.9579620361328,102.87971496582031,976.069091796875,152.4241180419922,69.40647888183594,285.5517272949219,330.8513488769531,560.4800415039062,461.4700012207031,638.5177001953125,169.20579528808594,243.13607788085938,197.43666076660156
2025-08-08,182.6795196533203,520.2095947265625,228.86814880371094,201.24000549316406,768.7811279296875,329.6499938964844,304.4483642578125,249.61683654785156,103.48829650878906,979.5941162109375,152.4439697265625,69.31777954101562,287.3629150390625,335.52386474609375,573.5628051757812,465.3999938964844,623.3634033203125,170.98141479492188,249.3170928955078,196.63246154785156
2025-08-11,182.0395965576172,519.9405517578125,226.95997619628906,200.8203887939453,765.3534545898438,339.0299987792969,303.38018798828125,252.2422637939453,103.68782806396484,987.3431396484375,153.9037628173828,69.7218246459961,288.1590270996094,334.64715576171875,572.8338012695312,464.7300109863281,632.8983154296875,171.46478271484375,250.7877960205078,197.21823120117188
2025-08-12,183.1394805908203,527.3843383789062,229.42758178710938,203.15829467773438,789.4671630859375,340.8399963378906,312.294921875,253.42022705078125,103.37854766845703,989.849609375,154.01300048828125,69.68240356445312,291.4331359863281,336.0743103027344,573.4229736328125,470.3900146484375,637.093017578125,170.43885803222656,259.9301452636719,197.21823120117188
2025-08-13,181.56964111328125,518.7547607421875,233.10403442382812,201.779541015625,779.5538940429688,339.3800048828125,308.5613098144531,243.75698852539062,100.75466918945312,977.4671020507812,154.33078002929688,69.43603515625,289.1243591308594,341.8728332519531,577.1380615234375,477.30999755859375,658.0759887695312,172.056640625,270.1059265136719,200.02798461914062
2025-08-14,181.99960327148438,520.6480102539062,232.5545654296875,202.75865173339844,781.6024780273438,335.5799865722656,310.69769287109375,244.53564453125,100.61499786376953,974.0120239257812,152.67237854003906,68.53926086425781,292.7367858886719,344.8070068359375,582.9903564453125,479.2200012207031,681.9285278320312,172.3525848388672,269.7879333496094,203.21499633789062
2025-08-15,180.42977905273438,518.3461303710938,231.36570739746094,203.71778869628906,784.7003784179688,330.55999755859375,305.8160400390625,247.84988403320312,100.0,970.666748046875,153.28807067871094,68.90388488769531,289.08453369140625,343.7890319824219,580.9330444335938,477.20001220703125,700.20166015625,174.24656677246094,302.10406494140625,205.2106170654297
2025-08-18,181.98959350585938,515.286865234375,230.66639709472656,203.3181610107422,766.8524169921875,335.1600036621094,305.2370300292969,248.63853454589844,100.69999694824219,977.9663696289062,154.6386260986328,68.1253662109375,290.1195068359375,342.06243896484375,583.369873046875,478.5199890136719,697.0263061523438,173.86184692382812,306.55596923828125,205.0914764404297
2025-08-19,175.6203155517578,507.98260498046875,230.3367156982422,201.389892578125,750.97314453125,329.30999755859375,294.40557861328125,234.2135467529297,101.29000091552734,979.4642944335938,157.3000030517578,69.11083221435547,289.25372314453125,341.7730407714844,584.738037109375,485.30999755859375,702.1787719726562,175.39085388183594,302.3326110839844,204.71420288085938
2025-08-20,175.38034057617188,503.9468078613281,225.79110717773438,199.1418914794922,747.2156372070312,323.8999938964844,290.6719970703125,234.6527862548828,102.56999969482422,993.1649169921875,158.4022979736328,69.67254638671875,290.8260803222656,343.2500915527344,591.8985595703125,488.67999267578125,704.405517578125,176.41676330566406,297.960205078125,207.6529998779297
2025-08-21,174.96038818359375,503.2980041503906,224.68218994140625,199.57150268554688,738.6014404296875,320.1099853515625,289.10467529296875,232.75608825683594,97.95999908447266,968.31005859375,157.62771606445312,69.63313293457031,290.059814453125,343.0105895996094,591.1395874023438,488.5899963378906,708.7791137695312,176.5055389404297,301.4482116699219,208.00050354003906
2025-08-22,177.97006225585938,506.2824401855469,227.53941345214844,205.9058380126953,754.2808837890625,340.010009765625,293.49713134765625,235.9605255126953,96.83000183105469,957.185791015625,157.56813049316406,69.11083221435547,294.80670166015625,349.3480224609375,598.1703491210938,489.0,710.6363525390625,176.86065673828125,305.4927062988281,209.09263610839844
2025-08-25,179.78985595703125,503.3179931640625,226.94000244140625,208.30369567871094,752.7918701171875,346.6000061035156,293.72674560546875,235.002197265625,96.06999969482422,940.2498168945312,155.0656280517578,67.92827606201172,293.47320556640625,348.13043212890625,592.4279174804688,486.17999267578125,694.3103637695312,175.99258422851562,302.94873046875,206.06446838378906
2025-08-26,181.7496337890625,501.1021423339844,229.08792114257812,206.95489501953125,753.5913696289062,351.6700134277344,297.5002746582031,233.8042755126953,96.05000305175781,940.0101318359375,154.8868865966797,67.73118591308594,297.1254577636719,350.4857482910156,590.8299560546875,492.2099914550781,734.95068359375,175.3765106201172,298.5465087890625,206.86866760253906
2025-08-27,181.57965087890625,505.7933349609375,230.26678466796875,207.29458618164062,746.8759155273438,349.6000061035156,299.7364501953125,235.4014892578125,96.08000183105469,948.1785888671875,155.87002563476562,67.82972717285156,297.8320007324219,349.65740966796875,589.8812255859375,495.7200012207031,733.0933837890625,175.67459106445312,301.9748840332031,206.57080078125
2025-08-28,180.14981079101562,508.68792724609375,232.33477783203125,211.4508819580078,750.6033935546875,345.9800109863281,308.1220703125,239.9036865234375,96.11000061035156,943.625,154.56910705566406,67.3665542602539,299.6133728027344,349.1683654785156,589.7014770507812,499.8599853515625,730.8866577148438,174.3430633544922,300.39483642578125,206.4318084716797
2025-08-29,174.1604766845703,505.7434387207031,231.91517639160156,212.71974182128906,738.2017822265625,333.8699951171875,296.88134765625,225.73826599121094,96.9800033569336,941.9873046875,155.94944763183594,67.98739624023438,299.961669921875,351.0845947265625,594.505126953125,502.9800109863281,731.5057373046875,176.0522003173828,307.92730712890625,208.89405822753906
2025-09-02,170.7608642578125,504.1763610839844,229.49752807617188,211.16114807128906,734.6141357421875,329.3599853515625,297.7298889160156,224.90969848632812,97.8499984741211,937.4937133789062,156.8928680419922,68.05638122558594,298.25,349.3779602050781,591.0896606445312,501.1400146484375,734.1118774414062,176.93658447265625,306.864013671875,210.40318298339844
2025-09-03,170.60089111328125,504.40594482421875,238.2390594482422,230.45388793945312,736.5528564453125,334.0899963378906,301.872802734375,223.06289672851562,99.44000244140625,948.438232421875,157.0716094970703,67.98739624023438,298.0609130859375,350.1763916015625,592.497802734375,501.489990234375,736.748046875,176.87696838378906,305.9497985839844,210.34361267089844
2025-09-04,171.64077758789062,507.02105712890625,239.5477752685547,232.09242248535156,748.1450805664062,338.5299987792969,305.5764465332031,222.6136932373047,100.93000030517578,954.549560546875,158.08453369140625,67.2581558227539,302.3500671386719,350.296142578125,594.8546752929688,506.9100036621094,741.820556640625,177.63217163085938,308.43414306640625,211.47544860839844
2025-09-05,167.0012969970703,494.0752868652344,239.45787048339844,234.79000854492188,751.9425048828125,350.8399963378906,334.31719970703125,232.39671325683594,100.51000213623047,962.1188354492188,158.9087677001953,66.97237396240234,292.9557189941406,342.54150390625,583.44970703125,499.7699890136719,726.1436157226562,177.3042449951172,313.4127197265625,211.03860473632812
2025-09-08,168.2911376953125,497.2693176269531,237.64962768554688,234.0399932861328,751.7925415039062,346.3999938964844,345.05877685546875,238.06686401367188,102.27999877929688,970.4769897460938,157.90577697753906,66.4500732421875,291.4928283691406,341.6233215332031,585.8265991210938,493.7799987792969,737.5568237304688,177.0061492919922,318.24224853515625,208.28842163085938
2025-09-09,170.74085998535156,497.4789123535156,234.123046875,239.6300048828125,765.1835327148438,346.9700012207031,336.09417724609375,241.09161376953125,102.29000091552734,977.8665771484375,158.3526611328125,66.87382507324219,296.408935546875,343.3099670410156,583.2300415039062,492.7200012207031,749.50927734375,175.84353637695312,345.7388000488281,208.91390991210938
2025-09-10,177.3101348876953,499.43524169921875,226.5703582763672,239.1699981689453,751.4727783203125,347.7900085449219,368.9378967285156,327.7611999511719,100.41000366210938,954.93896484375,156.25730895996094,66.83440399169922,299.0859375,337.4515686035156,578.6160888671875,490.0799865722656,753.5133666992188,174.680908203125,344.6059265136719,210.12518310546875
2025-09-11,177.16014099121094,500.0740661621094,229.80722045898438,240.3699951171875,750.3935546875,368.80999755859375,359.014892578125,307.32666015625,102.6500015258789,962.9576416015625,157.52842712402344,66.63731384277344,304.0816345214844,342.81097412109375,587.9537963867188,496.9100036621094,755.1709594726562,177.37380981445312,351.3930969238281,218.64376831054688
2025-09-12,177.8101043701172,508.94744873046875,233.84332275390625,240.8000030517578,755.0803833007812,395.94000244140625,359.25445556640625,291.673828125,103.48999786376953,966.5326538085938,156.80348205566406,66.03617858886719,305.42510986328125,338.7590026855469,579.6447143554688,493.739990234375,754.2822875976562,176.93658447265625,350.3000183105469,216.7772216796875
2025-09-15,177.74009704589844,514.397216796875,236.47076416015625,251.61000061035156,764.1842041015625,410.0400085449219,363.4672546386719,301.6166076660156,103.69000244140625,958.7435913085938,155.7409210205078,65.74819946289062,307.40545654296875,338.3797302246094,582.19140625,491.5400085449219,747.0928344726562,176.28074645996094,347.8900146484375,216.05245971679688
2025-09-16,174.87026977539062,508.08905029296875,237.9193572998047,251.16000366210938,778.4745483398438,421.6199951171875,359.3842468261719,306.1187744140625,103.41999816894531,950.7249755859375,156.95245361328125,65.77798461914062,307.6940612792969,339.3578186035156,585.6467895507812,490.989990234375,763.588623046875,175.34669494628906,339.7799987792969,214.7121124267578
2025-09-17,170.280517578125,509.06719970703125,238.75856018066406,249.52999877929688,775.19677734375,425.8599853515625,345.5779113769531,300.8878479003906,104.2699966430664,961.6694946289062,159.21661376953125,66.5724105834961,310.2416687011719,345.515625,597.8407592773438,492.3299865722656,759.0153198242188,176.08201599121094,341.6099853515625,219.22955322265625
2025-09-18,176.23019409179688,507.5001525878906,237.64962768554688,252.02999877929688,779.7237548828125,416.8500061035156,344.7593078613281,296.10614013671875,103.5999984741211,951.0145263671875,156.22752380371094,65.99645233154297,311.71453857421875,337.511474609375,585.2772827148438,490.5,761.8112182617188,173.0612030029297,334.82000732421875,220.40110778808594
2025-09-19,176.66015625,516.96240234375,245.26223754882812,254.72000122070312,777.85498046875,426.07000732421875,344.3500061035156,308.12530517578125,102.33000183105469,949.8162231445312,154.95639038085938,65.96665954589844,313.25701904296875,340.9346618652344,583.3897705078125,492.8500061035156,750.88720703125,175.07839965820312,336.69000244140625,220.87767028808594
2025-09-22,183.5997772216797,513.4889526367188,255.8319854736328,252.52999877929688,765.1599731445312,434.2099914550781,338.7900085449219,327.5815124511719,102.81999969482422,941.9274291992188,152.0070343017578,65.74819946289062,310.9283447265625,343.6792297363281,583.7193603515625,493.7099914550781,753.8428955078125,173.1108856201172,341.29998779296875,220.99681091308594
2025-09-23,178.42005920410156,508.2787170410156,254.18359375,251.66000366210938,755.4000244140625,425.8500061035156,338.94000244140625,313.28631591796875,102.5199966430664,942.2669067382812,151.44097900390625,66.24471282958984,311.22686767578125,338.03045654296875,569.218505859375,494.1000061035156,745.8845825195312,175.46592712402344,347.69000244140625,221.01666259765625
2025-09-24,176.96014404296875,509.19696044921875,252.06564331054688,247.13999938964844,760.6599731445312,442.7900085449219,339.30999755859375,307.9256286621094,102.7300033569336,943.9345703125,151.36154174804688,65.98651885986328,311.90362548828125,338.0104675292969,568.06005859375,497.0899963378906,740.7620849609375,175.5752410888672,351.80999755859375,218.41542053222656
2025-09-25,177.68011474609375,506.0827941894531,256.6212158203125,245.7899932861328,748.9099731445312,423.3900146484375,336.1000061035156,290.8252868652344,103.05000305175781,941.9773559570312,151.09341430664062,65.51980590820312,311.9334716796875,334.26788330078125,566.552001953125,494.9599914550781,713.5421142578125,176.60867309570312,345.55999755859375,216.97579956054688
2025-09-26,178.18008422851562,510.5045166015625,255.2126007080078,246.5399932861328,743.75,440.3999938964844,334.5299987792969,282.96893310546875,103.16000366210938,914.656005859375,151.44097900390625,65.21195983886719,314.53082275390625,336.70306396484375,564.3848876953125,500.0299987792969,723.4774780273438,178.57618713378906,344.0799865722656,219.03099060058594
2025-09-29,181.8398895263672,513.6386108398438,254.18359375,244.0500030517578,743.4000244140625,443.2099914550781,327.8999938964844,282.2701721191406,103.08000183105469,915.57470703125,152.46383666992188,65.57938385009766,314.1626281738281,339.487548828125,567.3909301757812,499.25,725.4446411132812,180.47412109375,345.17999267578125,221.56272888183594
2025-09-30,186.56961059570312,516.982421875,254.38340759277344,243.10000610351562,734.3800048828125,444.7200012207031,329.9100036621094,280.7527770996094,103.05999755859375,924.3223266601562,152.58299255371094,65.85742950439453,313.90386962890625,340.70513916015625,568.06005859375,502.739990234375,761.881103515625,184.25015258789062,345.29998779296875,229.88275146484375
2025-10-01,187.22958374023438,518.7391357421875,255.20260620117188,244.89999389648438,717.3400268554688,459.4599914550781,333.3900146484375,288.50933837890625,101.95999908447266,916.0440673828125,152.1162567138672,66.31422424316406,309.2066955566406,347.1423645019531,573.0135498046875,498.20001220703125,824.2095336914062,184.87619018554688,348.29998779296875,242.630859375
2025-10-02,188.87948608398438,514.7765502929688,256.8809814453125,245.69000244140625,727.0499877929688,436.0,338.17999267578125,288.27972412109375,101.69999694824219,915.474853515625,150.99411010742188,65.63896179199219,306.0619812011719,345.26611328125,576.56884765625,495.9200134277344,818.647705078125,184.80662536621094,353.7200012207031,234.8668212890625
2025-10-03,187.6095428466797,516.3834838867188,257.7701110839844,245.35000610351562,710.5599975585938,429.8299865722656,338.3699951171875,285.6443176269531,102.06999969482422,914.0867919921875,151.21258544921875,66.18512725830078,308.5299987792969,349.1484069824219,579.6846923828125,498.75,838.6383666992188,187.44984436035156,360.20001220703125,232.2357940673828
2025-10-06,185.5296630859375,527.5825805664062,256.44140625,250.42999267578125,715.6599731445312,453.25,335.489990234375,291.0848693847656,102.69999694824219,909.653076171875,149.36550903320312,65.63896179199219,309.17999267578125,348.58953857421875,578.046875,500.0199890136719,843.810791015625,186.97286987304688,358.7699890136719,228.54241943359375
2025-10-07,185.02969360351562,523.0010986328125,256.23162841796875,245.75999450683594,713.0800170898438,433.0899963378906,336.4100036621094,283.7475891113281,103.23999786376953,913.5076293945312,151.48069763183594,66.32415008544922,307.69000244140625,351.72332763671875,579.0755615234375,502.29998779296875,842.3928833007812,187.69825744628906,363.6600036621094,231.16351318359375
2025-10-08,189.09947204589844,523.8695068359375,257.8100891113281,244.6199951171875,717.8400268554688,438.69000244140625,345.5,288.1300048828125,102.9000015258789,913.5076293945312,149.6435546875,65.65882873535156,304.0299987792969,350.6654052734375,575.6799926757812,499.8399963378906,844.479736328125,188.49322509765625,369.9200134277344,229.58489990234375
2025-10-09,192.5592803955078,521.4241333007812,253.79396057128906,241.52999877929688,733.510009765625,435.5400085449219,345.0199890136719,296.9599914550781,101.7699966430664,941.5579223632812,149.53431701660156,65.9070816040039,305.5299987792969,346.3539733886719,564.5499877929688,496.739990234375,854.0956420898438,189.87445068359375,367.69000244140625,229.03883361816406
2025-10-10,183.14981079101562,510.0054626464844,245.032470703125,236.57000732421875,705.2999877929688,413.489990234375,324.6300048828125,292.9599914550781,101.83999633789062,928.6961669921875,148.65049743652344,66.5724105834961,300.8900146484375,342.97064208984375,557.47998046875,489.1300048828125,832.2677001953125,189.5167236328125,354.5,228.85018920898438
2025-10-13,188.3095245361328,513.0896606445312,247.42015075683594,244.14999389648438,715.7000122070312,435.8999938964844,356.70001220703125,308.010009765625,102.12000274658203,934.23828125,146.4657745361328,66.3340835571289,307.9700012207031,342.621337890625,559.239990234375,491.92999267578125,818.1984252929688,189.69557189941406,358.6600036621094,228.65162658691406
2025-10-14,180.0199737548828,512.610595703125,247.53004455566406,245.4499969482422,708.6500244140625,429.239990234375,344.1300048828125,299.0,107.20999908447266,945.1728515625,148.12417602539062,67.03913116455078,302.0799865722656,347.6913146972656,567.9199829101562,495.9700012207031,811.15869140625,189.64590454101562,359.92999267578125,227.49000549316406
2025-10-15,179.8199920654297,512.4708251953125,249.09852600097656,251.02999877929688,717.5499877929688,435.1499938964844,351.3299865722656,303.6199951171875,109.02999877929688,953.6408081054688,146.39625549316406,66.61212921142578,305.69000244140625,345.0066223144531,562.8099975585938,496.3900146484375,825.35791015625,189.96388244628906,361.1499938964844,226.22000122070312
2025-10-16,181.7998809814453,510.65423583984375,247.21035766601562,251.4600067138672,712.0700073242188,428.75,354.1499938964844,313.0,106.47000122070312,924.3123168945312,148.56112670898438,67.11856842041016,298.5400085449219,334.7369689941406,549.8800048828125,488.80999755859375,818.1784057617188,190.9078826904297,356.6700134277344,226.8699951171875
2025-10-17,183.20980834960938,512.62060546875,252.045654296875,253.3000030517578,716.9199829101562,439.30999755859375,349.3299865722656,291.30999755859375,107.7300033569336,935.0072021484375,150.34861755371094,67.962646484375,297.55999755859375,341.2141418457031,560.969970703125,492.4200134277344,801.6527099609375,192.00094604492188,356.6000061035156,229.57000732421875
2025-10-20,182.6298370361328,515.8245239257812,261.98602294921875,256.54998779296875,732.1699829101562,447.42999267578125,349.239990234375,277.17999267578125,107.05000305175781,934.7874755859375,150.9047393798828,67.962646484375,302.3599853515625,343.7291564941406,566.3599853515625,494.0799865722656,807.7737426757812,192.49778747558594,364.4800109863281,232.05999755859375
2025-10-21,181.14991760253906,516.6929321289062,262.5155029296875,250.4600067138672,733.27001953125,442.6000061035156,342.6600036621094,275.1499938964844,106.22000122070312,936.175537109375,150.5670928955078,70.72325134277344,297.0899963378906,346.52362060546875,572.030029296875,491.2900085449219,798.3974609375,190.66940307617188,365.3699951171875,231.38999938964844
2025-10-22,180.26995849609375,519.5675659179688,258.19970703125,251.69000244140625,733.4099731445312,438.9700012207031,340.29998779296875,272.6600036621094,107.13999938964844,943.3453979492188,151.14306640625,70.31610870361328,294.1099853515625,344.67724609375,571.3599853515625,491.80999755859375,811.2385864257812,191.72271728515625,361.489990234375,228.67999267578125
2025-10-23,182.1498565673828,519.5875244140625,259.3285827636719,253.0800018310547,734.0,448.9800109863281,344.2900085449219,280.07000732421875,106.86000061035156,940.7191162109375,151.1529998779297,69.45218658447266,294.5400085449219,345.2760925292969,573.77001953125,490.1600036621094,819.8359375,191.25567626953125,360.45001220703125,228.25
2025-10-24,186.24961853027344,522.6318359375,262.56549072265625,259.9200134277344,738.3599853515625,433.7200012207031,354.1300048828125,283.3299865722656,106.16999816894531,930.8231201171875,152.49000549316406,69.22378540039062,300.44000244140625,346.69329833984375,573.6699829101562,492.1000061035156,824.239501953125,189.19873046875,362.5,227.99000549316406
2025-10-27,191.47933959960938,530.527099609375,268.5496520996094,269.2699890136719,750.8200073242188,452.4200134277344,362.04998779296875,281.3999938964844,104.47000122070312,928.5363159179688,151.74000549316406,69.57134246826172,304.1499938964844,347.1324157714844,572.3599853515625,488.07000732421875,825.1980590820312,189.099365234375,365.9800109863281,228.02999877929688
2025-10-28,201.01881408691406,541.057373046875,268.7394714355469,267.4700012207031,751.4400024414062,460.54998779296875,372.9700012207031,280.8299865722656,103.16999816894531,922.8543701171875,151.3699951171875,69.670654296875,305.3599853515625,346.2142333984375,565.9299926757812,481.44000244140625,818.8973388671875,185.75062561035156,367.8399963378906,227.5399932861328
2025-10-29,207.02847290039062,540.538330078125,269.4388122558594,274.57000732421875,751.6699829101562,461.510009765625,385.9800109863281,275.29998779296875,102.45999908447266,911.1309814453125,148.77000427246094,67.8732681274414,305.510009765625,340.6053466796875,554.5800170898438,475.760009765625,812.3370361328125,185.42271423339844,355.260009765625,225.13999938964844
2025-10-30,202.8787078857422,524.77783203125,271.13714599609375,281.4800109863281,666.469970703125,440.1000061035156,376.4700012207031,256.8900146484375,102.2300033569336,918.8800048828125,149.5800018310547,68.4988784790039,309.44000244140625,344.3479309082031,553.6799926757812,478.5199890136719,843.2615966796875,187.8572540283203,344.75,228.1999969482422
2025-10-31,202.47872924804688,516.8426513671875,270.108154296875,281.19000244140625,648.3499755859375,456.55999755859375,369.6300048828125,262.6099853515625,101.18000030517578,911.4500122070312,150.3699951171875,68.41943359375,311.1199951171875,340.06640625,551.989990234375,477.5400085449219,861.5946655273438,187.6783905029297,341.55999755859375,218.0399932861328
2025-11-03,206.8684844970703,516.0641479492188,268.7894287109375,283.7200012207031,637.7100219726562,468.3699951171875,362.54998779296875,257.8500061035156,101.58999633789062,928.0399780273438,148.02000427246094,67.49592590332031,309.3500061035156,336.2340087890625,544.0700073242188,475.67999267578125,895.21533203125,185.08485412597656,333.7900085449219,211.9600067138672
2025-11-04,198.67893981933594,513.3692016601562,269.7784729003906,277.5400085449219,627.3200073242188,444.260009765625,351.94000244140625,248.1699981689453,102.2699966430664,940.739990234375,147.1699981689453,68.18111419677734,309.25,339.62725830078125,552.75,487.6600036621094,905.5300903320312,185.6810760498047,330.8299865722656,215.88999938964844
2025-11-05,195.1991424560547,506.2125549316406,269.8783874511719,284.30999755859375,635.9500122070312,462.07000732421875,358.9800109863281,250.30999755859375,101.47000122070312,935.030029296875,145.7899932861328,68.03215789794922,311.67999267578125,339.3677978515625,553.3099975585938,488.7699890136719,924.4523315429688,184.8264923095703,327.739990234375,216.77000427246094
2025-11-06,188.0695343017578,496.1713562011719,269.50872802734375,284.75,618.9400024414062,445.9100036621094,355.5899963378906,243.8000030517578,101.68000030517578,923.5800170898438,146.1300048828125,68.57831573486328,313.4200134277344,336.29388427734375,553.280029296875,493.1499938964844,936.0653076171875,185.79037475585938,321.55999755859375,219.0399932861328
2025-11-07,188.1395263671875,495.8918762207031,268.2099914550781,278.8299865722656,621.7100219726562,429.5199890136719,349.42999267578125,239.25999450683594,102.58999633789062,922.739990234375,146.97999572753906,70.05792999267578,314.2099914550781,335.3557434082031,551.969970703125,499.05999755859375,923.0144653320312,185.39291381835938,324.2099914550781,219.16000366210938
2025-11-10,199.03892517089844,505.0547180175781,269.42999267578125,290.1000061035156,631.760009765625,445.2300109863281,358.3900146484375,240.8300018310547,102.41999816894531,915.5599975585938,145.5,70.02812957763672,316.8900146484375,334.18804931640625,552.9600219726562,496.9800109863281,965.2224731445312,187.22129821777344,321.5799865722656,218.7100067138672
2025-11-11,193.1492462158203,507.7297058105469,275.25,291.30999755859375,627.0800170898438,439.6199951171875,351.9599914550781,236.14999389648438,103.44000244140625,913.8599853515625,148.5399932861328,71.11053466796875,315.6199951171875,338.2500305175781,558.3499755859375,497.07000732421875,987.1702270507812,192.6071014404297,327.45001220703125,225.1699981689453
2025-11-12,193.78921508789062,510.1851501464844,273.4700012207031,286.7099914550781,609.010009765625,430.6000061035156,355.2200012207031,226.99000549316406,103.44000244140625,914.0,148.00999450683594,71.01123046875,320.4100036621094,338.8800048828125,561.22998046875,502.3999938964844,1016.2874755859375,193.16355895996094,339.05999755859375,233.22999572753906
2025-11-13,186.84959411621094,502.34979248046875,272.95001220703125,278.57000732421875,609.8900146484375,401.989990234375,339.9800109863281,217.57000732421875,102.54000091552734,925.0800170898438,147.9600067138672,70.57430267333984,309.4800109863281,336.0799865722656,555.5700073242188,513.1099853515625,1021.3699951171875,194.0181427001953,332.5199890136719,232.2899932861328
2025-11-14,190.15940856933594,509.2268981933594,272.4100036621094,276.4100036621094,609.4600219726562,404.3500061035156,342.4599914550781,222.85000610351562,102.4800033569336,922.97998046875,147.6699981689453,70.6636734008789,303.6099853515625,330.0199890136719,545.72998046875,508.94000244140625,1025.280029296875,194.69384765625,321.8599853515625,232.36000061035156
2025-11-17,186.58961486816406,506.54193115234375,267.4599914550781,285.0199890136719,602.010009765625,408.9200134277344,342.6499938964844,219.86000061035156,102.94999694824219,912.5900268554688,145.82000732421875,70.18701934814453,300.3699951171875,325.75,536.8499755859375,503.260009765625,1021.7000122070312,198.32081604003906,320.5199890136719,234.0
2025-11-18,181.3498992919922,492.8675537109375,267.44000244140625,284.2799987792969,597.6900024414062,401.25,340.5,220.49000549316406,101.38999938964844,895.0800170898438,146.99000549316406,70.72325134277344,299.4100036621094,321.17999267578125,527.5800170898438,504.3699951171875,1030.050048828125,198.73817443847656,313.5799865722656,233.8699951171875
2025-11-19,186.50961303710938,486.2099914550781,268.55999755859375,292.80999755859375,590.3200073242188,403.989990234375,354.4200134277344,225.52999877929688,100.61000061035156,890.5999755859375,146.99000549316406,70.61402130126953,303.2699890136719,324.1199951171875,530.3599853515625,501.260009765625,1049.5999755859375,201.23233032226562,309.0899963378906,232.91000366210938
2025-11-20,180.62994384765625,478.42999267578125,266.25,289.45001220703125,589.1500244140625,395.2300109863281,346.82000732421875,210.69000244140625,107.11000061035156,893.2899780273438,148.19000244140625,70.71332550048828,298.3800048828125,323.7699890136719,527.8800048828125,501.1199951171875,1043.2900390625,201.78880310058594,311.5400085449219,229.4499969482422
2025-11-21,178.8700408935547,472.1199951171875,271.489990234375,299.6600036621094,594.25,391.0899963378906,340.20001220703125,198.75999450683594,105.31999969482422,899.010009765625,150.9199981689453,72.4411849975586,298.0199890136719,327.9800109863281,540.4000244140625,504.0400085449219,1059.699951171875,202.61355590820312,319.9700012207031,236.27999877929688
2025-11-24,182.5398406982422,474.0,275.9200134277344,318.5799865722656,613.0499877929688,417.7799987792969,377.9599914550781,200.27999877929688,104.05999755859375,886.1199951171875,146.97999572753906,72.08369445800781,298.0,329.29998779296875,537.8499755859375,507.80999755859375,1070.1600341796875,204.75,319.04998779296875,229.50999450683594
2025-11-25,177.8101043701172,476.989990234375,276.9700012207031,323.44000244140625,636.219970703125,419.3999938964844,385.0299987792969,197.02999877929688,107.0,894.3300170898438,148.49000549316406,72.10356140136719,303.0,334.5299987792969,546.469970703125,508.57000732421875,1109.93994140625,206.6699981689453,326.2799987792969,231.8000030517578
2025-11-26,180.2499542236328,485.5,277.54998779296875,319.95001220703125,633.6099853515625,426.5799865722656,397.57000732421875,204.9600067138672,109.0999984741211,908.260009765625,148.25,72.37167358398438,307.6400146484375,333.7900085449219,544.9299926757812,511.2300109863281,1104.3399658203125,207.55999755859375,329.7099914550781,227.66000366210938
2025-11-28,176.99014282226562,492.010009765625,278.8500061035156,320.17999267578125,647.9500122070312,430.1700134277344,402.9599914550781,201.9499969482422,110.51000213623047,913.5900268554688,148.16000366210938,72.61000061035156,313.0799865722656,334.44000244140625,550.530029296875,513.8099975585938,1075.469970703125,206.9199981689453,329.7699890136719,227.6999969482422
2025-12-01,179.9099884033203,486.739990234375,283.1000061035156,314.8900146484375,640.8699951171875,430.1400146484375,386.0799865722656,200.94000244140625,111.52999877929688,911.9600219726562,147.44000244140625,71.94999694824219,308.9200134277344,330.3900146484375,543.969970703125,508.54998779296875,1057.8900146484375,205.33999633789062,323.2099914550781,225.11000061035156
2025-12-02,181.4499053955078,490.0,286.19000244140625,315.80999755859375,647.0999755859375,429.239990234375,381.57000732421875,201.10000610351562,112.41000366210938,922.030029296875,145.86000061035156,70.66999816894531,307.8800048828125,329.6199951171875,545.9099731445312,506.6499938964844,1046.1199951171875,205.4199981689453,324.5400085449219,224.3699951171875
2025-12-03,179.5800018310547,477.7300109863281,284.1499938964844,319.6300048828125,639.5999755859375,446.739990234375,380.6099853515625,207.72999572753906,114.41000366210938,922.260009765625,146.7100067138672,70.80999755859375,312.1300048828125,329.6099853515625,553.72998046875,503.6000061035156,1033.56005859375,205.3300018310547,339.7099914550781,230.24000549316406
2025-12-04,183.3800048828125,480.8399963378906,280.70001220703125,317.6199951171875,661.530029296875,454.5299987792969,381.0299987792969,214.3300018310547,114.83999633789062,895.8599853515625,145.36000061035156,70.44999694824219,316.1000061035156,327.1000061035156,542.3099975585938,503.2300109863281,1014.489990234375,202.47999572753906,333.489990234375,228.7100067138672
